image_width,image_height,filter_size,filter_type,version,device_name,block_width,block_height,repeat_count,estimated_operations,cpu_time_ms,cpu_min_time_ms,cpu_max_time_ms,cpu_stddev_time_ms,gpu_kernel_time_ms,gpu_kernel_min_time_ms,gpu_kernel_max_time_ms,gpu_kernel_stddev_time_ms,gpu_total_time_ms,gpu_total_min_time_ms,gpu_total_max_time_ms,gpu_total_stddev_time_ms,gpu_allocation_time_ms,gpu_host_to_device_time_ms,gpu_device_to_host_time_ms,gpu_free_time_ms,kernel_speedup,total_speedup,cpu_gflops,gpu_kernel_gflops,max_abs_error,mean_abs_error,passed
512,512,3,box,cuda_naive_global_memory,"NVIDIA GeForce GTX 1650 with Max-Q Design",8,8,5,4718592,3.378280,3.129600,3.830700,0.245543,0.080755,0.073728,0.102400,0.010906,3.454255,3.447228,3.475900,0.010906,0.938400,0.820100,0.978400,0.636600,41.833590,0.978005,1.396744,58.430812,0.000000,0.000000,true
512,512,3,box,cuda_shared_memory_tiled,"NVIDIA GeForce GTX 1650 with Max-Q Design",8,8,5,4718592,3.378280,3.129600,3.830700,0.245543,0.077978,0.073536,0.089728,0.005931,1.630078,1.625636,1.641828,0.005931,0.146500,0.606400,0.525500,0.273700,43.323723,2.072466,1.396744,60.512147,0.000000,0.000000,true
512,512,3,box,cuda_shared_constant_filter,"NVIDIA GeForce GTX 1650 with Max-Q Design",8,8,5,4718592,3.378280,3.129600,3.830700,0.245543,0.096275,0.069184,0.108448,0.014659,2.457775,2.430684,2.469948,0.014659,0.151000,0.756800,0.699900,0.753800,35.089826,1.374528,1.396744,49.011501,0.000000,0.000000,true
512,512,3,box,cuda_multi_output,"NVIDIA GeForce GTX 1650 with Max-Q Design",8,8,5,4718592,3.378280,3.129600,3.830700,0.245543,0.101990,0.086528,0.117024,0.012248,3.445790,3.430328,3.460824,0.012248,0.691800,1.513300,0.655400,0.483300,33.123510,0.980408,1.396744,46.265060,0.000000,0.000000,true
512,512,3,box,cuda_register_tiled,"NVIDIA GeForce GTX 1650 with Max-Q Design",8,8,5,4718592,3.378280,3.129600,3.830700,0.245543,0.078650,0.067424,0.097920,0.013220,1.962550,1.951324,1.981820,0.013220,0.181700,0.697200,0.530600,0.474400,42.953556,1.721373,1.396744,59.995118,0.000000,0.000000,true
512,512,3,box,cuda_separable,"NVIDIA GeForce GTX 1650 with Max-Q Design",8,8,5,3145728,3.378280,3.129600,3.830700,0.245543,0.095930,0.088032,0.106496,0.008018,3.403130,3.395232,3.413696,0.008018,0.502100,1.289000,0.927800,0.588300,35.216242,0.992698,0.931163,32.792047,0.000000,0.000000,true
512,512,3,box,cuda_naive_global_memory,"NVIDIA GeForce GTX 1650 with Max-Q Design",16,16,5,4718592,3.378280,3.129600,3.830700,0.245543,0.062803,0.061632,0.063936,0.000955,1.695703,1.694532,1.696836,0.000955,0.199000,0.624100,0.491300,0.318500,53.791527,1.992259,1.396744,75.132987,0.000000,0.000000,true
512,512,3,box,cuda_shared_memory_tiled,"NVIDIA GeForce GTX 1650 with Max-Q Design",16,16,5,4718592,3.378280,3.129600,3.830700,0.245543,0.082746,0.077184,0.094592,0.006268,2.431046,2.425484,2.442892,0.006268,0.237200,0.524400,0.614900,0.971800,40.827307,1.389641,1.396744,57.025292,0.000000,0.000000,true
512,512,3,box,cuda_shared_constant_filter,"NVIDIA GeForce GTX 1650 with Max-Q Design",16,16,5,4718592,3.378280,3.129600,3.830700,0.245543,0.072096,0.064512,0.096256,0.012185,2.023396,2.015812,2.047556,0.012185,0.594100,0.541900,0.479600,0.335700,46.858079,1.669609,1.396744,65.448736,0.000000,0.000000,true
512,512,3,box,cuda_multi_output,"NVIDIA GeForce GTX 1650 with Max-Q Design",16,16,5,4718592,3.378280,3.129600,3.830700,0.245543,0.053555,0.052864,0.054848,0.000691,1.662555,1.661864,1.663848,0.000691,0.156800,0.629800,0.528000,0.294400,63.080336,2.031981,1.396744,88.107075,0.000000,0.000000,true
512,512,3,box,cuda_register_tiled,"NVIDIA GeForce GTX 1650 with Max-Q Design",16,16,5,4718592,3.378280,3.129600,3.830700,0.245543,0.095046,0.084256,0.112736,0.010686,2.493846,2.483056,2.511536,0.010686,0.224300,0.665500,0.797400,0.711600,35.543482,1.354646,1.396744,49.645142,0.000000,0.000000,true
512,512,3,box,cuda_separable,"NVIDIA GeForce GTX 1650 with Max-Q Design",16,16,5,3145728,3.378280,3.129600,3.830700,0.245543,0.083763,0.078560,0.101728,0.008994,1.757863,1.752660,1.775828,0.008994,0.184900,0.571300,0.516900,0.401000,40.331315,1.921811,0.931163,37.555012,0.000000,0.000000,true
512,512,3,box,cuda_naive_global_memory,"NVIDIA GeForce GTX 1650 with Max-Q Design",32,8,5,4718592,3.378280,3.129600,3.830700,0.245543,0.067136,0.060896,0.076160,0.007215,1.568436,1.562196,1.577460,0.007215,0.153000,0.542800,0.552400,0.253100,50.319947,2.153916,1.396744,70.284079,0.000000,0.000000,true
512,512,3,box,cuda_shared_memory_tiled,"NVIDIA GeForce GTX 1650 with Max-Q Design",32,8,5,4718592,3.378280,3.129600,3.830700,0.245543,0.075392,0.069632,0.087712,0.006380,3.498392,3.492632,3.510712,0.006380,0.450400,0.784200,1.059200,1.129200,44.809529,0.965667,1.396744,62.587436,0.000000,0.000000,true
512,512,3,box,cuda_shared_constant_filter,"NVIDIA GeForce GTX 1650 with Max-Q Design",32,8,5,4718592,3.378280,3.129600,3.830700,0.245543,0.067936,0.063008,0.085600,0.008839,1.825136,1.820208,1.842800,0.008839,0.196600,0.607800,0.615200,0.337600,49.727389,1.850974,1.396744,69.456428,0.000000,0.000000,true
512,512,3,box,cuda_multi_output,"NVIDIA GeForce GTX 1650 with Max-Q Design",32,8,5,4718592,3.378280,3.129600,3.830700,0.245543,0.050675,0.049184,0.052544,0.001148,1.767175,1.765684,1.769044,0.001148,0.198900,0.552700,0.517700,0.447200,66.665351,1.911684,1.396744,93.114423,0.000000,0.000000,true
512,512,3,box,cuda_register_tiled,"NVIDIA GeForce GTX 1650 with Max-Q Design",32,8,5,4718592,3.378280,3.129600,3.830700,0.245543,0.059610,0.049152,0.071712,0.008004,3.252410,3.241952,3.264512,0.008004,0.552300,0.661900,1.116100,0.862500,56.673421,1.038701,1.396744,79.158255,0.000000,0.000000,true
512,512,3,box,cuda_separable,"NVIDIA GeForce GTX 1650 with Max-Q Design",32,8,5,3145728,3.378280,3.129600,3.830700,0.245543,0.075411,0.074112,0.075776,0.000651,1.727011,1.725712,1.727376,0.000651,0.159500,0.650800,0.530400,0.310900,44.798119,1.956142,0.931163,41.714333,0.000000,0.000000,true
512,512,3,box,cuda_naive_global_memory,"NVIDIA GeForce GTX 1650 with Max-Q Design",32,16,5,4718592,3.378280,3.129600,3.830700,0.245543,0.081382,0.066016,0.091360,0.008411,1.985182,1.969816,1.995160,0.008411,0.191100,0.524500,0.572900,0.615300,41.511186,1.701748,1.396744,57.980496,0.000000,0.000000,true
512,512,3,box,cuda_shared_memory_tiled,"NVIDIA GeForce GTX 1650 with Max-Q Design",32,16,5,4718592,3.378280,3.129600,3.830700,0.245543,0.077517,0.076064,0.080320,0.001545,3.016617,3.015164,3.019420,0.001545,0.356500,1.487500,0.656200,0.438900,43.581263,1.119890,1.396744,60.871864,0.000000,0.000000,true
512,512,3,box,cuda_shared_constant_filter,"NVIDIA GeForce GTX 1650 with Max-Q Design",32,16,5,4718592,3.378280,3.129600,3.830700,0.245543,0.068147,0.067360,0.069664,0.000791,1.578847,1.578060,1.580364,0.000791,0.160400,0.550000,0.496200,0.304100,49.573276,2.139713,1.396744,69.241172,0.000000,0.000000,true
512,512,3,box,cuda_multi_output,"NVIDIA GeForce GTX 1650 with Max-Q Design",32,16,5,4718592,3.378280,3.129600,3.830700,0.245543,0.061722,0.055040,0.072864,0.006816,2.093922,2.087240,2.105064,0.006816,0.142500,0.774300,0.604400,0.511000,54.734161,1.613375,1.396744,76.449605,0.000000,0.000000,true
512,512,3,box,cuda_register_tiled,"NVIDIA GeForce GTX 1650 with Max-Q Design",32,16,5,4718592,3.378280,3.129600,3.830700,0.245543,0.051962,0.047104,0.064800,0.006827,3.387862,3.383004,3.400700,0.006827,0.264300,0.786900,1.331400,0.953300,65.014934,0.997172,1.396744,90.809213,0.000000,0.000000,true
512,512,3,box,cuda_separable,"NVIDIA GeForce GTX 1650 with Max-Q Design",32,16,5,3145728,3.378280,3.129600,3.830700,0.245543,0.082829,0.081312,0.084288,0.001087,1.677929,1.676412,1.679388,0.001087,0.198300,0.521900,0.506000,0.368900,40.786296,2.013363,0.931163,37.978674,0.000000,0.000000,true
512,512,3,gaussian,cuda_naive_global_memory,"NVIDIA GeForce GTX 1650 with Max-Q Design",8,8,5,4718592,3.480680,3.268100,3.937800,0.246262,0.084736,0.073888,0.092640,0.008860,2.135636,2.124788,2.143540,0.008860,0.305900,0.723900,0.549700,0.471400,41.076757,1.629810,1.355652,55.685802,0.000000,0.000000,true
512,512,3,gaussian,cuda_shared_memory_tiled,"NVIDIA GeForce GTX 1650 with Max-Q Design",8,8,5,4718592,3.480680,3.268100,3.937800,0.246262,0.074458,0.071680,0.076096,0.001779,3.094458,3.091680,3.096096,0.001779,0.255400,0.821600,1.013400,0.929600,46.747142,1.124811,1.355652,63.372873,0.000000,0.000000,true
512,512,3,gaussian,cuda_shared_constant_filter,"NVIDIA GeForce GTX 1650 with Max-Q Design",8,8,5,4718592,3.480680,3.268100,3.937800,0.246262,0.066598,0.065632,0.067584,0.000647,1.661898,1.660932,1.662884,0.000647,0.185700,0.581700,0.536300,0.291600,52.263718,2.094400,1.355652,70.851431,0.000000,0.000000,true
512,512,3,gaussian,cuda_multi_output,"NVIDIA GeForce GTX 1650 with Max-Q Design",8,8,5,4718592,3.480680,3.268100,3.937800,0.246262,0.074861,0.071552,0.083968,0.004647,1.650761,1.647452,1.659868,0.004647,0.172600,0.493500,0.556800,0.353000,46.495362,2.108531,1.355652,63.031546,0.000000,0.000000,true
512,512,3,gaussian,cuda_register_tiled,"NVIDIA GeForce GTX 1650 with Max-Q Design",8,8,5,4718592,3.480680,3.268100,3.937800,0.246262,0.067270,0.066816,0.067744,0.000363,4.102870,4.102416,4.103344,0.000363,1.329500,1.724300,0.655900,0.325900,51.741627,0.848352,1.355652,70.143658,0.000000,0.000000,true
512,512,3,gaussian,cuda_separable,"NVIDIA GeForce GTX 1650 with Max-Q Design",8,8,5,3145728,3.480680,3.268100,3.937800,0.246262,0.082387,0.081600,0.083968,0.000825,1.678387,1.677600,1.679968,0.000825,0.264700,0.452700,0.580100,0.298500,42.247825,2.073824,0.903768,38.182242,0.000000,0.000000,true
512,512,3,gaussian,cuda_naive_global_memory,"NVIDIA GeForce GTX 1650 with Max-Q Design",16,16,5,4718592,3.480680,3.268100,3.937800,0.246262,0.064909,0.063840,0.066720,0.000993,1.928509,1.927440,1.930320,0.000993,0.240200,0.506000,0.597700,0.519700,53.624161,1.804856,1.355652,72.695720,0.000000,0.000000,true
512,512,3,gaussian,cuda_shared_memory_tiled,"NVIDIA GeForce GTX 1650 with Max-Q Design",16,16,5,4718592,3.480680,3.268100,3.937800,0.246262,0.076691,0.072000,0.090112,0.006747,3.172491,3.167800,3.185912,0.006747,0.823200,1.386600,0.527000,0.359000,45.385651,1.097144,1.355652,61.527164,0.000000,0.000000,true
512,512,3,gaussian,cuda_shared_constant_filter,"NVIDIA GeForce GTX 1650 with Max-Q Design",16,16,5,4718592,3.480680,3.268100,3.937800,0.246262,0.065568,0.064384,0.066592,0.000703,1.620368,1.619184,1.621392,0.000703,0.140900,0.629600,0.536000,0.248300,53.085041,2.148080,1.355652,71.964861,0.000000,0.000000,true
512,512,3,gaussian,cuda_multi_output,"NVIDIA GeForce GTX 1650 with Max-Q Design",16,16,5,4718592,3.480680,3.268100,3.937800,0.246262,0.106035,0.091552,0.133792,0.014817,3.698435,3.683952,3.726192,0.014817,0.306800,0.908600,1.353500,1.023500,32.825704,0.941122,1.355652,44.500242,0.000000,0.000000,true
512,512,3,gaussian,cuda_register_tiled,"NVIDIA GeForce GTX 1650 with Max-Q Design",16,16,5,4718592,3.480680,3.268100,3.937800,0.246262,0.047578,0.045088,0.050656,0.001803,1.554578,1.552088,1.557656,0.001803,0.181400,0.506700,0.577500,0.241400,73.157956,2.238988,1.355652,99.176755,0.000000,0.000000,true
512,512,3,gaussian,cuda_separable,"NVIDIA GeForce GTX 1650 with Max-Q Design",16,16,5,3145728,3.480680,3.268100,3.937800,0.246262,0.080058,0.079488,0.081376,0.000673,1.548158,1.547588,1.549476,0.000673,0.190300,0.466600,0.509700,0.301500,43.477196,2.248272,0.903768,39.293309,0.000000,0.000000,true
512,512,3,gaussian,cuda_naive_global_memory,"NVIDIA GeForce GTX 1650 with Max-Q Design",32,8,5,4718592,3.480680,3.268100,3.937800,0.246262,0.070445,0.065536,0.083968,0.006928,3.096645,3.091736,3.110168,0.006928,0.304300,0.718700,1.034400,0.968800,49.410035,1.124017,1.355652,66.982829,0.000000,0.000000,true
512,512,3,gaussian,cuda_shared_memory_tiled,"NVIDIA GeForce GTX 1650 with Max-Q Design",32,8,5,4718592,3.480680,3.268100,3.937800,0.246262,0.074323,0.068544,0.092608,0.009199,1.589323,1.583544,1.607608,0.009199,0.184800,0.537600,0.539700,0.252900,46.831676,2.190039,1.355652,63.487471,0.000000,0.000000,true
512,512,3,gaussian,cuda_shared_constant_filter,"NVIDIA GeForce GTX 1650 with Max-Q Design",32,8,5,4718592,3.480680,3.268100,3.937800,0.246262,0.062630,0.061760,0.063840,0.000751,1.413030,1.412160,1.414240,0.000751,0.157100,0.449700,0.490500,0.253100,55.574927,2.463273,1.355652,75.340280,0.000000,0.000000,true
512,512,3,gaussian,cuda_multi_output,"NVIDIA GeForce GTX 1650 with Max-Q Design",32,8,5,4718592,3.480680,3.268100,3.937800,0.246262,0.053158,0.051168,0.057248,0.002217,3.264058,3.262068,3.268148,0.002217,0.632000,0.580400,1.067800,0.930700,65.477517,1.066366,1.355652,88.764749,0.000000,0.000000,true
512,512,3,gaussian,cuda_register_tiled,"NVIDIA GeForce GTX 1650 with Max-Q Design",32,8,5,4718592,3.480680,3.268100,3.937800,0.246262,0.062080,0.045088,0.081248,0.015336,1.690580,1.673588,1.709748,0.015336,0.210600,0.593600,0.543000,0.281300,56.067654,2.058867,1.355652,76.008247,0.000000,0.000000,true
512,512,3,gaussian,cuda_separable,"NVIDIA GeForce GTX 1650 with Max-Q Design",32,8,5,3145728,3.480680,3.268100,3.937800,0.246262,0.075104,0.073792,0.075808,0.000738,1.516404,1.515092,1.517108,0.000738,0.194900,0.442900,0.482400,0.321100,46.344801,2.295351,0.903768,41.884959,0.000000,0.000000,true
512,512,3,gaussian,cuda_naive_global_memory,"NVIDIA GeForce GTX 1650 with Max-Q Design",32,16,5,4718592,3.480680,3.268100,3.937800,0.246262,0.093254,0.068480,0.156448,0.032645,3.126954,3.102180,3.190148,0.032645,0.283600,0.911600,0.995800,0.842700,37.324566,1.113121,1.355652,50.599135,0.000000,0.000000,true
512,512,3,gaussian,cuda_shared_memory_tiled,"NVIDIA GeForce GTX 1650 with Max-Q Design",32,16,5,4718592,3.480680,3.268100,3.937800,0.246262,0.073536,0.072448,0.074464,0.000655,1.423036,1.421948,1.423964,0.000655,0.198200,0.438700,0.484600,0.228000,47.333006,2.445954,1.355652,64.167101,0.000000,0.000000,true
512,512,3,gaussian,cuda_shared_constant_filter,"NVIDIA GeForce GTX 1650 with Max-Q Design",32,16,5,4718592,3.480680,3.268100,3.937800,0.246262,0.067622,0.066272,0.068928,0.000842,1.463922,1.462572,1.465228,0.000842,0.145500,0.471500,0.513900,0.265400,51.472293,2.377640,1.355652,69.778534,0.000000,0.000000,true
512,512,3,gaussian,cuda_multi_output,"NVIDIA GeForce GTX 1650 with Max-Q Design",32,16,5,4718592,3.480680,3.268100,3.937800,0.246262,0.056768,0.053248,0.062752,0.003740,2.286368,2.282848,2.292352,0.003740,0.295800,0.545500,0.579000,0.809300,61.314120,1.522362,1.355652,83.120631,0.000000,0.000000,true
512,512,3,gaussian,cuda_register_tiled,"NVIDIA GeForce GTX 1650 with Max-Q Design",32,16,5,4718592,3.480680,3.268100,3.937800,0.246262,0.049600,0.045504,0.065504,0.007953,1.690000,1.685904,1.705904,0.007953,0.401200,0.465200,0.514100,0.259900,70.175000,2.059574,1.355652,95.132903,0.000000,0.000000,true
512,512,3,gaussian,cuda_separable,"NVIDIA GeForce GTX 1650 with Max-Q Design",32,16,5,3145728,3.480680,3.268100,3.937800,0.246262,0.082829,0.082464,0.083776,0.000487,1.414729,1.414364,1.415676,0.000487,0.159400,0.454300,0.483100,0.235100,42.022581,2.460316,0.903768,37.978674,0.000000,0.000000,true
512,512,3,sharpen,cuda_naive_global_memory,"NVIDIA GeForce GTX 1650 with Max-Q Design",8,8,5,4718592,3.431660,3.182600,3.733000,0.181368,0.074246,0.072224,0.075744,0.001287,1.925446,1.923424,1.926944,0.001287,0.236300,0.611400,0.515900,0.487600,46.219884,1.782267,1.375017,63.553141,0.000001,0.000000,true
512,512,3,sharpen,cuda_shared_memory_tiled,"NVIDIA GeForce GTX 1650 with Max-Q Design",8,8,5,4718592,3.431660,3.182600,3.733000,0.181368,0.077043,0.075744,0.079072,0.001518,2.316443,2.315144,2.318472,0.001518,0.233800,0.611200,0.664800,0.729600,44.542023,1.481435,1.375017,61.246053,0.000001,0.000000,true
512,512,3,sharpen,cuda_shared_constant_filter,"NVIDIA GeForce GTX 1650 with Max-Q Design",8,8,5,4718592,3.431660,3.182600,3.733000,0.181368,0.066528,0.065536,0.068800,0.001216,2.806328,2.805336,2.808600,0.001216,0.643100,1.251600,0.573100,0.272000,51.582190,1.222829,1.375017,70.926405,0.000001,0.000000,true
512,512,3,sharpen,cuda_multi_output,"NVIDIA GeForce GTX 1650 with Max-Q Design",8,8,5,4718592,3.431660,3.182600,3.733000,0.181368,0.071674,0.071264,0.072160,0.000290,1.722174,1.721764,1.722660,0.000290,0.162300,0.623600,0.540600,0.324000,47.878996,1.992633,1.375017,65.834449,0.000001,0.000000,true
512,512,3,sharpen,cuda_register_tiled,"NVIDIA GeForce GTX 1650 with Max-Q Design",8,8,5,4718592,3.431660,3.182600,3.733000,0.181368,0.068627,0.067488,0.070528,0.001093,2.012927,2.011788,2.014828,0.001093,0.210200,0.559000,0.723300,0.451800,50.004372,1.704811,1.375017,68.756878,0.000001,0.000000,true
512,512,3,sharpen,cuda_naive_global_memory,"NVIDIA GeForce GTX 1650 with Max-Q Design",16,16,5,4718592,3.431660,3.182600,3.733000,0.181368,0.063565,0.062272,0.064928,0.000841,2.771665,2.770372,2.773028,0.000841,0.798000,1.015500,0.521400,0.373200,53.986797,1.238122,1.375017,74.232782,0.000001,0.000000,true
512,512,3,sharpen,cuda_shared_memory_tiled,"NVIDIA GeForce GTX 1650 with Max-Q Design",16,16,5,4718592,3.431660,3.182600,3.733000,0.181368,0.073888,0.073120,0.074624,0.000492,1.641488,1.640720,1.642224,0.000492,0.128500,0.589400,0.511900,0.337800,46.444077,2.090579,1.375017,63.861411,0.000001,0.000000,true
512,512,3,sharpen,cuda_shared_constant_filter,"NVIDIA GeForce GTX 1650 with Max-Q Design",16,16,5,4718592,3.431660,3.182600,3.733000,0.181368,0.065798,0.065088,0.067360,0.000807,3.013398,3.012688,3.014960,0.000807,0.502400,0.893700,0.703300,0.848200,52.154157,1.138801,1.375017,71.712870,0.000001,0.000000,true
512,512,3,sharpen,cuda_multi_output,"NVIDIA GeForce GTX 1650 with Max-Q Design",16,16,5,4718592,3.431660,3.182600,3.733000,0.181368,0.053024,0.051200,0.055296,0.001327,1.492124,1.490300,1.494396,0.001327,0.215500,0.503200,0.484100,0.236300,64.718995,2.299849,1.375017,88.989741,0.000001,0.000000,true
512,512,3,sharpen,cuda_register_tiled,"NVIDIA GeForce GTX 1650 with Max-Q Design",16,16,5,4718592,3.431660,3.182600,3.733000,0.181368,0.046400,0.045184,0.048512,0.001236,1.531700,1.530484,1.533812,0.001236,0.212400,0.469900,0.472200,0.330800,73.958188,2.240426,1.375017,101.693791,0.000001,0.000000,true
512,512,3,sharpen,cuda_naive_global_memory,"NVIDIA GeForce GTX 1650 with Max-Q Design",32,8,5,4718592,3.431660,3.182600,3.733000,0.181368,0.094874,0.086688,0.104448,0.007175,2.344374,2.336188,2.353948,0.007175,0.363400,0.648300,0.612500,0.625300,36.170863,1.463785,1.375017,49.735564,0.000001,0.000000,true
512,512,3,sharpen,cuda_shared_memory_tiled,"NVIDIA GeForce GTX 1650 with Max-Q Design",32,8,5,4718592,3.431660,3.182600,3.733000,0.181368,0.070515,0.068192,0.074336,0.002289,3.174615,3.172292,3.178436,0.002289,0.388100,0.988800,0.542500,1.184700,48.665536,1.080969,1.375017,66.915955,0.000001,0.000000,true
512,512,3,sharpen,cuda_shared_constant_filter,"NVIDIA GeForce GTX 1650 with Max-Q Design",32,8,5,4718592,3.431660,3.182600,3.733000,0.181368,0.069146,0.062720,0.081472,0.006499,1.849946,1.843520,1.862272,0.006499,0.212100,0.468400,0.575700,0.524600,49.629478,1.855006,1.375017,68.241393,0.000001,0.000000,true
512,512,3,sharpen,cuda_multi_output,"NVIDIA GeForce GTX 1650 with Max-Q Design",32,8,5,4718592,3.431660,3.182600,3.733000,0.181368,0.051174,0.049696,0.055296,0.002160,4.183374,4.181896,4.187496,0.002160,1.126000,1.971300,0.488900,0.546000,67.058139,0.820309,1.375017,92.206104,0.000001,0.000000,true
512,512,3,sharpen,cuda_register_tiled,"NVIDIA GeForce GTX 1650 with Max-Q Design",32,8,5,4718592,3.431660,3.182600,3.733000,0.181368,0.045062,0.044704,0.045504,0.000256,1.625862,1.625504,1.626304,0.000256,0.166400,0.618500,0.525200,0.270700,76.153511,2.110671,1.375017,104.712398,0.000001,0.000000,true
512,512,3,sharpen,cuda_naive_global_memory,"NVIDIA GeForce GTX 1650 with Max-Q Design",32,16,5,4718592,3.431660,3.182600,3.733000,0.181368,0.107840,0.093376,0.130880,0.015966,2.280440,2.265976,2.303480,0.015966,0.208200,0.628600,0.804400,0.531400,31.821773,1.504824,1.375017,43.755490,0.000001,0.000000,true
512,512,3,sharpen,cuda_shared_memory_tiled,"NVIDIA GeForce GTX 1650 with Max-Q Design",32,16,5,4718592,3.431660,3.182600,3.733000,0.181368,0.086086,0.073568,0.104000,0.011414,3.297086,3.284568,3.315000,0.011414,0.818200,1.523300,0.501500,0.368000,39.862974,1.040816,1.375017,54.812281,0.000001,0.000000,true
512,512,3,sharpen,cuda_shared_constant_filter,"NVIDIA GeForce GTX 1650 with Max-Q Design",32,16,5,4718592,3.431660,3.182600,3.733000,0.181368,0.067117,0.066336,0.067712,0.000542,1.557117,1.556336,1.557712,0.000542,0.166000,0.487100,0.485500,0.351400,51.129672,2.203855,1.375017,70.304186,0.000001,0.000000,true
512,512,3,sharpen,cuda_multi_output,"NVIDIA GeForce GTX 1650 with Max-Q Design",32,16,5,4718592,3.431660,3.182600,3.733000,0.181368,0.058342,0.052704,0.070304,0.006681,2.297842,2.292204,2.309804,0.006681,0.410500,0.753800,0.497400,0.577800,58.819315,1.493427,1.375017,80.877579,0.000001,0.000000,true
512,512,3,sharpen,cuda_register_tiled,"NVIDIA GeForce GTX 1650 with Max-Q Design",32,16,5,4718592,3.431660,3.182600,3.733000,0.181368,0.053242,0.046560,0.063488,0.007565,1.965642,1.958960,1.975888,0.007565,0.464600,0.692300,0.517300,0.238200,64.454487,1.745822,1.375017,88.626037,0.000001,0.000000,true
512,512,3,sobel,cuda_naive_global_memory,"NVIDIA GeForce GTX 1650 with Max-Q Design",8,8,5,4718592,3.430560,3.176200,3.887400,0.254549,0.074496,0.073664,0.075776,0.000754,2.148096,2.147264,2.149376,0.000754,0.541700,0.615700,0.535400,0.380800,46.050258,1.597024,1.375458,63.340207,0.000000,0.000000,true
512,512,3,sobel,cuda_shared_memory_tiled,"NVIDIA GeForce GTX 1650 with Max-Q Design",8,8,5,4718592,3.430560,3.176200,3.887400,0.254549,0.073574,0.072384,0.075072,0.000888,1.506474,1.505284,1.507972,0.000888,0.230300,0.410500,0.505200,0.286900,46.627088,2.277211,1.375458,64.133612,0.000000,0.000000,true
512,512,3,sobel,cuda_shared_constant_filter,"NVIDIA GeForce GTX 1650 with Max-Q Design",8,8,5,4718592,3.430560,3.176200,3.887400,0.254549,0.069370,0.065536,0.077280,0.004169,2.115470,2.111636,2.123380,0.004169,0.300300,0.530200,0.584700,0.630900,49.453362,1.621654,1.375458,68.021034,0.000000,0.000000,true
512,512,3,sobel,cuda_multi_output,"NVIDIA GeForce GTX 1650 with Max-Q Design",8,8,5,4718592,3.430560,3.176200,3.887400,0.254549,0.074630,0.070560,0.088096,0.006766,2.115030,2.110960,2.128496,0.006766,0.516200,0.699900,0.533100,0.291200,45.967327,1.621991,1.375458,63.226138,0.000000,0.000000,true
512,512,3,sobel,cuda_register_tiled,"NVIDIA GeForce GTX 1650 with Max-Q Design",8,8,5,4718592,3.430560,3.176200,3.887400,0.254549,0.071014,0.065568,0.088704,0.008861,1.616814,1.611368,1.634504,0.008861,0.150900,0.608700,0.516400,0.269800,48.307949,2.121802,1.375458,66.445566,0.000000,0.000000,true
512,512,3,sobel,cuda_naive_global_memory,"NVIDIA GeForce GTX 1650 with Max-Q Design",16,16,5,4718592,3.430560,3.176200,3.887400,0.254549,0.066560,0.064416,0.068576,0.001548,2.686760,2.684616,2.688776,0.001548,0.374000,0.774300,0.552700,0.919200,51.540866,1.276839,1.375458,70.892309,0.000000,0.000000,true
512,512,3,sobel,cuda_shared_memory_tiled,"NVIDIA GeForce GTX 1650 with Max-Q Design",16,16,5,4718592,3.430560,3.176200,3.887400,0.254549,0.072947,0.071680,0.073728,0.000687,1.540047,1.538780,1.540828,0.000687,0.208000,0.451100,0.511700,0.296300,47.027988,2.227568,1.375458,64.685033,0.000000,0.000000,true
512,512,3,sobel,cuda_shared_constant_filter,"NVIDIA GeForce GTX 1650 with Max-Q Design",16,16,5,4718592,3.430560,3.176200,3.887400,0.254549,0.066029,0.064608,0.067584,0.001007,1.599929,1.598508,1.601484,0.001007,0.163200,0.558100,0.533000,0.279600,51.955510,2.144195,1.375458,71.462634,0.000000,0.000000,true
512,512,3,sobel,cuda_multi_output,"NVIDIA GeForce GTX 1650 with Max-Q Design",16,16,5,4718592,3.430560,3.176200,3.887400,0.254549,0.079430,0.073536,0.085696,0.003863,3.393230,3.387336,3.399496,0.003863,0.247900,0.663700,0.947000,1.455200,43.189510,1.011001,1.375458,59.405367,0.000000,0.000000,true
512,512,3,sobel,cuda_register_tiled,"NVIDIA GeForce GTX 1650 with Max-Q Design",16,16,5,4718592,3.430560,3.176200,3.887400,0.254549,0.052755,0.047488,0.069632,0.008500,1.547855,1.542588,1.564732,0.008500,0.304000,0.424500,0.486900,0.279700,65.027902,2.216331,1.375458,89.443164,0.000000,0.000000,true
512,512,3,sobel,cuda_naive_global_memory,"NVIDIA GeForce GTX 1650 with Max-Q Design",32,8,5,4718592,3.430560,3.176200,3.887400,0.254549,0.061549,0.060960,0.062752,0.000632,1.435249,1.434660,1.436452,0.000632,0.187300,0.446400,0.489100,0.250900,55.737237,2.390220,1.375458,76.664241,0.000000,0.000000,true
512,512,3,sobel,cuda_shared_memory_tiled,"NVIDIA GeForce GTX 1650 with Max-Q Design",32,8,5,4718592,3.430560,3.176200,3.887400,0.254549,0.069210,0.068064,0.070016,0.000646,2.192110,2.190964,2.192916,0.000646,0.379300,0.631400,0.559100,0.553100,49.567691,1.564958,1.375458,68.178289,0.000000,0.000000,true
512,512,3,sobel,cuda_shared_constant_filter,"NVIDIA GeForce GTX 1650 with Max-Q Design",32,8,5,4718592,3.430560,3.176200,3.887400,0.254549,0.063040,0.061824,0.063520,0.000631,1.612940,1.611724,1.613420,0.000631,0.320000,0.449700,0.484100,0.296100,54.418782,2.126899,1.375458,74.850761,0.000000,0.000000,true
512,512,3,sobel,cuda_multi_output,"NVIDIA GeForce GTX 1650 with Max-Q Design",32,8,5,4718592,3.430560,3.176200,3.887400,0.254549,0.055674,0.053248,0.065344,0.004835,1.624974,1.622548,1.634644,0.004835,0.240900,0.448100,0.587500,0.292800,61.619152,2.111148,1.375458,84.754571,0.000000,0.000000,true
512,512,3,sobel,cuda_register_tiled,"NVIDIA GeForce GTX 1650 with Max-Q Design",32,8,5,4718592,3.430560,3.176200,3.887400,0.254549,0.047162,0.045504,0.050432,0.001748,1.971662,1.970004,1.974932,0.001748,0.209900,0.516700,0.506200,0.691700,72.740535,1.739933,1.375458,100.051567,0.000000,0.000000,true
512,512,3,sobel,cuda_naive_global_memory,"NVIDIA GeForce GTX 1650 with Max-Q Design",32,16,5,4718592,3.430560,3.176200,3.887400,0.254549,0.067802,0.066976,0.069600,0.000933,3.441402,3.440576,3.443200,0.000933,1.113400,1.419900,0.499400,0.340900,50.597036,0.996850,1.375458,69.594109,0.000000,0.000000,true
512,512,3,sobel,cuda_shared_memory_tiled,"NVIDIA GeForce GTX 1650 with Max-Q Design",32,16,5,4718592,3.430560,3.176200,3.887400,0.254549,0.081229,0.072064,0.114592,0.016690,1.604129,1.594964,1.637492,0.016690,0.161600,0.591600,0.513500,0.256200,42.233297,2.138581,1.375458,58.090135,0.000000,0.000000,true
512,512,3,sobel,cuda_shared_constant_filter,"NVIDIA GeForce GTX 1650 with Max-Q Design",32,16,5,4718592,3.430560,3.176200,3.887400,0.254549,0.071494,0.068160,0.075264,0.002787,2.002694,1.999360,2.006464,0.002787,0.295600,0.541600,0.699400,0.394600,47.983618,1.712972,1.375458,65.999462,0.000000,0.000000,true
512,512,3,sobel,cuda_multi_output,"NVIDIA GeForce GTX 1650 with Max-Q Design",32,16,5,4718592,3.430560,3.176200,3.887400,0.254549,0.057933,0.053248,0.075264,0.008675,2.520733,2.516048,2.538064,0.008675,0.658600,1.020500,0.529600,0.254100,59.216195,1.360938,1.375458,81.449403,0.000000,0.000000,true
512,512,3,sobel,cuda_register_tiled,"NVIDIA GeForce GTX 1650 with Max-Q Design",32,16,5,4718592,3.430560,3.176200,3.887400,0.254549,0.049773,0.045376,0.061472,0.005938,1.529373,1.524976,1.541072,0.005938,0.142100,0.553800,0.528300,0.255400,68.924393,2.243116,1.375458,94.802624,0.000000,0.000000,true
512,512,5,box,cuda_naive_global_memory,"NVIDIA GeForce GTX 1650 with Max-Q Design",8,8,5,13107200,7.650560,6.773700,8.013900,0.448485,0.170586,0.167936,0.172352,0.001593,2.087286,2.084636,2.089052,0.001593,0.253800,0.637200,0.531000,0.494700,44.848803,3.665315,1.713234,76.836498,0.000000,0.000000,true
512,512,5,box,cuda_shared_memory_tiled,"NVIDIA GeForce GTX 1650 with Max-Q Design",8,8,5,13107200,7.650560,6.773700,8.013900,0.448485,0.130925,0.129056,0.134656,0.002066,2.803025,2.801156,2.806756,0.002066,0.253100,0.717700,1.043900,0.657400,58.434764,2.729394,1.713234,100.112429,0.000000,0.000000,true
512,512,5,box,cuda_shared_constant_filter,"NVIDIA GeForce GTX 1650 with Max-Q Design",8,8,5,13107200,7.650560,6.773700,8.013900,0.448485,0.100531,0.099040,0.101952,0.000948,1.721331,1.719840,1.722752,0.000948,0.217500,0.549400,0.515400,0.338500,76.101350,4.444560,1.713234,130.379425,0.000000,0.000000,true
512,512,5,box,cuda_multi_output,"NVIDIA GeForce GTX 1650 with Max-Q Design",8,8,5,13107200,7.650560,6.773700,8.013900,0.448485,0.191104,0.171136,0.200704,0.010819,2.177504,2.157536,2.187104,0.010819,0.140700,0.598700,0.736500,0.510500,40.033490,3.513454,1.713234,68.586739,0.000000,0.000000,true
512,512,5,box,cuda_register_tiled,"NVIDIA GeForce GTX 1650 with Max-Q Design",8,8,5,13107200,7.650560,6.773700,8.013900,0.448485,0.154618,0.152448,0.159104,0.002347,2.966618,2.964448,2.971104,0.002347,0.644600,1.278600,0.565100,0.323700,49.480524,2.578883,1.713234,84.771720,0.000000,0.000000,true
512,512,5,box,cuda_separable,"NVIDIA GeForce GTX 1650 with Max-Q Design",8,8,5,5242880,7.650560,6.773700,8.013900,0.448485,0.094035,0.093120,0.094528,0.000478,1.656835,1.655920,1.657328,0.000478,0.152300,0.560900,0.523100,0.326500,81.358469,4.617575,0.685294,55.754440,0.000000,0.000000,true
512,512,5,box,cuda_naive_global_memory,"NVIDIA GeForce GTX 1650 with Max-Q Design",16,16,5,13107200,7.650560,6.773700,8.013900,0.448485,0.115802,0.112640,0.118368,0.001964,3.488302,3.485140,3.490868,0.001964,0.326100,0.994600,1.097800,0.954000,66.066099,2.193205,1.713234,113.186691,0.000000,0.000000,true
512,512,5,box,cuda_shared_memory_tiled,"NVIDIA GeForce GTX 1650 with Max-Q Design",16,16,5,13107200,7.650560,6.773700,8.013900,0.448485,0.119853,0.118816,0.120832,0.000704,1.688953,1.687916,1.689932,0.000704,0.180500,0.621000,0.488000,0.279600,63.832968,4.529765,1.713234,109.360815,0.000000,0.000000,true
512,512,5,box,cuda_shared_constant_filter,"NVIDIA GeForce GTX 1650 with Max-Q Design",16,16,5,13107200,7.650560,6.773700,8.013900,0.448485,0.099226,0.098336,0.100352,0.000848,1.734626,1.733736,1.735752,0.000848,0.151500,0.522200,0.561600,0.400100,77.102683,4.410496,1.713234,132.094943,0.000000,0.000000,true
512,512,5,box,cuda_multi_output,"NVIDIA GeForce GTX 1650 with Max-Q Design",16,16,5,13107200,7.650560,6.773700,8.013900,0.448485,0.112973,0.108640,0.120768,0.004149,3.276573,3.272240,3.284368,0.004149,0.527200,0.739400,1.198500,0.698500,67.720371,2.334928,1.713234,116.020847,0.000000,0.000000,true
512,512,5,box,cuda_register_tiled,"NVIDIA GeForce GTX 1650 with Max-Q Design",16,16,5,13107200,7.650560,6.773700,8.013900,0.448485,0.092102,0.091136,0.093504,0.000901,1.680002,1.679036,1.681404,0.000901,0.161300,0.630200,0.535600,0.260800,83.065805,4.553898,1.713234,142.311168,0.000000,0.000000,true
512,512,5,box,cuda_separable,"NVIDIA GeForce GTX 1650 with Max-Q Design",16,16,5,5242880,7.650560,6.773700,8.013900,0.448485,0.084915,0.076288,0.094368,0.007775,1.787815,1.779188,1.797268,0.007775,0.178600,0.531700,0.564100,0.428500,90.096473,4.279279,0.685294,61.742539,0.000000,0.000000,true
512,512,5,box,cuda_naive_global_memory,"NVIDIA GeForce GTX 1650 with Max-Q Design",32,8,5,13107200,7.650560,6.773700,8.013900,0.448485,0.100563,0.098528,0.102368,0.001273,2.890163,2.888128,2.891968,0.001273,0.369300,1.162800,0.856700,0.400800,76.077135,2.647103,1.713234,130.337939,0.000000,0.000000,true
512,512,5,box,cuda_shared_memory_tiled,"NVIDIA GeForce GTX 1650 with Max-Q Design",32,8,5,13107200,7.650560,6.773700,8.013900,0.448485,0.108589,0.104128,0.125824,0.008618,1.697089,1.692628,1.714324,0.008618,0.189200,0.604700,0.518400,0.276200,70.454412,4.508049,1.713234,120.704898,0.000000,0.000000,true
512,512,5,box,cuda_shared_constant_filter,"NVIDIA GeForce GTX 1650 with Max-Q Design",32,8,5,13107200,7.650560,6.773700,8.013900,0.448485,0.123584,0.090112,0.165920,0.029519,2.379284,2.345812,2.421620,0.029519,0.215200,0.616000,0.623700,0.800800,61.905748,3.215488,1.713234,106.059036,0.000000,0.000000,true
512,512,5,box,cuda_multi_output,"NVIDIA GeForce GTX 1650 with Max-Q Design",32,8,5,13107200,7.650560,6.773700,8.013900,0.448485,0.109062,0.103936,0.126848,0.008910,3.051162,3.046036,3.068948,0.008910,0.914400,1.142500,0.545300,0.339900,70.148466,2.507425,1.713234,120.180742,0.000000,0.000000,true
512,512,5,box,cuda_register_tiled,"NVIDIA GeForce GTX 1650 with Max-Q Design",32,8,5,13107200,7.650560,6.773700,8.013900,0.448485,0.094157,0.089760,0.110624,0.008237,1.685457,1.681060,1.701924,0.008237,0.138500,0.610200,0.543600,0.299000,81.253398,4.539161,1.713234,139.206090,0.000000,0.000000,true
512,512,5,box,cuda_separable,"NVIDIA GeForce GTX 1650 with Max-Q Design",32,8,5,5242880,7.650560,6.773700,8.013900,0.448485,0.072941,0.071872,0.074208,0.000777,3.043141,3.042072,3.044408,0.000777,0.384800,0.617500,0.800700,1.167200,104.887249,2.514034,0.685294,71.878563,0.000000,0.000000,true
512,512,5,box,cuda_naive_global_memory,"NVIDIA GeForce GTX 1650 with Max-Q Design",32,16,5,13107200,7.650560,6.773700,8.013900,0.448485,0.106074,0.105088,0.107936,0.001051,1.641174,1.640188,1.643036,0.001051,0.266600,0.455700,0.561000,0.251800,72.125014,4.661640,1.713234,123.567031,0.000000,0.000000,true
512,512,5,box,cuda_shared_memory_tiled,"NVIDIA GeForce GTX 1650 with Max-Q Design",32,16,5,13107200,7.650560,6.773700,8.013900,0.448485,0.114835,0.114112,0.116736,0.000973,1.569935,1.569212,1.571836,0.000973,0.212900,0.418100,0.513200,0.310900,66.622081,4.873169,1.713234,114.139219,0.000000,0.000000,true
512,512,5,box,cuda_shared_constant_filter,"NVIDIA GeForce GTX 1650 with Max-Q Design",32,16,5,13107200,7.650560,6.773700,8.013900,0.448485,0.100166,0.092864,0.119232,0.009689,3.276766,3.269464,3.295832,0.009689,0.524300,0.911500,0.874400,0.866400,76.378506,2.334790,1.713234,130.854259,0.000000,0.000000,true
512,512,5,box,cuda_multi_output,"NVIDIA GeForce GTX 1650 with Max-Q Design",32,16,5,13107200,7.650560,6.773700,8.013900,0.448485,0.106182,0.105376,0.107296,0.000767,1.845582,1.844776,1.846696,0.000767,0.214300,0.474400,0.652900,0.397800,72.051112,4.145336,1.713234,123.440420,0.000000,0.000000,true
512,512,5,box,cuda_register_tiled,"NVIDIA GeForce GTX 1650 with Max-Q Design",32,16,5,13107200,7.650560,6.773700,8.013900,0.448485,0.089466,0.088320,0.091200,0.001027,1.684566,1.683420,1.686300,0.001027,0.208500,0.441700,0.516600,0.428300,85.513985,4.541563,1.713234,146.505472,0.000000,0.000000,true
512,512,5,box,cuda_separable,"NVIDIA GeForce GTX 1650 with Max-Q Design",32,16,5,5242880,7.650560,6.773700,8.013900,0.448485,0.086515,0.082848,0.091008,0.002902,3.669115,3.665448,3.673608,0.002902,0.596200,0.985800,1.227800,0.772800,88.430243,2.085124,0.685294,60.600682,0.000000,0.000000,true
512,512,5,gaussian,cuda_naive_global_memory,"NVIDIA GeForce GTX 1650 with Max-Q Design",8,8,5,13107200,7.931420,7.566700,8.432900,0.342021,0.168115,0.166912,0.169984,0.001047,2.121615,2.120412,2.123484,0.001047,0.257400,0.732900,0.502600,0.460600,47.178482,3.738388,1.652567,77.965585,0.000000,0.000000,true
512,512,5,gaussian,cuda_shared_memory_tiled,"NVIDIA GeForce GTX 1650 with Max-Q Design",8,8,5,13107200,7.931420,7.566700,8.432900,0.342021,0.132269,0.131456,0.133152,0.000638,2.881569,2.880756,2.882452,0.000638,0.280200,0.568200,0.993500,0.907400,59.964407,2.752466,1.652567,99.095177,0.000000,0.000000,true
512,512,5,gaussian,cuda_shared_constant_filter,"NVIDIA GeForce GTX 1650 with Max-Q Design",8,8,5,13107200,7.931420,7.566700,8.432900,0.342021,0.099974,0.098816,0.101152,0.000802,2.574274,2.573116,2.575452,0.000802,0.582400,0.746300,0.565700,0.579900,79.334510,3.081031,1.652567,131.105563,0.000000,0.000000,true
512,512,5,gaussian,cuda_multi_output,"NVIDIA GeForce GTX 1650 with Max-Q Design",8,8,5,13107200,7.931420,7.566700,8.432900,0.342021,0.174624,0.169984,0.187872,0.006697,2.263924,2.259284,2.277172,0.006697,0.239300,0.642500,0.584300,0.623200,45.419989,3.503395,1.652567,75.059558,0.000000,0.000000,true
512,512,5,gaussian,cuda_register_tiled,"NVIDIA GeForce GTX 1650 with Max-Q Design",8,8,5,13107200,7.931420,7.566700,8.432900,0.342021,0.156973,0.154240,0.160288,0.002094,2.951973,2.949240,2.955288,0.002094,0.243900,1.105600,0.899500,0.546000,50.527353,2.686820,1.652567,83.499817,0.000000,0.000000,true
512,512,5,gaussian,cuda_separable,"NVIDIA GeForce GTX 1650 with Max-Q Design",8,8,5,5242880,7.931420,7.566700,8.432900,0.342021,0.099251,0.095520,0.110560,0.005710,2.185551,2.181820,2.196860,0.005710,0.283700,0.710700,0.606000,0.485900,79.912585,3.629025,0.661027,52.824349,0.000000,0.000000,true
512,512,5,gaussian,cuda_naive_global_memory,"NVIDIA GeForce GTX 1650 with Max-Q Design",16,16,5,13107200,7.931420,7.566700,8.432900,0.342021,0.112762,0.111936,0.114656,0.000968,3.762162,3.761336,3.764056,0.000968,0.413700,0.927000,0.923900,1.384800,70.337952,2.108208,1.652567,116.238152,0.000000,0.000000,true
512,512,5,gaussian,cuda_shared_memory_tiled,"NVIDIA GeForce GTX 1650 with Max-Q Design",16,16,5,13107200,7.931420,7.566700,8.432900,0.342021,0.126803,0.118752,0.157696,0.015447,1.927803,1.919752,1.958696,0.015447,0.218000,0.555900,0.545800,0.481300,62.549053,4.114227,1.652567,103.366478,0.000000,0.000000,true
512,512,5,gaussian,cuda_shared_constant_filter,"NVIDIA GeForce GTX 1650 with Max-Q Design",16,16,5,13107200,7.931420,7.566700,8.432900,0.342021,0.107885,0.102400,0.124480,0.008474,2.941585,2.936100,2.958180,0.008474,0.294700,0.563900,0.722000,1.253100,73.517492,2.696308,1.652567,121.492555,0.000000,0.000000,true
512,512,5,gaussian,cuda_multi_output,"NVIDIA GeForce GTX 1650 with Max-Q Design",16,16,5,13107200,7.931420,7.566700,8.432900,0.342021,0.107418,0.106240,0.108160,0.000795,3.038318,3.037140,3.039060,0.000795,0.845400,0.964600,0.543900,0.577000,73.837248,2.610464,1.652567,122.020973,0.000000,0.000000,true
512,512,5,gaussian,cuda_register_tiled,"NVIDIA GeForce GTX 1650 with Max-Q Design",16,16,5,13107200,7.931420,7.566700,8.432900,0.342021,0.099219,0.094016,0.116512,0.008662,2.063919,2.058716,2.081212,0.008662,0.183000,0.681800,0.593200,0.506700,79.938359,3.842893,1.652567,132.103464,0.000000,0.000000,true
512,512,5,gaussian,cuda_separable,"NVIDIA GeForce GTX 1650 with Max-Q Design",16,16,5,5242880,7.931420,7.566700,8.432900,0.342021,0.082630,0.079168,0.088160,0.003197,3.255130,3.251668,3.260660,0.003197,0.431400,0.717000,1.153600,0.870500,95.986707,2.436591,0.661027,63.449771,0.000000,0.000000,true
512,512,5,gaussian,cuda_naive_global_memory,"NVIDIA GeForce GTX 1650 with Max-Q Design",32,8,5,13107200,7.931420,7.566700,8.432900,0.342021,0.105075,0.098304,0.107744,0.003423,1.793175,1.786404,1.795844,0.003423,0.179700,0.670000,0.510500,0.327900,75.483273,4.423115,1.652567,124.741138,0.000000,0.000000,true
512,512,5,gaussian,cuda_shared_memory_tiled,"NVIDIA GeForce GTX 1650 with Max-Q Design",32,8,5,13107200,7.931420,7.566700,8.432900,0.342021,0.140998,0.130944,0.172320,0.015750,2.327898,2.317844,2.359220,0.015750,0.258700,0.591100,0.661200,0.675900,56.251844,3.407116,1.652567,92.959921,0.000000,0.000000,true
512,512,5,gaussian,cuda_shared_constant_filter,"NVIDIA GeForce GTX 1650 with Max-Q Design",32,8,5,13107200,7.931420,7.566700,8.432900,0.342021,0.097709,0.089280,0.124768,0.013646,2.934709,2.926280,2.961768,0.013646,0.825400,1.136700,0.558700,0.316200,81.174060,2.702626,1.652567,134.145542,0.000000,0.000000,true
512,512,5,gaussian,cuda_multi_output,"NVIDIA GeForce GTX 1650 with Max-Q Design",32,8,5,13107200,7.931420,7.566700,8.432900,0.342021,0.135546,0.106592,0.151392,0.015835,2.263046,2.234092,2.278892,0.015835,0.156200,0.731100,0.580000,0.660200,58.514773,3.504755,1.652567,96.699561,0.000000,0.000000,true
512,512,5,gaussian,cuda_register_tiled,"NVIDIA GeForce GTX 1650 with Max-Q Design",32,8,5,13107200,7.931420,7.566700,8.432900,0.342021,0.100032,0.093152,0.108768,0.006208,3.131932,3.125052,3.140668,0.006208,0.275300,1.296400,0.918600,0.541600,79.288827,2.532437,1.652567,131.030070,0.000000,0.000000,true
512,512,5,gaussian,cuda_separable,"NVIDIA GeForce GTX 1650 with Max-Q Design",32,8,5,5242880,7.931420,7.566700,8.432900,0.342021,0.110464,0.070336,0.233472,0.062199,1.770364,1.730236,1.893372,0.062199,0.169300,0.654900,0.548100,0.287600,71.800949,4.480107,0.661027,47.462341,0.000000,0.000000,true
512,512,5,gaussian,cuda_naive_global_memory,"NVIDIA GeForce GTX 1650 with Max-Q Design",32,16,5,13107200,7.931420,7.566700,8.432900,0.342021,0.108128,0.106240,0.110208,0.001461,2.512528,2.510640,2.514608,0.001461,0.200100,0.618200,0.673900,0.912200,73.352140,3.156749,1.652567,121.219298,0.000000,0.000000,true
512,512,5,gaussian,cuda_shared_memory_tiled,"NVIDIA GeForce GTX 1650 with Max-Q Design",32,16,5,13107200,7.931420,7.566700,8.432900,0.342021,0.115027,0.113152,0.116736,0.001451,2.973227,2.971352,2.974936,0.001451,0.882400,1.020600,0.518000,0.437200,68.952561,2.667613,1.652567,113.948701,0.000000,0.000000,true
512,512,5,gaussian,cuda_shared_constant_filter,"NVIDIA GeForce GTX 1650 with Max-Q Design",32,16,5,13107200,7.931420,7.566700,8.432900,0.342021,0.094906,0.093248,0.097600,0.001495,2.096606,2.094948,2.099300,0.001495,0.195500,0.683700,0.571900,0.550600,83.571674,3.782981,1.652567,138.107760,0.000000,0.000000,true
512,512,5,gaussian,cuda_multi_output,"NVIDIA GeForce GTX 1650 with Max-Q Design",32,16,5,13107200,7.931420,7.566700,8.432900,0.342021,0.117165,0.109984,0.135648,0.009598,3.019265,3.012084,3.037748,0.009598,0.376200,0.829600,1.063400,0.632900,67.694564,2.626938,1.652567,111.869777,0.000000,0.000000,true
512,512,5,gaussian,cuda_register_tiled,"NVIDIA GeForce GTX 1650 with Max-Q Design",32,16,5,13107200,7.931420,7.566700,8.432900,0.342021,0.091437,0.089888,0.092576,0.000936,2.052837,2.051288,2.053976,0.000936,0.170100,0.894500,0.496300,0.400500,86.742101,3.863639,1.652567,143.347101,0.000000,0.000000,true
512,512,5,gaussian,cuda_separable,"NVIDIA GeForce GTX 1650 with Max-Q Design",32,16,5,5242880,7.931420,7.566700,8.432900,0.342021,0.098778,0.077504,0.131424,0.023400,2.533378,2.512104,2.566024,0.023400,0.342000,0.740900,0.662900,0.688800,80.295735,3.130769,0.661027,53.077621,0.000000,0.000000,true
512,512,5,sharpen,cuda_naive_global_memory,"NVIDIA GeForce GTX 1650 with Max-Q Design",8,8,5,13107200,7.897920,7.563200,8.410400,0.305822,0.184211,0.169664,0.210432,0.016771,3.392311,3.377764,3.418532,0.016771,0.594700,1.027400,0.962900,0.623100,42.874267,2.328183,1.659576,71.153112,0.000001,0.000000,true
512,512,5,sharpen,cuda_shared_memory_tiled,"NVIDIA GeForce GTX 1650 with Max-Q Design",8,8,5,13107200,7.897920,7.563200,8.410400,0.305822,0.127917,0.126976,0.129024,0.000774,1.799117,1.798176,1.800224,0.000774,0.154500,0.649000,0.569600,0.298100,61.742634,4.389887,1.659576,102.466605,0.000001,0.000000,true
512,512,5,sharpen,cuda_shared_constant_filter,"NVIDIA GeForce GTX 1650 with Max-Q Design",8,8,5,13107200,7.897920,7.563200,8.410400,0.305822,0.107795,0.104352,0.117664,0.005006,2.439595,2.436152,2.449464,0.005006,0.294300,0.557700,0.874800,0.605000,73.267827,3.237390,1.659576,121.593541,0.000001,0.000000,true
512,512,5,sharpen,cuda_multi_output,"NVIDIA GeForce GTX 1650 with Max-Q Design",8,8,5,13107200,7.897920,7.563200,8.410400,0.305822,0.179917,0.172032,0.190464,0.007718,2.945717,2.937832,2.956264,0.007718,0.890900,1.027600,0.489900,0.357400,43.897624,2.681154,1.659576,72.851452,0.000001,0.000000,true
512,512,5,sharpen,cuda_register_tiled,"NVIDIA GeForce GTX 1650 with Max-Q Design",8,8,5,13107200,7.897920,7.563200,8.410400,0.305822,0.192186,0.180224,0.209120,0.010363,2.659886,2.647924,2.676820,0.010363,0.160100,0.655700,0.740400,0.911500,41.095275,2.969271,1.659576,68.200740,0.000001,0.000000,true
512,512,5,sharpen,cuda_naive_global_memory,"NVIDIA GeForce GTX 1650 with Max-Q Design",16,16,5,13107200,7.897920,7.563200,8.410400,0.305822,0.113843,0.106784,0.137888,0.012037,3.441243,3.434184,3.465288,0.012037,0.792900,1.661900,0.551700,0.320900,69.375422,2.295078,1.659576,115.133798,0.000001,0.000000,true
512,512,5,sharpen,cuda_shared_memory_tiled,"NVIDIA GeForce GTX 1650 with Max-Q Design",16,16,5,13107200,7.897920,7.563200,8.410400,0.305822,0.140403,0.120896,0.155392,0.011736,2.167603,2.148096,2.182592,0.011736,0.237300,0.596900,0.595200,0.597800,56.251708,3.643619,1.659576,93.353996,0.000001,0.000000,true
512,512,5,sharpen,cuda_shared_constant_filter,"NVIDIA GeForce GTX 1650 with Max-Q Design",16,16,5,13107200,7.897920,7.563200,8.410400,0.305822,0.116819,0.098304,0.137216,0.016173,3.233319,3.214804,3.253716,0.016173,0.639700,1.616400,0.554600,0.305800,67.608064,2.442666,1.659576,112.200734,0.000001,0.000000,true
512,512,5,sharpen,cuda_multi_output,"NVIDIA GeForce GTX 1650 with Max-Q Design",16,16,5,13107200,7.897920,7.563200,8.410400,0.305822,0.113741,0.106464,0.142784,0.014522,1.772141,1.764864,1.801184,0.014522,0.156600,0.644000,0.560700,0.297100,69.437881,4.456711,1.659576,115.237453,0.000001,0.000000,true
512,512,5,sharpen,cuda_register_tiled,"NVIDIA GeForce GTX 1650 with Max-Q Design",16,16,5,13107200,7.897920,7.563200,8.410400,0.305822,0.103514,0.096544,0.108192,0.003870,2.304914,2.297944,2.309592,0.003870,0.321700,0.554900,0.664600,0.660200,76.298381,3.426558,1.659576,126.622977,0.000001,0.000000,true
512,512,5,sharpen,cuda_naive_global_memory,"NVIDIA GeForce GTX 1650 with Max-Q Design",32,8,5,13107200,7.897920,7.563200,8.410400,0.305822,0.097184,0.096256,0.098560,0.000871,2.232784,2.231856,2.234160,0.000871,0.640900,0.641600,0.534200,0.318900,81.267698,3.537252,1.659576,134.869936,0.000001,0.000000,true
512,512,5,sharpen,cuda_shared_memory_tiled,"NVIDIA GeForce GTX 1650 with Max-Q Design",32,8,5,13107200,7.897920,7.563200,8.410400,0.305822,0.110995,0.104448,0.131104,0.010086,1.795895,1.789348,1.816004,0.010086,0.174300,0.709400,0.499700,0.301500,71.155509,4.397762,1.659576,118.087989,0.000001,0.000000,true
512,512,5,sharpen,cuda_shared_constant_filter,"NVIDIA GeForce GTX 1650 with Max-Q Design",32,8,5,13107200,7.897920,7.563200,8.410400,0.305822,0.095962,0.091328,0.104448,0.004664,3.335362,3.330728,3.343848,0.004664,0.705800,0.507000,1.168500,0.858100,82.302921,2.367935,1.659576,136.587968,0.000001,0.000000,true
512,512,5,sharpen,cuda_multi_output,"NVIDIA GeForce GTX 1650 with Max-Q Design",32,8,5,13107200,7.897920,7.563200,8.410400,0.305822,0.104717,0.103712,0.107584,0.001460,1.734017,1.733012,1.736884,0.001460,0.364800,0.472300,0.510200,0.282000,75.421709,4.554696,1.659576,125.168072,0.000001,0.000000,true
512,512,5,sharpen,cuda_register_tiled,"NVIDIA GeForce GTX 1650 with Max-Q Design",32,8,5,13107200,7.897920,7.563200,8.410400,0.305822,0.117101,0.114688,0.119072,0.001975,2.193401,2.190988,2.195372,0.001975,0.148200,0.703400,0.540000,0.684700,67.445483,3.600765,1.659576,111.930917,0.000001,0.000000,true
512,512,5,sharpen,cuda_naive_global_memory,"NVIDIA GeForce GTX 1650 with Max-Q Design",32,16,5,13107200,7.897920,7.563200,8.410400,0.305822,0.104736,0.102752,0.107136,0.001411,2.562336,2.560352,2.564736,0.001411,0.468300,0.622000,0.776000,0.591300,75.407882,3.082312,1.659576,125.145126,0.000001,0.000000,true
512,512,5,sharpen,cuda_shared_memory_tiled,"NVIDIA GeForce GTX 1650 with Max-Q Design",32,16,5,13107200,7.897920,7.563200,8.410400,0.305822,0.149779,0.130688,0.167808,0.012569,3.912579,3.893488,3.930608,0.012569,1.011400,1.619100,0.550500,0.581800,52.730419,2.018597,1.659576,87.510148,0.000001,0.000000,true
512,512,5,sharpen,cuda_shared_constant_filter,"NVIDIA GeForce GTX 1650 with Max-Q Design",32,16,5,13107200,7.897920,7.563200,8.410400,0.305822,0.100352,0.093632,0.113632,0.007254,2.574252,2.567532,2.587532,0.007254,0.232800,0.658500,0.704900,0.877700,78.702170,3.068045,1.659576,130.612247,0.000001,0.000000,true
512,512,5,sharpen,cuda_multi_output,"NVIDIA GeForce GTX 1650 with Max-Q Design",32,16,5,13107200,7.897920,7.563200,8.410400,0.305822,0.110458,0.106080,0.126976,0.008261,1.735458,1.731080,1.751976,0.008261,0.192400,0.570500,0.555500,0.306600,71.501826,4.550915,1.659576,118.662728,0.000001,0.000000,true
512,512,5,sharpen,cuda_register_tiled,"NVIDIA GeForce GTX 1650 with Max-Q Design",32,16,5,13107200,7.897920,7.563200,8.410400,0.305822,0.093914,0.093280,0.094336,0.000395,2.193114,2.192480,2.193536,0.000395,0.326900,0.474600,0.830800,0.466900,84.097723,3.601236,1.659576,139.566578,0.000001,0.000000,true
512,512,5,sobel,cuda_naive_global_memory,"NVIDIA GeForce GTX 1650 with Max-Q Design",8,8,5,13107200,7.694160,7.242600,8.125900,0.285372,0.170502,0.167936,0.175296,0.002940,3.271802,3.269236,3.276596,0.002940,0.322300,0.678900,0.694200,1.405900,45.126404,2.351658,1.703526,76.873992,0.000000,0.000000,true
512,512,5,sobel,cuda_shared_memory_tiled,"NVIDIA GeForce GTX 1650 with Max-Q Design",8,8,5,13107200,7.694160,7.242600,8.125900,0.285372,0.142477,0.127040,0.192576,0.025206,1.783577,1.768140,1.833676,0.025206,0.192800,0.586700,0.509200,0.352400,54.002896,4.313893,1.703526,91.995326,0.000000,0.000000,true
512,512,5,sobel,cuda_shared_constant_filter,"NVIDIA GeForce GTX 1650 with Max-Q Design",8,8,5,13107200,7.694160,7.242600,8.125900,0.285372,0.131226,0.124416,0.146176,0.007851,2.485726,2.478916,2.500676,0.007851,0.170400,0.644200,0.665500,0.874400,58.633072,3.095338,1.703526,99.882950,0.000000,0.000000,true
512,512,5,sobel,cuda_multi_output,"NVIDIA GeForce GTX 1650 with Max-Q Design",8,8,5,13107200,7.694160,7.242600,8.125900,0.285372,0.169542,0.168192,0.170688,0.000815,3.230142,3.228792,3.231288,0.000815,0.757900,1.429400,0.507700,0.365600,45.381922,2.381988,1.703526,77.309275,0.000000,0.000000,true
512,512,5,sobel,cuda_register_tiled,"NVIDIA GeForce GTX 1650 with Max-Q Design",8,8,5,13107200,7.694160,7.242600,8.125900,0.285372,0.153280,0.152256,0.154848,0.000948,1.782880,1.781856,1.784448,0.000948,0.220100,0.517200,0.516900,0.375400,50.196764,4.315579,1.703526,85.511483,0.000000,0.000000,true
512,512,5,sobel,cuda_naive_global_memory,"NVIDIA GeForce GTX 1650 with Max-Q Design",16,16,5,13107200,7.694160,7.242600,8.125900,0.285372,0.109933,0.106624,0.114688,0.002712,3.430033,3.426724,3.434788,0.002712,0.470200,0.925400,0.638600,1.285900,69.989667,2.243174,1.703526,119.229202,0.000000,0.000000,true
512,512,5,sobel,cuda_shared_memory_tiled,"NVIDIA GeForce GTX 1650 with Max-Q Design",16,16,5,13107200,7.694160,7.242600,8.125900,0.285372,0.119859,0.118720,0.120800,0.000767,1.626859,1.625720,1.627800,0.000767,0.213600,0.471900,0.506000,0.315500,64.193320,4.729457,1.703526,109.354976,0.000000,0.000000,true
512,512,5,sobel,cuda_shared_constant_filter,"NVIDIA GeForce GTX 1650 with Max-Q Design",16,16,5,13107200,7.694160,7.242600,8.125900,0.285372,0.121395,0.102208,0.128416,0.009666,2.242695,2.223508,2.249716,0.009666,0.173200,0.671500,0.603000,0.673600,63.381089,3.430765,1.703526,107.971320,0.000000,0.000000,true
512,512,5,sobel,cuda_multi_output,"NVIDIA GeForce GTX 1650 with Max-Q Design",16,16,5,13107200,7.694160,7.242600,8.125900,0.285372,0.117363,0.109632,0.131488,0.008297,3.214963,3.207232,3.229088,0.008297,0.755200,1.428900,0.540500,0.373000,65.558540,2.393234,1.703526,111.680663,0.000000,0.000000,true
512,512,5,sobel,cuda_register_tiled,"NVIDIA GeForce GTX 1650 with Max-Q Design",16,16,5,13107200,7.694160,7.242600,8.125900,0.285372,0.092941,0.091296,0.095584,0.001567,1.603641,1.601996,1.606284,0.001567,0.206600,0.515100,0.512800,0.276200,82.785601,4.797932,1.703526,141.027407,0.000000,0.000000,true
512,512,5,sobel,cuda_naive_global_memory,"NVIDIA GeForce GTX 1650 with Max-Q Design",32,8,5,13107200,7.694160,7.242600,8.125900,0.285372,0.140877,0.136128,0.149792,0.004831,2.661377,2.656628,2.670292,0.004831,0.362900,0.717500,0.584100,0.856000,54.616233,2.891045,1.703526,93.040162,0.000000,0.000000,true
512,512,5,sobel,cuda_shared_memory_tiled,"NVIDIA GeForce GTX 1650 with Max-Q Design",32,8,5,13107200,7.694160,7.242600,8.125900,0.285372,0.110982,0.104256,0.135264,0.012169,2.081982,2.075256,2.106264,0.012169,0.543400,0.565000,0.558200,0.304400,69.327751,3.695593,1.703526,118.101612,0.000000,0.000000,true
512,512,5,sobel,cuda_shared_constant_filter,"NVIDIA GeForce GTX 1650 with Max-Q Design",32,8,5,13107200,7.694160,7.242600,8.125900,0.285372,0.093798,0.092160,0.096224,0.001942,2.520298,2.518660,2.522724,0.001942,0.466400,0.604000,0.636800,0.719300,82.028690,3.052877,1.703526,139.737988,0.000000,0.000000,true
512,512,5,sobel,cuda_multi_output,"NVIDIA GeForce GTX 1650 with Max-Q Design",32,8,5,13107200,7.694160,7.242600,8.125900,0.285372,0.105472,0.102624,0.109056,0.002327,2.725572,2.722724,2.729156,0.002327,0.539900,0.931100,0.809700,0.339400,72.949788,2.822952,1.703526,124.271845,0.000000,0.000000,true
512,512,5,sobel,cuda_register_tiled,"NVIDIA GeForce GTX 1650 with Max-Q Design",32,8,5,13107200,7.694160,7.242600,8.125900,0.285372,0.096166,0.088160,0.124608,0.014232,1.696466,1.688460,1.724908,0.014232,0.175700,0.594000,0.563600,0.267000,80.008819,4.535404,1.703526,136.297086,0.000000,0.000000,true
512,512,5,sobel,cuda_naive_global_memory,"NVIDIA GeForce GTX 1650 with Max-Q Design",32,16,5,13107200,7.694160,7.242600,8.125900,0.285372,0.110490,0.106976,0.112544,0.001933,2.448890,2.445376,2.450944,0.001933,0.320900,0.568900,0.842200,0.606400,69.636961,3.141897,1.703526,118.628359,0.000000,0.000000,true
512,512,5,sobel,cuda_shared_memory_tiled,"NVIDIA GeForce GTX 1650 with Max-Q Design",32,16,5,13107200,7.694160,7.242600,8.125900,0.285372,0.115245,0.114368,0.117952,0.001360,2.644345,2.643468,2.647052,0.001360,0.710900,1.001800,0.501100,0.315300,66.763620,2.909666,1.703526,113.733548,0.000000,0.000000,true
512,512,5,sobel,cuda_shared_constant_filter,"NVIDIA GeForce GTX 1650 with Max-Q Design",32,16,5,13107200,7.694160,7.242600,8.125900,0.285372,0.102957,0.094208,0.116480,0.010415,1.999057,1.990308,2.012580,0.010415,0.172700,0.832700,0.530700,0.360000,74.731925,3.848895,1.703526,127.307762,0.000000,0.000000,true
512,512,5,sobel,cuda_multi_output,"NVIDIA GeForce GTX 1650 with Max-Q Design",32,16,5,13107200,7.694160,7.242600,8.125900,0.285372,0.108294,0.106528,0.110272,0.001189,3.257694,3.255928,3.259672,0.001189,0.467500,0.880300,1.023900,0.777700,71.048551,2.361842,1.703526,121.033039,0.000000,0.000000,true
512,512,5,sobel,cuda_register_tiled,"NVIDIA GeForce GTX 1650 with Max-Q Design",32,16,5,13107200,7.694160,7.242600,8.125900,0.285372,0.089677,0.088704,0.091040,0.000817,1.899377,1.898404,1.900740,0.000817,0.334100,0.589100,0.518200,0.368300,85.798779,4.050887,1.703526,146.160433,0.000000,0.000000,true
512,512,7,box,cuda_naive_global_memory,"NVIDIA GeForce GTX 1650 with Max-Q Design",8,8,5,25690112,14.892580,13.978900,15.404700,0.501301,0.321363,0.315936,0.334272,0.006593,2.726863,2.721436,2.739772,0.006593,0.473800,0.808300,0.556100,0.567300,46.341896,5.461433,1.725028,79.941051,0.000000,0.000000,true
512,512,7,box,cuda_shared_memory_tiled,"NVIDIA GeForce GTX 1650 with Max-Q Design",8,8,5,25690112,14.892580,13.978900,15.404700,0.501301,0.227200,0.219712,0.241728,0.007852,2.735000,2.727512,2.749528,0.007852,0.261600,0.613700,0.746900,0.885600,65.548328,5.445185,1.725028,113.072677,0.000000,0.000000,true
512,512,7,box,cuda_shared_constant_filter,"NVIDIA GeForce GTX 1650 with Max-Q Design",8,8,5,25690112,14.892580,13.978900,15.404700,0.501301,0.160467,0.159840,0.161664,0.000727,3.048167,3.047540,3.049364,0.000727,1.019800,0.956000,0.519100,0.392800,92.807628,4.885749,1.725028,160.095722,0.000000,0.000000,true
512,512,7,box,cuda_multi_output,"NVIDIA GeForce GTX 1650 with Max-Q Design",8,8,5,25690112,14.892580,13.978900,15.404700,0.501301,0.346451,0.313344,0.373600,0.019295,2.842851,2.809744,2.870000,0.019295,0.208200,0.752300,0.767200,0.768700,42.986082,5.238607,1.725028,74.152180,0.000000,0.000000,true
512,512,7,box,cuda_register_tiled,"NVIDIA GeForce GTX 1650 with Max-Q Design",8,8,5,25690112,14.892580,13.978900,15.404700,0.501301,0.283322,0.282016,0.284672,0.001125,2.344522,2.343216,2.345872,0.001125,0.591000,0.588500,0.488500,0.393200,52.564224,6.352076,1.725028,90.674738,0.000000,0.000000,true
512,512,7,box,cuda_separable,"NVIDIA GeForce GTX 1650 with Max-Q Design",8,8,5,7340032,14.892580,13.978900,15.404700,0.501301,0.123571,0.121248,0.124832,0.001281,2.017171,2.014848,2.018432,0.001281,0.212800,0.580700,0.579900,0.520200,120.518211,7.382903,0.492865,59.399212,0.000000,0.000000,true
512,512,7,box,cuda_naive_global_memory,"NVIDIA GeForce GTX 1650 with Max-Q Design",16,16,5,25690112,14.892580,13.978900,15.404700,0.501301,0.227898,0.219168,0.245824,0.009606,3.959198,3.950468,3.977124,0.009606,1.618100,1.165500,0.569200,0.378500,65.347683,3.761515,1.725028,112.726558,0.000000,0.000000,true
512,512,7,box,cuda_shared_memory_tiled,"NVIDIA GeForce GTX 1650 with Max-Q Design",16,16,5,25690112,14.892580,13.978900,15.404700,0.501301,0.247245,0.234912,0.283488,0.018562,3.393645,3.381312,3.429888,0.018562,0.236200,0.795400,0.950200,1.164600,60.234149,4.388373,1.725028,103.905571,0.000000,0.000000,true
512,512,7,box,cuda_shared_constant_filter,"NVIDIA GeForce GTX 1650 with Max-Q Design",16,16,5,25690112,14.892580,13.978900,15.404700,0.501301,0.143699,0.143328,0.143968,0.000237,1.976399,1.976028,1.976668,0.000237,0.219500,0.570400,0.571300,0.471500,103.637182,7.535208,1.725028,178.777002,0.000000,0.000000,true
512,512,7,box,cuda_multi_output,"NVIDIA GeForce GTX 1650 with Max-Q Design",16,16,5,25690112,14.892580,13.978900,15.404700,0.501301,0.196557,0.195072,0.198656,0.001180,2.180457,2.178972,2.182556,0.001180,0.257200,0.469600,0.629000,0.628100,75.767310,6.830028,1.725028,130.700703,0.000000,0.000000,true
512,512,7,box,cuda_register_tiled,"NVIDIA GeForce GTX 1650 with Max-Q Design",16,16,5,25690112,14.892580,13.978900,15.404700,0.501301,0.174099,0.167936,0.194400,0.010195,3.110999,3.104836,3.131300,0.010195,1.007800,0.994400,0.531500,0.403200,85.540773,4.787073,1.725028,147.560197,0.000000,0.000000,true
512,512,7,box,cuda_separable,"NVIDIA GeForce GTX 1650 with Max-Q Design",16,16,5,7340032,14.892580,13.978900,15.404700,0.501301,0.102912,0.097824,0.114464,0.005962,1.868912,1.863824,1.880464,0.005962,0.173000,0.653900,0.633000,0.306100,144.711795,7.968583,0.492865,71.323384,0.000000,0.000000,true
512,512,7,box,cuda_naive_global_memory,"NVIDIA GeForce GTX 1650 with Max-Q Design",32,8,5,25690112,14.892580,13.978900,15.404700,0.501301,0.159936,0.157696,0.161696,0.001421,3.472036,3.469796,3.473796,0.001421,0.513800,0.742600,1.088800,0.966900,93.115870,4.289293,1.725028,160.627449,0.000000,0.000000,true
512,512,7,box,cuda_shared_memory_tiled,"NVIDIA GeForce GTX 1650 with Max-Q Design",32,8,5,25690112,14.892580,13.978900,15.404700,0.501301,0.185446,0.182272,0.194560,0.004630,2.074946,2.071772,2.084060,0.004630,0.292400,0.589300,0.564900,0.442900,80.306654,7.177332,1.725028,138.531196,0.000000,0.000000,true
512,512,7,box,cuda_shared_constant_filter,"NVIDIA GeForce GTX 1650 with Max-Q Design",32,8,5,25690112,14.892580,13.978900,15.404700,0.501301,0.114886,0.112832,0.118816,0.002087,3.386286,3.384232,3.390216,0.002087,0.374400,0.521600,0.842400,1.533000,129.628745,4.397909,1.725028,223.613166,0.000000,0.000000,true
512,512,7,box,cuda_multi_output,"NVIDIA GeForce GTX 1650 with Max-Q Design",32,8,5,25690112,14.892580,13.978900,15.404700,0.501301,0.191098,0.190432,0.193536,0.001220,2.266698,2.266032,2.269136,0.001220,0.193000,0.795900,0.551600,0.535100,77.931799,6.570166,1.725028,134.434507,0.000000,0.000000,true
512,512,7,box,cuda_register_tiled,"NVIDIA GeForce GTX 1650 with Max-Q Design",32,8,5,25690112,14.892580,13.978900,15.404700,0.501301,0.166522,0.165888,0.167936,0.000742,2.498722,2.498088,2.500136,0.000742,0.188600,0.732700,0.556200,0.854700,89.433324,5.960080,1.725028,154.274956,0.000000,0.000000,true
512,512,7,box,cuda_separable,"NVIDIA GeForce GTX 1650 with Max-Q Design",32,8,5,7340032,14.892580,13.978900,15.404700,0.501301,0.096032,0.090496,0.104448,0.005792,2.119832,2.114296,2.128248,0.005792,0.577900,0.603900,0.503600,0.338400,155.079349,7.025359,0.492865,76.433189,0.000000,0.000000,true
512,512,7,box,cuda_naive_global_memory,"NVIDIA GeForce GTX 1650 with Max-Q Design",32,16,5,25690112,14.892580,13.978900,15.404700,0.501301,0.173587,0.165760,0.202816,0.014618,2.053087,2.045260,2.082316,0.014618,0.176500,0.647000,0.547400,0.508600,85.793077,7.253749,1.725028,147.995428,0.000000,0.000000,true
512,512,7,box,cuda_shared_memory_tiled,"NVIDIA GeForce GTX 1650 with Max-Q Design",32,16,5,25690112,14.892580,13.978900,15.404700,0.501301,0.185651,0.160512,0.199008,0.013411,3.873251,3.848112,3.886608,0.013411,0.510400,0.715300,1.458200,1.003700,80.218064,3.844982,1.725028,138.378378,0.000000,0.000000,true
512,512,7,box,cuda_shared_constant_filter,"NVIDIA GeForce GTX 1650 with Max-Q Design",32,16,5,25690112,14.892580,13.978900,15.404700,0.501301,0.124512,0.116032,0.137792,0.010191,1.840212,1.831732,1.853492,0.010191,0.194800,0.649000,0.552100,0.319800,119.607588,8.092861,1.725028,206.326394,0.000000,0.000000,true
512,512,7,box,cuda_multi_output,"NVIDIA GeForce GTX 1650 with Max-Q Design",32,16,5,25690112,14.892580,13.978900,15.404700,0.501301,0.203021,0.196544,0.214688,0.006345,3.499021,3.492544,3.510688,0.006345,0.265500,0.624600,1.019000,1.386900,73.354946,4.256214,1.725028,126.539309,0.000000,0.000000,true
512,512,7,box,cuda_register_tiled,"NVIDIA GeForce GTX 1650 with Max-Q Design",32,16,5,25690112,14.892580,13.978900,15.404700,0.501301,0.161190,0.160224,0.161888,0.000718,2.051490,2.050524,2.052188,0.000718,0.214400,0.533100,0.600300,0.542500,92.391233,7.259395,1.725028,159.377429,0.000000,0.000000,true
512,512,7,box,cuda_separable,"NVIDIA GeForce GTX 1650 with Max-Q Design",32,16,5,7340032,14.892580,13.978900,15.404700,0.501301,0.105549,0.102400,0.114752,0.004667,2.258149,2.255000,2.267352,0.004667,0.351000,0.585100,0.562000,0.654500,141.096631,6.595039,0.492865,69.541597,0.000000,0.000000,true
512,512,7,gaussian,cuda_naive_global_memory,"NVIDIA GeForce GTX 1650 with Max-Q Design",8,8,5,25690112,13.533180,13.264000,14.172300,0.332166,0.319027,0.316672,0.324064,0.002702,3.407427,3.405072,3.412464,0.002702,0.342400,0.645400,0.560500,1.540100,42.420145,3.971671,1.898306,80.526401,0.000000,0.000000,true
512,512,7,gaussian,cuda_shared_memory_tiled,"NVIDIA GeForce GTX 1650 with Max-Q Design",8,8,5,25690112,13.533180,13.264000,14.172300,0.332166,0.220275,0.219200,0.221632,0.000914,2.022475,2.021400,2.023832,0.000914,0.279500,0.506800,0.540200,0.475700,61.437602,6.691395,1.898306,116.627346,0.000000,0.000000,true
512,512,7,gaussian,cuda_shared_constant_filter,"NVIDIA GeForce GTX 1650 with Max-Q Design",8,8,5,25690112,13.533180,13.264000,14.172300,0.332166,0.191827,0.167936,0.230176,0.025019,4.108627,4.084736,4.146976,0.025019,0.769900,0.543600,1.296400,1.306900,70.548806,3.293845,1.898306,133.923196,0.000000,0.000000,true
512,512,7,gaussian,cuda_multi_output,"NVIDIA GeForce GTX 1650 with Max-Q Design",8,8,5,25690112,13.533180,13.264000,14.172300,0.332166,0.322381,0.319744,0.327680,0.002754,2.100881,2.098244,2.106180,0.002754,0.291200,0.489300,0.537300,0.460700,41.978866,6.441670,1.898306,79.688718,0.000000,0.000000,true
512,512,7,gaussian,cuda_register_tiled,"NVIDIA GeForce GTX 1650 with Max-Q Design",8,8,5,25690112,13.533180,13.264000,14.172300,0.332166,0.289472,0.288416,0.291104,0.001000,3.828672,3.827616,3.830304,0.001000,0.398900,0.763500,1.375700,1.001100,46.751257,3.534693,1.898306,88.748175,0.000000,0.000000,true
512,512,7,gaussian,cuda_separable,"NVIDIA GeForce GTX 1650 with Max-Q Design",8,8,5,7340032,13.533180,13.264000,14.172300,0.332166,0.124781,0.120928,0.129024,0.002687,1.945081,1.941228,1.949324,0.002687,0.289000,0.572800,0.533200,0.425300,108.455627,6.957644,0.542373,58.823408,0.000000,0.000000,true
512,512,7,gaussian,cuda_naive_global_memory,"NVIDIA GeForce GTX 1650 with Max-Q Design",16,16,5,25690112,13.533180,13.264000,14.172300,0.332166,0.242054,0.227168,0.274432,0.016696,4.335554,4.320668,4.367932,0.016696,0.728400,0.956500,1.619000,0.789600,55.909664,3.121442,1.898306,106.133631,0.000000,0.000000,true
512,512,7,gaussian,cuda_shared_memory_tiled,"NVIDIA GeForce GTX 1650 with Max-Q Design",16,16,5,25690112,13.533180,13.264000,14.172300,0.332166,0.205734,0.204800,0.208928,0.001609,2.001934,2.001000,2.005128,0.001609,0.292800,0.501200,0.523000,0.479200,65.779860,6.760052,1.898306,124.870280,0.000000,0.000000,true
512,512,7,gaussian,cuda_shared_constant_filter,"NVIDIA GeForce GTX 1650 with Max-Q Design",16,16,5,25690112,13.533180,13.264000,14.172300,0.332166,0.155981,0.147616,0.173472,0.009110,3.689281,3.680916,3.706772,0.009110,0.932200,0.612300,1.255600,0.733200,86.761831,3.668243,1.898306,164.700474,0.000000,0.000000,true
512,512,7,gaussian,cuda_multi_output,"NVIDIA GeForce GTX 1650 with Max-Q Design",16,16,5,25690112,13.533180,13.264000,14.172300,0.332166,0.201395,0.199520,0.202784,0.001176,1.935595,1.933720,1.936984,0.001176,0.277100,0.499500,0.534800,0.422800,67.197132,6.991741,1.898306,127.560696,0.000000,0.000000,true
512,512,7,gaussian,cuda_register_tiled,"NVIDIA GeForce GTX 1650 with Max-Q Design",16,16,5,25690112,13.533180,13.264000,14.172300,0.332166,0.174995,0.169440,0.184416,0.005089,3.430395,3.424840,3.439816,0.005089,0.749300,1.298900,0.799100,0.408100,77.334579,3.945079,1.898306,146.804668,0.000000,0.000000,true
512,512,7,gaussian,cuda_separable,"NVIDIA GeForce GTX 1650 with Max-Q Design",16,16,5,7340032,13.533180,13.264000,14.172300,0.332166,0.126669,0.124256,0.129152,0.001901,1.981969,1.979556,1.984452,0.001901,0.317800,0.558600,0.554400,0.424500,106.839098,6.828150,0.542373,57.946646,0.000000,0.000000,true
512,512,7,gaussian,cuda_naive_global_memory,"NVIDIA GeForce GTX 1650 with Max-Q Design",32,8,5,25690112,13.533180,13.264000,14.172300,0.332166,0.169280,0.164000,0.175328,0.004466,3.412180,3.406900,3.418228,0.004466,0.847000,0.552200,0.550400,1.293300,79.945533,3.966139,1.898306,151.761057,0.000000,0.000000,true
512,512,7,gaussian,cuda_shared_memory_tiled,"NVIDIA GeForce GTX 1650 with Max-Q Design",32,8,5,25690112,13.533180,13.264000,14.172300,0.332166,0.158643,0.157728,0.160544,0.001027,1.896543,1.895628,1.898444,0.001027,0.323700,0.487800,0.536500,0.389900,85.305767,7.135709,1.898306,161.936420,0.000000,0.000000,true
512,512,7,gaussian,cuda_shared_constant_filter,"NVIDIA GeForce GTX 1650 with Max-Q Design",32,8,5,25690112,13.533180,13.264000,14.172300,0.332166,0.148218,0.119680,0.182688,0.021496,2.490818,2.462280,2.525288,0.021496,0.312200,0.551600,0.667500,0.811300,91.306160,5.433228,1.898306,173.327000,0.000000,0.000000,true
512,512,7,gaussian,cuda_multi_output,"NVIDIA GeForce GTX 1650 with Max-Q Design",32,8,5,25690112,13.533180,13.264000,14.172300,0.332166,0.195181,0.193792,0.196480,0.000925,3.024181,3.022792,3.025480,0.000925,1.011100,0.823900,0.530300,0.463700,69.336634,4.474990,1.898306,131.622124,0.000000,0.000000,true
512,512,7,gaussian,cuda_register_tiled,"NVIDIA GeForce GTX 1650 with Max-Q Design",32,8,5,25690112,13.533180,13.264000,14.172300,0.332166,0.172845,0.165632,0.181952,0.006903,3.329845,3.322632,3.338952,0.006903,0.342500,1.549000,0.760000,0.505500,78.296716,4.064207,1.898306,148.631098,0.000000,0.000000,true
512,512,7,gaussian,cuda_separable,"NVIDIA GeForce GTX 1650 with Max-Q Design",32,8,5,7340032,13.533180,13.264000,14.172300,0.332166,0.094714,0.093664,0.095648,0.000696,4.688714,4.687664,4.689648,0.000696,0.649400,1.158800,1.146400,1.639400,142.885288,2.886331,0.542373,77.497128,0.000000,0.000000,true
512,512,7,gaussian,cuda_naive_global_memory,"NVIDIA GeForce GTX 1650 with Max-Q Design",32,16,5,25690112,13.533180,13.264000,14.172300,0.332166,0.169696,0.168256,0.170592,0.000798,4.160696,4.159256,4.161592,0.000798,0.977800,1.087600,0.692500,1.233100,79.749553,3.252624,1.898306,151.389028,0.000000,0.000000,true
512,512,7,gaussian,cuda_shared_memory_tiled,"NVIDIA GeForce GTX 1650 with Max-Q Design",32,16,5,25690112,13.533180,13.264000,14.172300,0.332166,0.159110,0.157696,0.160320,0.000862,1.930610,1.929196,1.931820,0.000862,0.311900,0.497500,0.521200,0.440900,85.055284,7.009793,1.898306,161.460926,0.000000,0.000000,true
512,512,7,gaussian,cuda_shared_constant_filter,"NVIDIA GeForce GTX 1650 with Max-Q Design",32,16,5,25690112,13.533180,13.264000,14.172300,0.332166,0.125350,0.119040,0.137216,0.006589,4.141950,4.135640,4.153816,0.006589,0.719900,0.874300,1.271500,1.150900,107.962798,3.267345,1.898306,204.946389,0.000000,0.000000,true
512,512,7,gaussian,cuda_multi_output,"NVIDIA GeForce GTX 1650 with Max-Q Design",32,16,5,25690112,13.533180,13.264000,14.172300,0.332166,0.196570,0.194560,0.197824,0.001143,1.926470,1.924460,1.927724,0.001143,0.283200,0.506800,0.525600,0.414300,68.846758,7.024860,1.898306,130.692190,0.000000,0.000000,true
512,512,7,gaussian,cuda_register_tiled,"NVIDIA GeForce GTX 1650 with Max-Q Design",32,16,5,25690112,13.533180,13.264000,14.172300,0.332166,0.173190,0.169344,0.182272,0.004686,4.741390,4.737544,4.750472,0.004686,1.680800,1.166000,1.287800,0.433600,78.140474,2.854264,1.898306,148.334504,0.000000,0.000000,true
512,512,7,gaussian,cuda_separable,"NVIDIA GeForce GTX 1650 with Max-Q Design",32,16,5,7340032,13.533180,13.264000,14.172300,0.332166,0.102893,0.102240,0.104928,0.001025,2.292893,2.292240,2.294928,0.001025,0.337100,0.479200,0.663400,0.710300,131.526988,5.902230,0.542373,71.336692,0.000000,0.000000,true
512,512,7,sharpen,cuda_naive_global_memory,"NVIDIA GeForce GTX 1650 with Max-Q Design",8,8,5,25690112,21.224060,14.121700,27.318200,4.890133,0.326502,0.317792,0.339936,0.008651,3.338402,3.329692,3.351836,0.008651,0.329400,0.610300,0.911300,1.160900,65.004301,6.357550,1.210424,78.682767,0.000001,0.000000,true
512,512,7,sharpen,cuda_shared_memory_tiled,"NVIDIA GeForce GTX 1650 with Max-Q Design",8,8,5,25690112,21.224060,14.121700,27.318200,4.890133,0.216685,0.216000,0.217216,0.000440,1.746085,1.745400,1.746616,0.000440,0.239700,0.480900,0.486700,0.322100,97.949002,12.155229,1.210424,118.559825,0.000001,0.000000,true
512,512,7,sharpen,cuda_shared_constant_filter,"NVIDIA GeForce GTX 1650 with Max-Q Design",8,8,5,25690112,21.224060,14.121700,27.318200,4.890133,0.161402,0.160096,0.165888,0.002248,1.787402,1.786096,1.791888,0.002248,0.170400,0.473400,0.516800,0.465400,131.498446,11.874254,1.210424,159.168878,0.000001,0.000000,true
512,512,7,sharpen,cuda_multi_output,"NVIDIA GeForce GTX 1650 with Max-Q Design",8,8,5,25690112,21.224060,14.121700,27.318200,4.890133,0.320314,0.315296,0.334656,0.007211,2.686014,2.680996,2.700356,0.007211,0.391600,1.148500,0.478900,0.346700,66.260253,7.901695,1.210424,80.203002,0.000001,0.000000,true
512,512,7,sharpen,cuda_register_tiled,"NVIDIA GeForce GTX 1650 with Max-Q Design",8,8,5,25690112,21.224060,14.121700,27.318200,4.890133,0.285882,0.282624,0.288768,0.002447,1.789882,1.786624,1.792768,0.002447,0.191500,0.478500,0.496200,0.337800,74.240734,11.857801,1.210424,89.862767,0.000001,0.000000,true
512,512,7,sharpen,cuda_naive_global_memory,"NVIDIA GeForce GTX 1650 with Max-Q Design",16,16,5,25690112,21.224060,14.121700,27.318200,4.890133,0.199264,0.195296,0.211104,0.005943,3.041964,3.037996,3.053804,0.005943,0.721400,0.660700,0.902600,0.558000,106.512263,6.977091,1.210424,128.925001,0.000001,0.000000,true
512,512,7,sharpen,cuda_shared_memory_tiled,"NVIDIA GeForce GTX 1650 with Max-Q Design",16,16,5,25690112,21.224060,14.121700,27.318200,4.890133,0.200301,0.199168,0.200960,0.000756,1.566501,1.565368,1.567160,0.000756,0.180900,0.476000,0.474900,0.234400,105.960936,13.548707,1.210424,128.257662,0.000001,0.000000,true
512,512,7,sharpen,cuda_shared_constant_filter,"NVIDIA GeForce GTX 1650 with Max-Q Design",16,16,5,25690112,21.224060,14.121700,27.318200,4.890133,0.149734,0.148416,0.151008,0.000865,1.872334,1.871016,1.873608,0.000865,0.216700,0.393300,0.578800,0.533800,141.744717,11.335614,1.210424,171.571210,0.000001,0.000000,true
512,512,7,sharpen,cuda_multi_output,"NVIDIA GeForce GTX 1650 with Max-Q Design",16,16,5,25690112,21.224060,14.121700,27.318200,4.890133,0.195808,0.194720,0.196608,0.000774,3.645508,3.644420,3.646308,0.000774,0.732700,1.837200,0.471000,0.408800,108.392199,5.821976,1.210424,131.200521,0.000001,0.000000,true
512,512,7,sharpen,cuda_register_tiled,"NVIDIA GeForce GTX 1650 with Max-Q Design",16,16,5,25690112,21.224060,14.121700,27.318200,4.890133,0.165069,0.163840,0.166112,0.000835,1.876369,1.875140,1.877412,0.000835,0.167500,0.482300,0.589100,0.472400,128.577055,11.311241,1.210424,155.632755,0.000001,0.000000,true
512,512,7,sharpen,cuda_naive_global_memory,"NVIDIA GeForce GTX 1650 with Max-Q Design",32,8,5,25690112,21.224060,14.121700,27.318200,4.890133,0.165696,0.158688,0.176128,0.007937,3.491896,3.484888,3.502328,0.007937,0.797900,0.554000,1.024700,0.949600,128.090360,6.078091,1.210424,155.043648,0.000001,0.000000,true
512,512,7,sharpen,cuda_shared_memory_tiled,"NVIDIA GeForce GTX 1650 with Max-Q Design",32,8,5,25690112,21.224060,14.121700,27.318200,4.890133,0.164333,0.157696,0.172256,0.006502,2.019933,2.013296,2.027856,0.006502,0.284800,0.624400,0.534600,0.411800,129.152916,10.507310,1.210424,156.329791,0.000001,0.000000,true
512,512,7,sharpen,cuda_shared_constant_filter,"NVIDIA GeForce GTX 1650 with Max-Q Design",32,8,5,25690112,21.224060,14.121700,27.318200,4.890133,0.116205,0.114688,0.119648,0.001881,2.217505,2.215988,2.220948,0.001881,0.373400,0.524600,0.733000,0.470300,182.643572,9.571145,1.210424,221.076167,0.000001,0.000000,true
512,512,7,sharpen,cuda_multi_output,"NVIDIA GeForce GTX 1650 with Max-Q Design",32,8,5,25690112,21.224060,14.121700,27.318200,4.890133,0.196045,0.191360,0.210464,0.007263,2.333445,2.328760,2.347864,0.007263,0.736300,0.507800,0.542300,0.351000,108.261277,9.095591,1.210424,131.042050,0.000001,0.000000,true
512,512,7,sharpen,cuda_register_tiled,"NVIDIA GeForce GTX 1650 with Max-Q Design",32,8,5,25690112,21.224060,14.121700,27.318200,4.890133,0.174176,0.161728,0.214208,0.020113,1.847576,1.835128,1.887608,0.020113,0.232800,0.419700,0.553900,0.467000,121.854103,11.487517,1.210424,147.495133,0.000001,0.000000,true
512,512,7,sharpen,cuda_naive_global_memory,"NVIDIA GeForce GTX 1650 with Max-Q Design",32,16,5,25690112,21.224060,14.121700,27.318200,4.890133,0.170042,0.167072,0.174208,0.002567,2.430242,2.427272,2.434408,0.002567,0.265100,0.845100,0.816200,0.333800,124.816866,8.733313,1.210424,151.081333,0.000001,0.000000,true
512,512,7,sharpen,cuda_shared_memory_tiled,"NVIDIA GeForce GTX 1650 with Max-Q Design",32,16,5,25690112,21.224060,14.121700,27.318200,4.890133,0.156339,0.155648,0.157696,0.000850,1.516239,1.515548,1.517596,0.000850,0.166000,0.476100,0.491700,0.226100,135.756485,13.997831,1.210424,164.322910,0.000001,0.000000,true
512,512,7,sharpen,cuda_shared_constant_filter,"NVIDIA GeForce GTX 1650 with Max-Q Design",32,16,5,25690112,21.224060,14.121700,27.318200,4.890133,0.123770,0.118784,0.141312,0.008779,2.284370,2.279384,2.301912,0.008779,0.147800,0.613900,0.586300,0.812600,171.480395,9.290992,1.210424,207.563989,0.000001,0.000000,true
512,512,7,sharpen,cuda_multi_output,"NVIDIA GeForce GTX 1650 with Max-Q Design",32,16,5,25690112,21.224060,14.121700,27.318200,4.890133,0.216026,0.193376,0.226688,0.013202,3.362426,3.339776,3.373088,0.013202,0.858200,1.440900,0.514700,0.332600,98.247893,6.312128,1.210424,118.921609,0.000001,0.000000,true
512,512,7,sharpen,cuda_register_tiled,"NVIDIA GeForce GTX 1650 with Max-Q Design",32,16,5,25690112,21.224060,14.121700,27.318200,4.890133,0.162784,0.161120,0.167424,0.002335,1.954984,1.953320,1.959624,0.002335,0.238700,0.482900,0.542400,0.528200,130.381734,10.856386,1.210424,157.817183,0.000001,0.000000,true
512,512,7,sobel,cuda_naive_global_memory,"NVIDIA GeForce GTX 1650 with Max-Q Design",8,8,5,25690112,13.620580,13.449100,13.748500,0.110130,0.312685,0.309920,0.316160,0.002370,2.408985,2.406220,2.412460,0.002370,0.533900,0.604600,0.512600,0.445200,43.560097,5.654075,1.886125,82.159773,0.000000,0.000000,true
512,512,7,sobel,cuda_shared_memory_tiled,"NVIDIA GeForce GTX 1650 with Max-Q Design",8,8,5,25690112,13.620580,13.449100,13.748500,0.110130,0.221056,0.219040,0.225152,0.002161,2.552856,2.550840,2.556952,0.002161,0.183300,0.639900,0.740200,0.768400,61.615970,5.335428,1.886125,116.215401,0.000000,0.000000,true
512,512,7,sobel,cuda_shared_constant_filter,"NVIDIA GeForce GTX 1650 with Max-Q Design",8,8,5,25690112,13.620580,13.449100,13.748500,0.110130,0.161114,0.158560,0.164832,0.002148,3.079714,3.077160,3.083432,0.002148,0.565500,1.467800,0.529400,0.355900,84.540227,4.422677,1.886125,159.453408,0.000000,0.000000,true
512,512,7,sobel,cuda_multi_output,"NVIDIA GeForce GTX 1650 with Max-Q Design",8,8,5,25690112,13.620580,13.449100,13.748500,0.110130,0.315930,0.312224,0.322720,0.003753,2.589330,2.585624,2.596120,0.003753,0.137200,0.671200,0.743900,0.721100,43.112706,5.260273,1.886125,81.315938,0.000000,0.000000,true
512,512,7,sobel,cuda_register_tiled,"NVIDIA GeForce GTX 1650 with Max-Q Design",8,8,5,25690112,13.620580,13.449100,13.748500,0.110130,0.284038,0.281856,0.290016,0.003031,2.844738,2.842556,2.850716,0.003031,0.260100,1.428900,0.521600,0.350100,47.953305,4.787990,1.886125,90.445911,0.000000,0.000000,true
512,512,7,sobel,cuda_naive_global_memory,"NVIDIA GeForce GTX 1650 with Max-Q Design",16,16,5,25690112,13.620580,13.449100,13.748500,0.110130,0.191942,0.190496,0.192992,0.000906,1.959542,1.958096,1.960592,0.000906,0.178100,0.632500,0.586000,0.371000,70.961809,6.950898,1.886125,133.842820,0.000000,0.000000,true
512,512,7,sobel,cuda_shared_memory_tiled,"NVIDIA GeForce GTX 1650 with Max-Q Design",16,16,5,25690112,13.620580,13.449100,13.748500,0.110130,0.208474,0.204768,0.211488,0.002502,3.260474,3.256768,3.263488,0.002502,0.747100,0.431000,0.992900,0.881000,65.334796,4.177485,1.886125,123.229570,0.000000,0.000000,true
512,512,7,sobel,cuda_shared_constant_filter,"NVIDIA GeForce GTX 1650 with Max-Q Design",16,16,5,25690112,13.620580,13.449100,13.748500,0.110130,0.143904,0.143328,0.145408,0.000778,1.875604,1.875028,1.877108,0.000778,0.173300,0.681100,0.554000,0.323300,94.650463,7.261970,1.886125,178.522574,0.000000,0.000000,true
512,512,7,sobel,cuda_multi_output,"NVIDIA GeForce GTX 1650 with Max-Q Design",16,16,5,25690112,13.620580,13.449100,13.748500,0.110130,0.213414,0.204832,0.219776,0.006275,2.477014,2.468432,2.483376,0.006275,0.174100,0.639000,0.890900,0.559600,63.822216,5.498789,1.886125,120.376656,0.000000,0.000000,true
512,512,7,sobel,cuda_register_tiled,"NVIDIA GeForce GTX 1650 with Max-Q Design",16,16,5,25690112,13.620580,13.449100,13.748500,0.110130,0.165338,0.164288,0.166784,0.000916,2.941138,2.940088,2.942584,0.000916,0.629400,1.217500,0.534300,0.394600,82.380415,4.631058,1.886125,155.379734,0.000000,0.000000,true
512,512,7,sobel,cuda_naive_global_memory,"NVIDIA GeForce GTX 1650 with Max-Q Design",32,8,5,25690112,13.620580,13.449100,13.748500,0.110130,0.156589,0.155232,0.157696,0.000795,1.698289,1.696932,1.699396,0.000795,0.170600,0.544900,0.517200,0.309000,86.983105,8.020179,1.886125,164.060981,0.000000,0.000000,true
512,512,7,sobel,cuda_shared_memory_tiled,"NVIDIA GeForce GTX 1650 with Max-Q Design",32,8,5,25690112,13.620580,13.449100,13.748500,0.110130,0.155789,0.154464,0.157664,0.001038,2.916089,2.914764,2.917964,0.001038,0.695500,0.441800,1.015100,0.607900,87.429777,4.670839,1.886125,164.903459,0.000000,0.000000,true
512,512,7,sobel,cuda_shared_constant_filter,"NVIDIA GeForce GTX 1650 with Max-Q Design",32,8,5,25690112,13.620580,13.449100,13.748500,0.110130,0.111744,0.110816,0.112640,0.000759,1.455644,1.454716,1.456540,0.000759,0.177700,0.457400,0.495800,0.213000,121.890929,9.357082,1.886125,229.901489,0.000000,0.000000,true
512,512,7,sobel,cuda_multi_output,"NVIDIA GeForce GTX 1650 with Max-Q Design",32,8,5,25690112,13.620580,13.449100,13.748500,0.110130,0.191539,0.190432,0.192512,0.000765,1.751039,1.749932,1.752012,0.000765,0.130500,0.451500,0.563600,0.413900,71.111188,7.778569,1.886125,134.124567,0.000000,0.000000,true
512,512,7,sobel,cuda_register_tiled,"NVIDIA GeForce GTX 1650 with Max-Q Design",32,8,5,25690112,13.620580,13.449100,13.748500,0.110130,0.172179,0.163456,0.186304,0.008413,2.693079,2.684356,2.707204,0.008413,0.242200,0.734100,0.957400,0.587200,79.107000,5.057623,1.886125,149.205664,0.000000,0.000000,true
512,512,7,sobel,cuda_naive_global_memory,"NVIDIA GeForce GTX 1650 with Max-Q Design",32,16,5,25690112,13.620580,13.449100,13.748500,0.110130,0.165702,0.164672,0.166976,0.000879,1.690302,1.689272,1.691576,0.000879,0.228100,0.492400,0.509800,0.294300,82.199050,8.058073,1.886125,155.037655,0.000000,0.000000,true
512,512,7,sobel,cuda_shared_memory_tiled,"NVIDIA GeForce GTX 1650 with Max-Q Design",32,16,5,25690112,13.620580,13.449100,13.748500,0.110130,0.160211,0.157664,0.162368,0.001671,2.252111,2.249564,2.254268,0.001671,0.148400,0.620200,0.716600,0.606700,85.016404,6.047916,1.886125,160.351536,0.000000,0.000000,true
512,512,7,sobel,cuda_shared_constant_filter,"NVIDIA GeForce GTX 1650 with Max-Q Design",32,16,5,25690112,13.620580,13.449100,13.748500,0.110130,0.115808,0.114688,0.118784,0.001540,2.830408,2.829288,2.833384,0.001540,0.720100,1.020400,0.502500,0.471600,117.613462,4.812232,1.886125,221.833653,0.000000,0.000000,true
512,512,7,sobel,cuda_multi_output,"NVIDIA GeForce GTX 1650 with Max-Q Design",32,16,5,25690112,13.620580,13.449100,13.748500,0.110130,0.192026,0.191264,0.192512,0.000449,1.917726,1.916964,1.918212,0.000449,0.190800,0.619000,0.537200,0.378700,70.931063,7.102466,1.886125,133.784827,0.000000,0.000000,true
512,512,7,sobel,cuda_register_tiled,"NVIDIA GeForce GTX 1650 with Max-Q Design",32,16,5,25690112,13.620580,13.449100,13.748500,0.110130,0.163322,0.161792,0.165888,0.001440,2.818622,2.817092,2.821188,0.001440,0.635400,0.547800,0.934700,0.537400,83.397297,4.832355,1.886125,157.297700,0.000000,0.000000,true
512,512,11,box,cuda_naive_global_memory,"NVIDIA GeForce GTX 1650 with Max-Q Design",8,8,5,63438848,29.182940,28.677700,29.904200,0.421207,0.737158,0.735680,0.739104,0.001188,3.808958,3.807480,3.810904,0.001188,0.608500,1.441400,0.578100,0.443800,39.588425,7.661659,2.173833,86.058639,0.000000,0.000000,true
512,512,11,box,cuda_shared_memory_tiled,"NVIDIA GeForce GTX 1650 with Max-Q Design",8,8,5,63438848,29.182940,28.677700,29.904200,0.421207,0.502963,0.491264,0.526176,0.012149,3.104863,3.093164,3.128076,0.012149,0.653400,0.830900,0.638200,0.479400,58.022019,9.399107,2.173833,126.130200,0.000000,0.000000,true
512,512,11,box,cuda_shared_constant_filter,"NVIDIA GeForce GTX 1650 with Max-Q Design",8,8,5,63438848,29.182940,28.677700,29.904200,0.421207,0.349766,0.348576,0.352192,0.001337,2.144166,2.142976,2.146592,0.001337,0.172300,0.647900,0.533000,0.441200,83.435514,13.610390,2.173833,181.374901,0.000000,0.000000,true
512,512,11,box,cuda_multi_output,"NVIDIA GeForce GTX 1650 with Max-Q Design",8,8,5,63438848,29.182940,28.677700,29.904200,0.421207,0.747782,0.743392,0.755232,0.004098,2.937682,2.933292,2.945132,0.004098,0.584500,0.579300,0.566700,0.459400,39.025978,9.934001,2.173833,84.835973,0.000000,0.000000,true
512,512,11,box,cuda_register_tiled,"NVIDIA GeForce GTX 1650 with Max-Q Design",8,8,5,63438848,29.182940,28.677700,29.904200,0.421207,0.735149,0.682784,0.885440,0.076646,3.356649,3.304284,3.506940,0.076646,0.292000,0.620800,1.057000,0.651700,39.696643,8.694070,2.173833,86.293886,0.000000,0.000000,true
512,512,11,box,cuda_separable,"NVIDIA GeForce GTX 1650 with Max-Q Design",8,8,5,11534336,29.182940,28.677700,29.904200,0.421207,0.180262,0.162560,0.187456,0.009137,1.955262,1.937560,1.962456,0.009137,0.183700,0.719100,0.558800,0.313400,161.891444,14.925332,0.395242,63.986367,0.000000,0.000000,true
512,512,11,box,cuda_naive_global_memory,"NVIDIA GeForce GTX 1650 with Max-Q Design",16,16,5,63438848,29.182940,28.677700,29.904200,0.421207,0.468269,0.453216,0.494272,0.015402,3.554169,3.539116,3.580172,0.015402,0.290200,0.696400,1.340100,0.759200,62.320916,8.210904,2.173833,135.475284,0.000000,0.000000,true
512,512,11,box,cuda_shared_memory_tiled,"NVIDIA GeForce GTX 1650 with Max-Q Design",16,16,5,63438848,29.182940,28.677700,29.904200,0.421207,0.462202,0.458560,0.474368,0.006111,2.486902,2.483260,2.499068,0.006111,0.178700,0.710000,0.609100,0.526900,63.138985,11.734658,2.173833,137.253631,0.000000,0.000000,true
512,512,11,box,cuda_shared_constant_filter,"NVIDIA GeForce GTX 1650 with Max-Q Design",16,16,5,63438848,29.182940,28.677700,29.904200,0.421207,0.336602,0.321824,0.380928,0.022425,2.739502,2.724724,2.783828,0.022425,0.392200,0.744900,0.718100,0.547700,86.698757,10.652646,2.173833,188.468648,0.000000,0.000000,true
512,512,11,box,cuda_multi_output,"NVIDIA GeForce GTX 1650 with Max-Q Design",16,16,5,63438848,29.182940,28.677700,29.904200,0.421207,0.464723,0.460864,0.468992,0.003177,2.953723,2.949864,2.957992,0.003177,0.304100,0.545200,0.542800,1.096900,62.796392,9.880052,2.173833,136.508890,0.000000,0.000000,true
512,512,11,box,cuda_register_tiled,"NVIDIA GeForce GTX 1650 with Max-Q Design",16,16,5,63438848,29.182940,28.677700,29.904200,0.421207,0.390176,0.387072,0.396832,0.003845,3.610776,3.607672,3.617432,0.003845,0.795700,1.430600,0.526900,0.467400,74.794297,8.082180,2.173833,162.590337,0.000000,0.000000,true
512,512,11,box,cuda_separable,"NVIDIA GeForce GTX 1650 with Max-Q Design",16,16,5,11534336,29.182940,28.677700,29.904200,0.421207,0.129722,0.120736,0.155456,0.013405,2.763622,2.754636,2.789356,0.013405,0.270200,0.801000,0.627400,0.935300,224.965925,10.559673,0.395242,88.916078,0.000000,0.000000,true
512,512,11,box,cuda_naive_global_memory,"NVIDIA GeForce GTX 1650 with Max-Q Design",32,8,5,63438848,29.182940,28.677700,29.904200,0.421207,0.323162,0.320832,0.323872,0.001171,3.509062,3.506732,3.509772,0.001171,0.717100,1.441500,0.617300,0.410000,90.304477,8.316451,2.173833,196.306883,0.000000,0.000000,true
512,512,11,box,cuda_shared_memory_tiled,"NVIDIA GeForce GTX 1650 with Max-Q Design",32,8,5,63438848,29.182940,28.677700,29.904200,0.421207,0.372282,0.339232,0.401408,0.020138,3.852782,3.819732,3.881908,0.020138,0.188300,0.697900,1.292800,1.301500,78.389424,7.574512,2.173833,170.405543,0.000000,0.000000,true
512,512,11,box,cuda_shared_constant_filter,"NVIDIA GeForce GTX 1650 with Max-Q Design",32,8,5,63438848,29.182940,28.677700,29.904200,0.421207,0.188595,0.187712,0.190464,0.000988,1.888795,1.887912,1.890664,0.000988,0.168600,0.653400,0.554900,0.323300,154.738507,15.450558,2.173833,336.375725,0.000000,0.000000,true
512,512,11,box,cuda_multi_output,"NVIDIA GeForce GTX 1650 with Max-Q Design",32,8,5,63438848,29.182940,28.677700,29.904200,0.421207,0.483277,0.473568,0.506816,0.012084,3.739977,3.730268,3.763516,0.012084,0.132600,0.586700,1.188800,1.348600,60.385559,7.802974,2.173833,131.268141,0.000000,0.000000,true
512,512,11,box,cuda_register_tiled,"NVIDIA GeForce GTX 1650 with Max-Q Design",32,8,5,63438848,29.182940,28.677700,29.904200,0.421207,0.382656,0.380512,0.385760,0.002180,2.048756,2.046612,2.051860,0.002180,0.168900,0.600500,0.568100,0.328600,76.264165,14.244224,2.173833,165.785585,0.000000,0.000000,true
512,512,11,box,cuda_separable,"NVIDIA GeForce GTX 1650 with Max-Q Design",32,8,5,11534336,29.182940,28.677700,29.904200,0.421207,0.114029,0.106432,0.129600,0.008680,2.403229,2.395632,2.418800,0.008680,0.258700,0.501000,0.935100,0.594400,255.926048,12.143222,0.395242,101.152832,0.000000,0.000000,true
512,512,11,box,cuda_naive_global_memory,"NVIDIA GeForce GTX 1650 with Max-Q Design",32,16,5,63438848,29.182940,28.677700,29.904200,0.421207,0.329952,0.329216,0.331424,0.000804,2.865552,2.864816,2.867024,0.000804,0.602300,1.042300,0.533900,0.357100,88.446016,10.184055,2.173833,192.266899,0.000000,0.000000,true
512,512,11,box,cuda_shared_memory_tiled,"NVIDIA GeForce GTX 1650 with Max-Q Design",32,16,5,63438848,29.182940,28.677700,29.904200,0.421207,0.375654,0.342016,0.409600,0.026318,2.707354,2.673716,2.741300,0.026318,0.138300,0.654700,0.642200,0.896500,77.685607,10.779136,2.173833,168.875562,0.000000,0.000000,true
512,512,11,box,cuda_shared_constant_filter,"NVIDIA GeForce GTX 1650 with Max-Q Design",32,16,5,63438848,29.182940,28.677700,29.904200,0.421207,0.181901,0.181600,0.182400,0.000315,1.900001,1.899700,1.900500,0.000315,0.370800,0.518700,0.529800,0.298800,160.433267,15.359436,2.173833,348.755185,0.000000,0.000000,true
512,512,11,box,cuda_multi_output,"NVIDIA GeForce GTX 1650 with Max-Q Design",32,16,5,63438848,29.182940,28.677700,29.904200,0.421207,0.498733,0.480832,0.528000,0.017065,3.409233,3.391332,3.438500,0.017065,0.140800,0.602400,1.288300,0.879000,58.514178,8.559973,2.173833,127.200072,0.000000,0.000000,true
512,512,11,box,cuda_register_tiled,"NVIDIA GeForce GTX 1650 with Max-Q Design",32,16,5,63438848,29.182940,28.677700,29.904200,0.421207,0.378707,0.377248,0.379776,0.001085,2.202507,2.201048,2.203576,0.001085,0.188800,0.720800,0.582700,0.331500,77.059375,13.249873,2.173833,167.514238,0.000000,0.000000,true
512,512,11,box,cuda_separable,"NVIDIA GeForce GTX 1650 with Max-Q Design",32,16,5,11534336,29.182940,28.677700,29.904200,0.421207,0.124390,0.118944,0.140320,0.008008,2.434690,2.429244,2.450620,0.008008,0.262600,0.557800,0.804400,0.685500,234.607653,11.986304,0.395242,92.726898,0.000000,0.000000,true
512,512,11,gaussian,cuda_naive_global_memory,"NVIDIA GeForce GTX 1650 with Max-Q Design",8,8,5,63438848,29.108180,28.593500,29.694200,0.484820,0.741555,0.737280,0.747520,0.003504,3.045455,3.041180,3.051420,0.003504,0.631700,0.605200,0.561800,0.505200,39.252883,9.557908,2.179417,85.548381,0.000000,0.000000,true
512,512,11,gaussian,cuda_shared_memory_tiled,"NVIDIA GeForce GTX 1650 with Max-Q Design",8,8,5,63438848,29.108180,28.593500,29.694200,0.484820,0.510406,0.489600,0.562304,0.026395,2.657706,2.636900,2.709604,0.026395,0.172600,0.603100,0.635500,0.736100,57.029418,10.952369,2.179417,124.290856,0.000000,0.000000,true
512,512,11,gaussian,cuda_shared_constant_filter,"NVIDIA GeForce GTX 1650 with Max-Q Design",8,8,5,63438848,29.108180,28.593500,29.694200,0.484820,0.350771,0.350176,0.352224,0.000749,2.382371,2.381776,2.383824,0.000749,0.484500,0.648700,0.568400,0.330000,82.983380,12.218155,2.179417,180.855349,0.000000,0.000000,true
512,512,11,gaussian,cuda_multi_output,"NVIDIA GeForce GTX 1650 with Max-Q Design",8,8,5,63438848,29.108180,28.593500,29.694200,0.484820,0.761286,0.744064,0.772864,0.011650,2.779486,2.762264,2.791064,0.011650,0.125600,0.668300,0.784800,0.439500,38.235519,10.472503,2.179417,83.331121,0.000000,0.000000,true
512,512,11,gaussian,cuda_register_tiled,"NVIDIA GeForce GTX 1650 with Max-Q Design",8,8,5,63438848,29.108180,28.593500,29.694200,0.484820,0.676723,0.673792,0.687584,0.005432,3.456923,3.453992,3.467784,0.005432,0.168800,0.688100,0.711200,1.212100,43.013422,8.420257,2.179417,93.744161,0.000000,0.000000,true
512,512,11,gaussian,cuda_separable,"NVIDIA GeForce GTX 1650 with Max-Q Design",8,8,5,11534336,29.108180,28.593500,29.694200,0.484820,0.164646,0.160224,0.178304,0.006851,2.138246,2.133824,2.151904,0.006851,0.254500,0.814500,0.511700,0.392900,176.792081,13.613108,0.396258,70.055196,0.000000,0.000000,true
512,512,11,gaussian,cuda_naive_global_memory,"NVIDIA GeForce GTX 1650 with Max-Q Design",16,16,5,63438848,29.108180,28.593500,29.694200,0.484820,0.510150,0.452512,0.673088,0.082456,2.662350,2.604712,2.825288,0.082456,0.138500,0.596400,0.767800,0.649500,57.058035,10.933264,2.179417,124.353224,0.000000,0.000000,true
512,512,11,gaussian,cuda_shared_memory_tiled,"NVIDIA GeForce GTX 1650 with Max-Q Design",16,16,5,63438848,29.108180,28.593500,29.694200,0.484820,0.466189,0.461568,0.476000,0.005032,2.534789,2.530168,2.544600,0.005032,0.637200,0.519900,0.541800,0.369700,62.438609,11.483473,2.179417,136.079734,0.000000,0.000000,true
512,512,11,gaussian,cuda_shared_constant_filter,"NVIDIA GeForce GTX 1650 with Max-Q Design",16,16,5,63438848,29.108180,28.593500,29.694200,0.484820,0.323616,0.317440,0.331808,0.005334,3.814716,3.808540,3.822908,0.005334,0.304900,0.551700,1.386900,1.247600,89.946664,7.630497,2.179417,196.031244,0.000000,0.000000,true
512,512,11,gaussian,cuda_multi_output,"NVIDIA GeForce GTX 1650 with Max-Q Design",16,16,5,63438848,29.108180,28.593500,29.694200,0.484820,0.460397,0.458496,0.464064,0.001946,2.495697,2.493796,2.499364,0.001946,0.376000,0.537500,0.565600,0.556200,63.224115,11.663348,2.179417,137.791680,0.000000,0.000000,true
512,512,11,gaussian,cuda_register_tiled,"NVIDIA GeForce GTX 1650 with Max-Q Design",16,16,5,63438848,29.108180,28.593500,29.694200,0.484820,0.412083,0.398944,0.453920,0.021049,2.556083,2.542944,2.597920,0.021049,0.530300,0.630600,0.587900,0.395200,70.636657,11.387806,2.179417,153.946697,0.000000,0.000000,true
512,512,11,gaussian,cuda_separable,"NVIDIA GeForce GTX 1650 with Max-Q Design",16,16,5,11534336,29.108180,28.593500,29.694200,0.484820,0.120384,0.118784,0.122080,0.001176,2.247684,2.246084,2.249380,0.001176,0.404200,0.545500,0.607300,0.570300,241.794424,12.950299,0.396258,95.812865,0.000000,0.000000,true
512,512,11,gaussian,cuda_naive_global_memory,"NVIDIA GeForce GTX 1650 with Max-Q Design",32,8,5,63438848,29.108180,28.593500,29.694200,0.484820,0.327194,0.324352,0.333888,0.003428,3.257294,3.254452,3.263988,0.003428,0.431800,1.059400,0.655200,0.783700,88.963170,8.936308,2.179417,193.887802,0.000000,0.000000,true
512,512,11,gaussian,cuda_shared_memory_tiled,"NVIDIA GeForce GTX 1650 with Max-Q Design",32,8,5,63438848,29.108180,28.593500,29.694200,0.484820,0.396627,0.339552,0.589856,0.097435,2.219027,2.161952,2.412256,0.097435,0.180200,0.640000,0.543000,0.459200,73.389267,13.117541,2.179417,159.945781,0.000000,0.000000,true
512,512,11,gaussian,cuda_shared_constant_filter,"NVIDIA GeForce GTX 1650 with Max-Q Design",32,8,5,63438848,29.108180,28.593500,29.694200,0.484820,0.193760,0.186400,0.216608,0.011558,4.010060,4.002700,4.032908,0.011558,0.770400,1.942500,0.704500,0.398900,150.228013,7.258789,2.179417,327.409411,0.000000,0.000000,true
512,512,11,gaussian,cuda_multi_output,"NVIDIA GeForce GTX 1650 with Max-Q Design",32,8,5,63438848,29.108180,28.593500,29.694200,0.484820,0.451482,0.450400,0.452640,0.000949,2.127682,2.126600,2.128840,0.000949,0.210500,0.418100,0.515100,0.532500,64.472572,13.680703,2.179417,140.512588,0.000000,0.000000,true
512,512,11,gaussian,cuda_register_tiled,"NVIDIA GeForce GTX 1650 with Max-Q Design",32,8,5,63438848,29.108180,28.593500,29.694200,0.484820,0.396218,0.379488,0.409600,0.012624,2.290118,2.273388,2.303500,0.012624,0.216400,0.781700,0.561800,0.334000,73.465137,12.710343,2.179417,160.111132,0.000000,0.000000,true
512,512,11,gaussian,cuda_separable,"NVIDIA GeForce GTX 1650 with Max-Q Design",32,8,5,11534336,29.108180,28.593500,29.694200,0.484820,0.107654,0.106752,0.108256,0.000597,1.726954,1.726052,1.727556,0.000597,0.144600,0.572700,0.537800,0.364200,270.385414,16.855211,0.396258,107.142261,0.000000,0.000000,true
512,512,11,gaussian,cuda_naive_global_memory,"NVIDIA GeForce GTX 1650 with Max-Q Design",32,16,5,63438848,29.108180,28.593500,29.694200,0.484820,0.334157,0.329152,0.340512,0.003820,2.680157,2.675152,2.686512,0.003820,0.426800,0.745200,0.751000,0.423000,87.109347,10.860626,2.179417,189.847548,0.000000,0.000000,true
512,512,11,gaussian,cuda_shared_memory_tiled,"NVIDIA GeForce GTX 1650 with Max-Q Design",32,16,5,63438848,29.108180,28.593500,29.694200,0.484820,0.357011,0.338432,0.370688,0.010672,2.141511,2.122932,2.155188,0.010672,0.169400,0.602300,0.563300,0.449500,81.532961,13.592355,2.179417,177.694280,0.000000,0.000000,true
512,512,11,gaussian,cuda_shared_constant_filter,"NVIDIA GeForce GTX 1650 with Max-Q Design",32,16,5,63438848,29.108180,28.593500,29.694200,0.484820,0.187578,0.186368,0.189120,0.001099,3.093678,3.092468,3.095220,0.001099,0.430400,0.803900,0.928000,0.743800,155.179404,9.408925,2.179417,338.200554,0.000000,0.000000,true
512,512,11,gaussian,cuda_multi_output,"NVIDIA GeForce GTX 1650 with Max-Q Design",32,16,5,63438848,29.108180,28.593500,29.694200,0.484820,0.452909,0.449568,0.454592,0.001737,2.178009,2.174668,2.179692,0.001737,0.166900,0.619700,0.563900,0.374600,64.269408,13.364583,2.179417,140.069808,0.000000,0.000000,true
512,512,11,gaussian,cuda_register_tiled,"NVIDIA GeForce GTX 1650 with Max-Q Design",32,16,5,63438848,29.108180,28.593500,29.694200,0.484820,0.383674,0.380928,0.388608,0.003357,3.511074,3.508328,3.516008,0.003357,0.479700,1.091200,0.942100,0.614400,75.867037,8.290393,2.179417,165.345874,0.000000,0.000000,true
512,512,11,gaussian,cuda_separable,"NVIDIA GeForce GTX 1650 with Max-Q Design",32,16,5,11534336,29.108180,28.593500,29.694200,0.484820,0.116781,0.116000,0.117248,0.000446,1.695181,1.694400,1.695648,0.000446,0.172300,0.635100,0.496700,0.274300,249.254844,17.171136,0.396258,98.769113,0.000000,0.000000,true
512,512,11,sharpen,cuda_naive_global_memory,"NVIDIA GeForce GTX 1650 with Max-Q Design",8,8,5,63438848,29.857000,28.523400,31.472300,0.942525,0.738336,0.737248,0.741248,0.001504,2.728236,2.727148,2.731148,0.001504,0.245900,0.657400,0.561600,0.525000,40.438228,10.943701,2.124756,85.921378,0.000001,0.000000,true
512,512,11,sharpen,cuda_shared_memory_tiled,"NVIDIA GeForce GTX 1650 with Max-Q Design",8,8,5,63438848,29.857000,28.523400,31.472300,0.942525,0.492314,0.487648,0.497312,0.003405,2.586814,2.582148,2.591812,0.003405,0.303500,0.764200,0.569600,0.457200,60.646303,11.541999,2.124756,128.858612,0.000001,0.000000,true
512,512,11,sharpen,cuda_shared_constant_filter,"NVIDIA GeForce GTX 1650 with Max-Q Design",8,8,5,63438848,29.857000,28.523400,31.472300,0.942525,0.366310,0.350464,0.389088,0.014190,2.289310,2.273464,2.312088,0.014190,0.163300,0.593200,0.556000,0.610500,81.507379,13.041919,2.124756,173.183314,0.000001,0.000000,true
512,512,11,sharpen,cuda_multi_output,"NVIDIA GeForce GTX 1650 with Max-Q Design",8,8,5,63438848,29.857000,28.523400,31.472300,0.942525,0.745997,0.742912,0.751936,0.003150,2.798597,2.795512,2.804536,0.003150,0.232800,0.805000,0.578600,0.436200,40.022960,10.668561,2.124756,85.039035,0.000001,0.000000,true
512,512,11,sharpen,cuda_register_tiled,"NVIDIA GeForce GTX 1650 with Max-Q Design",8,8,5,63438848,29.857000,28.523400,31.472300,0.942525,0.719712,0.675840,0.815104,0.050134,3.111312,3.067440,3.206704,0.050134,0.143700,0.688100,0.993800,0.566000,41.484649,9.596273,2.124756,88.144768,0.000001,0.000000,true
512,512,11,sharpen,cuda_naive_global_memory,"NVIDIA GeForce GTX 1650 with Max-Q Design",16,16,5,63438848,29.857000,28.523400,31.472300,0.942525,0.463667,0.450016,0.490496,0.016873,2.496767,2.483116,2.523596,0.016873,0.237300,0.662100,0.578200,0.555500,64.393168,11.958263,2.124756,136.819787,0.000001,0.000000,true
512,512,11,sharpen,cuda_shared_memory_tiled,"NVIDIA GeForce GTX 1650 with Max-Q Design",16,16,5,63438848,29.857000,28.523400,31.472300,0.942525,0.464000,0.458944,0.473696,0.005060,2.723600,2.718544,2.733296,0.005060,0.385900,0.728500,0.579200,0.566000,64.346983,10.962329,2.124756,136.721656,0.000001,0.000000,true
512,512,11,sharpen,cuda_shared_constant_filter,"NVIDIA GeForce GTX 1650 with Max-Q Design",16,16,5,63438848,29.857000,28.523400,31.472300,0.942525,0.331827,0.317440,0.347328,0.011933,2.647327,2.632940,2.662828,0.011933,0.178700,0.674900,0.652100,0.809800,89.977555,11.278168,2.124756,191.180374,0.000001,0.000000,true
512,512,11,sharpen,cuda_multi_output,"NVIDIA GeForce GTX 1650 with Max-Q Design",16,16,5,63438848,29.857000,28.523400,31.472300,0.942525,0.466355,0.458624,0.492512,0.013118,4.142555,4.134824,4.168712,0.013118,0.933600,1.570400,0.746100,0.426100,64.022016,7.207387,2.124756,136.031180,0.000001,0.000000,true
512,512,11,sharpen,cuda_register_tiled,"NVIDIA GeForce GTX 1650 with Max-Q Design",16,16,5,63438848,29.857000,28.523400,31.472300,0.942525,0.413990,0.388000,0.427712,0.016968,3.983390,3.957400,3.997112,0.016968,0.226000,0.754700,1.009200,1.579500,72.120029,7.495374,2.124756,153.237485,0.000001,0.000000,true
512,512,11,sharpen,cuda_naive_global_memory,"NVIDIA GeForce GTX 1650 with Max-Q Design",32,8,5,63438848,29.857000,28.523400,31.472300,0.942525,0.331046,0.326016,0.349024,0.008994,2.167546,2.162516,2.185524,0.008994,0.288400,0.485700,0.585100,0.477300,90.189773,13.774561,2.124756,191.631287,0.000001,0.000000,true
512,512,11,sharpen,cuda_shared_memory_tiled,"NVIDIA GeForce GTX 1650 with Max-Q Design",32,8,5,63438848,29.857000,28.523400,31.472300,0.942525,0.346547,0.338560,0.352160,0.004791,3.096347,3.088360,3.101960,0.004791,0.608600,0.691000,0.842500,0.607700,86.155653,9.642652,2.124756,183.059763,0.000001,0.000000,true
512,512,11,sharpen,cuda_shared_constant_filter,"NVIDIA GeForce GTX 1650 with Max-Q Design",32,8,5,63438848,29.857000,28.523400,31.472300,0.942525,0.192672,0.190880,0.194560,0.001605,2.223472,2.221680,2.225360,0.001605,0.283400,0.619700,0.621400,0.506300,154.962837,13.428098,2.124756,329.258259,0.000001,0.000000,true
512,512,11,sharpen,cuda_multi_output,"NVIDIA GeForce GTX 1650 with Max-Q Design",32,8,5,63438848,29.857000,28.523400,31.472300,0.942525,0.453459,0.448160,0.460320,0.004270,3.253859,3.248560,3.260720,0.004270,0.693100,0.813600,0.724600,0.569100,65.842749,9.175873,2.124756,139.899793,0.000001,0.000000,true
512,512,11,sharpen,cuda_register_tiled,"NVIDIA GeForce GTX 1650 with Max-Q Design",32,8,5,63438848,29.857000,28.523400,31.472300,0.942525,0.541958,0.400800,1.034240,0.246546,2.830858,2.689700,3.323140,0.246546,0.211200,0.622000,0.880600,0.575100,55.090944,10.546978,2.124756,117.054829,0.000001,0.000000,true
512,512,11,sharpen,cuda_naive_global_memory,"NVIDIA GeForce GTX 1650 with Max-Q Design",32,16,5,63438848,29.857000,28.523400,31.472300,0.942525,0.333446,0.329248,0.343328,0.005095,3.026846,3.022648,3.036728,0.005095,0.920100,0.734300,0.557900,0.481100,89.540626,9.864062,2.124756,190.252006,0.000001,0.000000,true
512,512,11,sharpen,cuda_shared_memory_tiled,"NVIDIA GeForce GTX 1650 with Max-Q Design",32,16,5,63438848,29.857000,28.523400,31.472300,0.942525,0.362496,0.344064,0.386176,0.017058,4.398696,4.380264,4.422376,0.017058,0.902300,0.602800,1.473400,1.057700,82.365047,6.787693,2.124756,175.005649,0.000001,0.000000,true
512,512,11,sharpen,cuda_shared_constant_filter,"NVIDIA GeForce GTX 1650 with Max-Q Design",32,16,5,63438848,29.857000,28.523400,31.472300,0.942525,0.182515,0.181696,0.183648,0.000766,2.229815,2.228996,2.230948,0.000766,0.235600,0.647500,0.544400,0.619800,163.586374,13.389899,2.124756,347.581175,0.000001,0.000000,true
512,512,11,sharpen,cuda_multi_output,"NVIDIA GeForce GTX 1650 with Max-Q Design",32,16,5,63438848,29.857000,28.523400,31.472300,0.942525,0.458707,0.452608,0.466944,0.005027,3.538607,3.532508,3.546844,0.005027,0.868100,0.859100,0.741000,0.611700,65.089452,8.437501,2.124756,138.299221,0.000001,0.000000,true
512,512,11,sharpen,cuda_register_tiled,"NVIDIA GeForce GTX 1650 with Max-Q Design",32,16,5,63438848,29.857000,28.523400,31.472300,0.942525,0.384198,0.379232,0.390336,0.003603,2.686698,2.681732,2.692836,0.003603,0.198100,0.868800,0.597800,0.637800,77.712453,11.112896,2.124756,165.120022,0.000001,0.000000,true
512,512,11,sobel,cuda_naive_global_memory,"NVIDIA GeForce GTX 1650 with Max-Q Design",8,8,5,63438848,34.452260,30.746500,37.952800,2.958115,0.753907,0.739648,0.775104,0.015033,3.401207,3.386948,3.422404,0.015033,0.251900,0.628500,1.092400,0.674500,45.698277,10.129421,1.841355,84.146761,0.000000,0.000000,true
512,512,11,sobel,cuda_shared_memory_tiled,"NVIDIA GeForce GTX 1650 with Max-Q Design",8,8,5,63438848,34.452260,30.746500,37.952800,2.958115,0.491014,0.488448,0.497600,0.003331,2.296314,2.293748,2.302900,0.003331,0.171800,0.651700,0.532700,0.449100,70.165478,15.003285,1.841355,129.199568,0.000000,0.000000,true
512,512,11,sobel,cuda_shared_constant_filter,"NVIDIA GeForce GTX 1650 with Max-Q Design",8,8,5,63438848,34.452260,30.746500,37.952800,2.958115,0.352269,0.348480,0.356800,0.003079,2.765269,2.761480,2.769800,0.003079,0.535400,0.922200,0.503100,0.452300,97.801057,12.458919,1.841355,180.086484,0.000000,0.000000,true
512,512,11,sobel,cuda_multi_output,"NVIDIA GeForce GTX 1650 with Max-Q Design",8,8,5,63438848,34.452260,30.746500,37.952800,2.958115,0.766912,0.745056,0.782240,0.013332,3.716912,3.695056,3.732240,0.013332,0.187400,0.548700,0.809500,1.404400,44.923355,9.269055,1.841355,82.719854,0.000000,0.000000,true
512,512,11,sobel,cuda_register_tiled,"NVIDIA GeForce GTX 1650 with Max-Q Design",8,8,5,63438848,34.452260,30.746500,37.952800,2.958115,0.673984,0.672032,0.674752,0.001038,2.556984,2.555032,2.557752,0.001038,0.234000,0.600300,0.521800,0.526900,51.117326,13.473788,1.841355,94.125154,0.000000,0.000000,true
512,512,11,sobel,cuda_naive_global_memory,"NVIDIA GeForce GTX 1650 with Max-Q Design",16,16,5,63438848,34.452260,30.746500,37.952800,2.958115,0.453139,0.449152,0.457440,0.002963,2.621139,2.617152,2.625440,0.002963,0.434500,0.726200,0.544400,0.462900,76.030192,13.144002,1.841355,139.998588,0.000000,0.000000,true
512,512,11,sobel,cuda_shared_memory_tiled,"NVIDIA GeForce GTX 1650 with Max-Q Design",16,16,5,63438848,34.452260,30.746500,37.952800,2.958115,0.474227,0.457696,0.504576,0.020005,2.832127,2.815596,2.862476,0.020005,0.159200,0.690300,0.635300,0.873100,72.649270,12.164800,1.841355,133.773111,0.000000,0.000000,true
512,512,11,sobel,cuda_shared_constant_filter,"NVIDIA GeForce GTX 1650 with Max-Q Design",16,16,5,63438848,34.452260,30.746500,37.952800,2.958115,0.321414,0.316960,0.338016,0.008303,3.595214,3.590760,3.611816,0.008303,0.985000,1.349900,0.540700,0.398200,107.189535,9.582811,1.841355,197.374007,0.000000,0.000000,true
512,512,11,sobel,cuda_multi_output,"NVIDIA GeForce GTX 1650 with Max-Q Design",16,16,5,63438848,34.452260,30.746500,37.952800,2.958115,0.498899,0.475872,0.526304,0.017725,3.616999,3.593972,3.644404,0.017725,0.151600,0.692200,1.216800,1.057500,69.056554,9.525095,1.841355,127.157644,0.000000,0.000000,true
512,512,11,sobel,cuda_register_tiled,"NVIDIA GeForce GTX 1650 with Max-Q Design",16,16,5,63438848,34.452260,30.746500,37.952800,2.958115,0.388659,0.386976,0.390528,0.001227,2.133159,2.131476,2.135028,0.001227,0.181700,0.621800,0.544500,0.396500,88.643881,16.150815,1.841355,163.224870,0.000000,0.000000,true
512,512,11,sobel,cuda_naive_global_memory,"NVIDIA GeForce GTX 1650 with Max-Q Design",32,8,5,63438848,34.452260,30.746500,37.952800,2.958115,0.329734,0.324896,0.333568,0.003609,3.602034,3.597196,3.605868,0.003609,0.301100,0.993900,1.144200,0.833100,104.484881,9.564667,1.841355,192.393779,0.000000,0.000000,true
512,512,11,sobel,cuda_shared_memory_tiled,"NVIDIA GeForce GTX 1650 with Max-Q Design",32,8,5,63438848,34.452260,30.746500,37.952800,2.958115,0.339040,0.337920,0.339968,0.000786,2.125540,2.124420,2.126468,0.000786,0.256400,0.587000,0.573300,0.369800,101.617096,16.208709,1.841355,187.113167,0.000000,0.000000,true
512,512,11,sobel,cuda_shared_constant_filter,"NVIDIA GeForce GTX 1650 with Max-Q Design",32,8,5,63438848,34.452260,30.746500,37.952800,2.958115,0.200819,0.191872,0.229376,0.014336,3.176519,3.167572,3.205076,0.014336,0.456900,0.993000,0.936100,0.589700,171.558596,10.845916,1.841355,315.900312,0.000000,0.000000,true
512,512,11,sobel,cuda_multi_output,"NVIDIA GeForce GTX 1650 with Max-Q Design",32,8,5,63438848,34.452260,30.746500,37.952800,2.958115,0.449901,0.447296,0.450560,0.001302,2.188401,2.185796,2.189060,0.001302,0.167400,0.638800,0.511000,0.421300,76.577459,15.743122,1.841355,141.006302,0.000000,0.000000,true
512,512,11,sobel,cuda_register_tiled,"NVIDIA GeForce GTX 1650 with Max-Q Design",32,8,5,63438848,34.452260,30.746500,37.952800,2.958115,0.380461,0.377760,0.383680,0.002384,3.319461,3.316760,3.322680,0.002384,0.473200,0.956600,0.957700,0.551500,90.554035,10.378872,1.841355,166.742143,0.000000,0.000000,true
512,512,11,sobel,cuda_naive_global_memory,"NVIDIA GeForce GTX 1650 with Max-Q Design",32,16,5,63438848,34.452260,30.746500,37.952800,2.958115,0.330048,0.328640,0.331488,0.001140,2.097548,2.096140,2.098988,0.001140,0.173300,0.584500,0.641200,0.368500,104.385602,16.425016,1.841355,192.210971,0.000000,0.000000,true
512,512,11,sobel,cuda_shared_memory_tiled,"NVIDIA GeForce GTX 1650 with Max-Q Design",32,16,5,63438848,34.452260,30.746500,37.952800,2.958115,0.341466,0.337504,0.349344,0.004401,3.064266,3.060304,3.072144,0.004401,0.653000,1.111400,0.548800,0.409600,100.895259,11.243236,1.841355,185.784010,0.000000,0.000000,true
512,512,11,sobel,cuda_shared_constant_filter,"NVIDIA GeForce GTX 1650 with Max-Q Design",32,16,5,63438848,34.452260,30.746500,37.952800,2.958115,0.183053,0.182240,0.184320,0.000871,1.792153,1.791340,1.793420,0.000871,0.170200,0.620400,0.549600,0.268900,188.209414,19.223952,1.841355,346.560382,0.000000,0.000000,true
512,512,11,sobel,cuda_multi_output,"NVIDIA GeForce GTX 1650 with Max-Q Design",32,16,5,63438848,34.452260,30.746500,37.952800,2.958115,0.473760,0.453056,0.494944,0.013325,3.187160,3.166456,3.208344,0.013325,0.204400,0.529900,1.206700,0.772400,72.720913,10.809705,1.841355,133.905031,0.000000,0.000000,true
512,512,11,sobel,cuda_register_tiled,"NVIDIA GeForce GTX 1650 with Max-Q Design",32,16,5,63438848,34.452260,30.746500,37.952800,2.958115,0.379315,0.376480,0.382976,0.002286,2.125215,2.122380,2.128876,0.002286,0.167900,0.720400,0.562500,0.295100,90.827523,16.211187,1.841355,167.245732,0.000000,0.000000,true
1024,1024,3,box,cuda_naive_global_memory,"NVIDIA GeForce GTX 1650 with Max-Q Design",8,8,5,18874368,14.470580,13.434700,16.316400,1.020267,0.311802,0.282624,0.360448,0.028912,5.968902,5.939724,6.017548,0.028912,0.392900,1.737800,2.891600,0.634800,46.409576,2.424329,1.304327,60.533262,0.000000,0.000000,true
1024,1024,3,box,cuda_shared_memory_tiled,"NVIDIA GeForce GTX 1650 with Max-Q Design",8,8,5,18874368,14.470580,13.434700,16.316400,1.020267,0.287680,0.280640,0.302368,0.008449,5.975880,5.968840,5.990568,0.008449,0.200800,1.684700,2.261800,1.540900,50.300959,2.421498,1.304327,65.608899,0.000000,0.000000,true
1024,1024,3,box,cuda_shared_constant_filter,"NVIDIA GeForce GTX 1650 with Max-Q Design",8,8,5,18874368,14.470580,13.434700,16.316400,1.020267,0.251053,0.247392,0.264000,0.006504,5.737953,5.734292,5.750900,0.006504,0.221000,1.630000,2.178900,1.457000,57.639588,2.521906,1.304327,75.180869,0.000000,0.000000,true
1024,1024,3,box,cuda_multi_output,"NVIDIA GeForce GTX 1650 with Max-Q Design",8,8,5,18874368,14.470580,13.434700,16.316400,1.020267,0.273971,0.264640,0.284640,0.008396,5.151571,5.142240,5.162240,0.008396,0.203800,1.585500,1.867000,1.221300,52.817887,2.808964,1.304327,68.891796,0.000000,0.000000,true
1024,1024,3,box,cuda_register_tiled,"NVIDIA GeForce GTX 1650 with Max-Q Design",8,8,5,18874368,14.470580,13.434700,16.316400,1.020267,0.239757,0.238976,0.240256,0.000486,4.651857,4.651076,4.652356,0.000486,0.268400,1.459200,1.948200,0.736300,60.355244,3.110711,1.304327,78.722973,0.000000,0.000000,true
1024,1024,3,box,cuda_separable,"NVIDIA GeForce GTX 1650 with Max-Q Design",8,8,5,12582912,14.470580,13.434700,16.316400,1.020267,0.304570,0.295776,0.317952,0.008090,5.302870,5.294076,5.316252,0.008090,0.305600,1.626000,2.114900,0.951800,47.511570,2.728821,0.869551,41.313749,0.000000,0.000000,true
1024,1024,3,box,cuda_naive_global_memory,"NVIDIA GeForce GTX 1650 with Max-Q Design",16,16,5,18874368,14.470580,13.434700,16.316400,1.020267,0.234413,0.230816,0.246912,0.006259,4.961213,4.957616,4.973712,0.006259,0.206200,1.608500,1.865100,1.047000,61.731185,2.916742,1.304327,80.517650,0.000000,0.000000,true
1024,1024,3,box,cuda_shared_memory_tiled,"NVIDIA GeForce GTX 1650 with Max-Q Design",16,16,5,18874368,14.470580,13.434700,16.316400,1.020267,0.274899,0.272384,0.278496,0.001986,6.354699,6.352184,6.358296,0.001986,0.205000,1.485500,1.918600,2.470700,52.639586,2.277146,1.304327,68.659233,0.000000,0.000000,true
1024,1024,3,box,cuda_shared_constant_filter,"NVIDIA GeForce GTX 1650 with Max-Q Design",16,16,5,18874368,14.470580,13.434700,16.316400,1.020267,0.248051,0.242560,0.262144,0.007248,4.707051,4.701560,4.721144,0.007248,0.228800,1.557700,2.059500,0.613000,58.337069,3.074235,1.304327,76.090614,0.000000,0.000000,true
1024,1024,3,box,cuda_multi_output,"NVIDIA GeForce GTX 1650 with Max-Q Design",16,16,5,18874368,14.470580,13.434700,16.316400,1.020267,0.193344,0.188352,0.208256,0.007609,4.764744,4.759752,4.779656,0.007609,0.252000,1.421400,1.726200,1.171800,74.843697,3.037011,1.304327,97.620654,0.000000,0.000000,true
1024,1024,3,box,cuda_register_tiled,"NVIDIA GeForce GTX 1650 with Max-Q Design",16,16,5,18874368,14.470580,13.434700,16.316400,1.020267,0.159142,0.157664,0.161600,0.001309,4.171942,4.170464,4.174400,0.001309,0.281500,1.514600,1.409800,0.806900,90.928502,3.468547,1.304327,118.600500,0.000000,0.000000,true
1024,1024,3,box,cuda_separable,"NVIDIA GeForce GTX 1650 with Max-Q Design",16,16,5,12582912,14.470580,13.434700,16.316400,1.020267,0.285491,0.282816,0.289216,0.002187,6.041291,6.038616,6.045016,0.002187,1.000000,2.165500,1.573600,1.016700,50.686606,2.395279,0.869551,44.074606,0.000000,0.000000,true
1024,1024,3,box,cuda_naive_global_memory,"NVIDIA GeForce GTX 1650 with Max-Q Design",32,8,5,18874368,14.470580,13.434700,16.316400,1.020267,0.230765,0.228704,0.233472,0.001748,4.541165,4.539104,4.543872,0.001748,0.333900,1.474600,1.681300,0.820600,62.707051,3.186535,1.304327,81.790498,0.000000,0.000000,true
1024,1024,3,box,cuda_shared_memory_tiled,"NVIDIA GeForce GTX 1650 with Max-Q Design",32,8,5,18874368,14.470580,13.434700,16.316400,1.020267,0.263379,0.254880,0.290560,0.013639,5.103579,5.095080,5.130760,0.013639,0.388700,1.447100,1.738800,1.265600,54.941999,2.835379,1.304327,71.662332,0.000000,0.000000,true
1024,1024,3,box,cuda_shared_constant_filter,"NVIDIA GeForce GTX 1650 with Max-Q Design",32,8,5,18874368,14.470580,13.434700,16.316400,1.020267,0.237350,0.232032,0.245760,0.005584,4.629250,4.623932,4.637660,0.005584,0.344600,1.261900,1.653700,1.131700,60.967161,3.125901,1.304327,79.521114,0.000000,0.000000,true
1024,1024,3,box,cuda_multi_output,"NVIDIA GeForce GTX 1650 with Max-Q Design",32,8,5,18874368,14.470580,13.434700,16.316400,1.020267,0.179821,0.179104,0.180416,0.000438,4.758121,4.757404,4.758716,0.000438,0.247800,1.543800,1.758800,1.027900,80.472226,3.041238,1.304327,104.962096,0.000000,0.000000,true
1024,1024,3,box,cuda_register_tiled,"NVIDIA GeForce GTX 1650 with Max-Q Design",32,8,5,18874368,14.470580,13.434700,16.316400,1.020267,0.152397,0.151552,0.154976,0.001304,4.572497,4.571652,4.575076,0.001304,0.388100,1.510100,1.582700,0.939200,94.953305,3.164700,1.304327,123.850159,0.000000,0.000000,true
1024,1024,3,box,cuda_separable,"NVIDIA GeForce GTX 1650 with Max-Q Design",32,8,5,12582912,14.470580,13.434700,16.316400,1.020267,0.278195,0.276480,0.279776,0.001090,4.772495,4.770780,4.774076,0.001090,0.543400,1.481100,1.526700,0.943100,52.015922,3.032078,0.869551,45.230514,0.000000,0.000000,true
1024,1024,3,box,cuda_naive_global_memory,"NVIDIA GeForce GTX 1650 with Max-Q Design",32,16,5,18874368,14.470580,13.434700,16.316400,1.020267,0.266419,0.253376,0.288224,0.015619,4.493119,4.480076,4.514924,0.015619,0.379700,1.356100,1.638500,0.852400,54.315079,3.220609,1.304327,70.844623,0.000000,0.000000,true
1024,1024,3,box,cuda_shared_memory_tiled,"NVIDIA GeForce GTX 1650 with Max-Q Design",32,16,5,18874368,14.470580,13.434700,16.316400,1.020267,0.274259,0.267072,0.283264,0.005807,4.475759,4.468572,4.484764,0.005807,0.439800,1.257900,1.922400,0.581400,52.762423,3.233101,1.304327,68.819452,0.000000,0.000000,true
1024,1024,3,box,cuda_shared_constant_filter,"NVIDIA GeForce GTX 1650 with Max-Q Design",32,16,5,18874368,14.470580,13.434700,16.316400,1.020267,0.248902,0.247808,0.249824,0.000904,4.937302,4.936208,4.938224,0.000904,0.228100,1.511900,2.307700,0.640700,58.137568,2.930868,1.304327,75.830398,0.000000,0.000000,true
1024,1024,3,box,cuda_multi_output,"NVIDIA GeForce GTX 1650 with Max-Q Design",32,16,5,18874368,14.470580,13.434700,16.316400,1.020267,0.187616,0.186016,0.188416,0.000878,4.562716,4.561116,4.563516,0.000878,0.252500,1.574900,1.743800,0.803900,77.128710,3.171484,1.304327,100.601058,0.000000,0.000000,true
1024,1024,3,box,cuda_register_tiled,"NVIDIA GeForce GTX 1650 with Max-Q Design",32,16,5,18874368,14.470580,13.434700,16.316400,1.020267,0.161453,0.159744,0.163712,0.001390,4.058053,4.056344,4.060312,0.001390,0.441600,1.325800,1.486500,0.642700,89.627311,3.565892,1.304327,116.903320,0.000000,0.000000,true
1024,1024,3,box,cuda_separable,"NVIDIA GeForce GTX 1650 with Max-Q Design",32,16,5,12582912,14.470580,13.434700,16.316400,1.020267,0.310925,0.295616,0.324544,0.012140,5.409425,5.394116,5.423044,0.012140,0.525600,1.525300,1.781900,1.265700,46.540449,2.675068,0.869551,40.469309,0.000000,0.000000,true
1024,1024,3,gaussian,cuda_naive_global_memory,"NVIDIA GeForce GTX 1650 with Max-Q Design",8,8,5,18874368,14.080880,13.431900,14.875400,0.506760,0.275366,0.273888,0.279168,0.001934,5.717366,5.715888,5.721168,0.001934,0.427000,2.993800,1.367100,0.654100,51.135069,2.462826,1.340425,68.542741,0.000000,0.000000,true
1024,1024,3,gaussian,cuda_shared_memory_tiled,"NVIDIA GeForce GTX 1650 with Max-Q Design",8,8,5,18874368,14.080880,13.431900,14.875400,0.506760,0.270611,0.267808,0.273504,0.002059,5.394211,5.391408,5.397104,0.002059,1.091100,1.711700,1.590300,0.730500,52.033619,2.610369,1.340425,69.747181,0.000000,0.000000,true
1024,1024,3,gaussian,cuda_shared_constant_filter,"NVIDIA GeForce GTX 1650 with Max-Q Design",8,8,5,18874368,14.080880,13.431900,14.875400,0.506760,0.242022,0.240480,0.243712,0.001040,5.607622,5.606080,5.609312,0.001040,0.638200,2.859500,1.295200,0.572700,58.180070,2.511025,1.340425,77.986038,0.000000,0.000000,true
1024,1024,3,gaussian,cuda_multi_output,"NVIDIA GeForce GTX 1650 with Max-Q Design",8,8,5,18874368,14.080880,13.431900,14.875400,0.506760,0.258842,0.257632,0.259808,0.000920,5.475342,5.474132,5.476308,0.000920,0.505400,2.719300,1.386900,0.604900,54.399602,2.571690,1.340425,72.918604,0.000000,0.000000,true
1024,1024,3,gaussian,cuda_register_tiled,"NVIDIA GeForce GTX 1650 with Max-Q Design",8,8,5,18874368,14.080880,13.431900,14.875400,0.506760,0.243661,0.237568,0.259616,0.008167,5.983561,5.977468,5.999516,0.008167,0.574600,3.067300,1.404000,0.694000,57.788861,2.353261,1.340425,77.461652,0.000000,0.000000,true
1024,1024,3,gaussian,cuda_separable,"NVIDIA GeForce GTX 1650 with Max-Q Design",8,8,5,12582912,14.080880,13.431900,14.875400,0.506760,0.297638,0.296960,0.298464,0.000484,5.622438,5.621760,5.623264,0.000484,1.138100,1.778400,1.435300,0.973000,47.308681,2.504408,0.893617,42.275836,0.000000,0.000000,true
1024,1024,3,gaussian,cuda_naive_global_memory,"NVIDIA GeForce GTX 1650 with Max-Q Design",16,16,5,18874368,14.080880,13.431900,14.875400,0.506760,0.230029,0.228256,0.233376,0.001751,6.090129,6.088356,6.093476,0.001751,1.282100,1.705800,1.646900,1.225300,61.213553,2.312082,1.340425,82.052195,0.000000,0.000000,true
1024,1024,3,gaussian,cuda_shared_memory_tiled,"NVIDIA GeForce GTX 1650 with Max-Q Design",16,16,5,18874368,14.080880,13.431900,14.875400,0.506760,0.276813,0.274016,0.280320,0.002053,4.885113,4.882316,4.888620,0.002053,0.365800,1.560800,1.549400,1.132300,50.867880,2.882406,1.340425,68.184595,0.000000,0.000000,true
1024,1024,3,gaussian,cuda_shared_constant_filter,"NVIDIA GeForce GTX 1650 with Max-Q Design",16,16,5,18874368,14.080880,13.431900,14.875400,0.506760,0.258214,0.241504,0.293888,0.020048,4.844314,4.827604,4.879988,0.020048,0.259600,1.468200,1.792600,1.065700,54.531738,2.906682,1.340425,73.095721,0.000000,0.000000,true
1024,1024,3,gaussian,cuda_multi_output,"NVIDIA GeForce GTX 1650 with Max-Q Design",16,16,5,18874368,14.080880,13.431900,14.875400,0.506760,0.187968,0.186368,0.188768,0.000844,4.796968,4.795368,4.797768,0.000844,0.222900,1.509500,1.696400,1.180200,74.911048,2.935371,1.340425,100.412666,0.000000,0.000000,true
1024,1024,3,gaussian,cuda_register_tiled,"NVIDIA GeForce GTX 1650 with Max-Q Design",16,16,5,18874368,14.080880,13.431900,14.875400,0.506760,0.168294,0.163840,0.181664,0.006738,6.755194,6.750740,6.768564,0.006738,0.320000,3.220600,2.157000,0.889300,83.668143,2.084452,1.340425,112.150897,0.000000,0.000000,true
1024,1024,3,gaussian,cuda_separable,"NVIDIA GeForce GTX 1650 with Max-Q Design",16,16,5,12582912,14.080880,13.431900,14.875400,0.506760,0.287558,0.282336,0.299456,0.006091,5.426258,5.421036,5.438156,0.006091,0.244300,1.781400,1.906200,1.206800,48.967027,2.594952,0.893617,43.757762,0.000000,0.000000,true
1024,1024,3,gaussian,cuda_naive_global_memory,"NVIDIA GeForce GTX 1650 with Max-Q Design",32,8,5,18874368,14.080880,13.431900,14.875400,0.506760,0.245043,0.231552,0.263488,0.011384,5.250643,5.237152,5.269088,0.011384,0.235800,1.614900,2.213800,0.941100,57.462847,2.681744,1.340425,77.024654,0.000000,0.000000,true
1024,1024,3,gaussian,cuda_shared_memory_tiled,"NVIDIA GeForce GTX 1650 with Max-Q Design",32,8,5,18874368,14.080880,13.431900,14.875400,0.506760,0.300909,0.278624,0.362496,0.031126,5.989409,5.967124,6.050996,0.031126,0.229300,1.566300,2.251900,1.641000,46.794511,2.350963,1.340425,62.724547,0.000000,0.000000,true
1024,1024,3,gaussian,cuda_shared_constant_filter,"NVIDIA GeForce GTX 1650 with Max-Q Design",32,8,5,18874368,14.080880,13.431900,14.875400,0.506760,0.239648,0.235296,0.247808,0.004301,5.071248,5.066896,5.079408,0.004301,0.216600,1.771100,2.164500,0.679400,58.756510,2.776610,1.340425,78.758713,0.000000,0.000000,true
1024,1024,3,gaussian,cuda_multi_output,"NVIDIA GeForce GTX 1650 with Max-Q Design",32,8,5,18874368,14.080880,13.431900,14.875400,0.506760,0.190867,0.180256,0.202752,0.008303,4.569867,4.559256,4.581752,0.008303,0.259800,1.354700,1.591500,1.173000,73.773178,3.081245,1.340425,98.887436,0.000000,0.000000,true
1024,1024,3,gaussian,cuda_register_tiled,"NVIDIA GeForce GTX 1650 with Max-Q Design",32,8,5,18874368,14.080880,13.431900,14.875400,0.506760,0.153082,0.151648,0.153600,0.000722,4.779182,4.777748,4.779700,0.000722,0.237100,1.493100,1.784200,1.111700,91.982837,2.946295,1.340425,123.296123,0.000000,0.000000,true
1024,1024,3,gaussian,cuda_separable,"NVIDIA GeForce GTX 1650 with Max-Q Design",32,8,5,12582912,14.080880,13.431900,14.875400,0.506760,0.282925,0.275968,0.303808,0.010533,5.287725,5.280768,5.308608,0.010533,0.291300,1.789200,1.796100,1.128200,49.768985,2.662937,0.893617,44.474405,0.000000,0.000000,true
1024,1024,3,gaussian,cuda_naive_global_memory,"NVIDIA GeForce GTX 1650 with Max-Q Design",32,16,5,18874368,14.080880,13.431900,14.875400,0.506760,0.255936,0.253632,0.259776,0.002520,4.799036,4.796732,4.802876,0.002520,0.223400,1.537600,1.813700,0.968400,55.017191,2.934106,1.340425,73.746436,0.000000,0.000000,true
1024,1024,3,gaussian,cuda_shared_memory_tiled,"NVIDIA GeForce GTX 1650 with Max-Q Design",32,16,5,18874368,14.080880,13.431900,14.875400,0.506760,0.269907,0.268192,0.272224,0.001754,5.075707,5.073992,5.078024,0.001754,0.271700,1.538500,1.777600,1.218000,52.169337,2.774171,1.340425,69.929100,0.000000,0.000000,true
1024,1024,3,gaussian,cuda_shared_constant_filter,"NVIDIA GeForce GTX 1650 with Max-Q Design",32,16,5,18874368,14.080880,13.431900,14.875400,0.506760,0.259923,0.247904,0.303008,0.021555,5.085123,5.073104,5.128208,0.021555,0.246100,1.525800,2.321900,0.731400,54.173234,2.769034,1.340425,72.615174,0.000000,0.000000,true
1024,1024,3,gaussian,cuda_multi_output,"NVIDIA GeForce GTX 1650 with Max-Q Design",32,16,5,18874368,14.080880,13.431900,14.875400,0.506760,0.194157,0.186496,0.220160,0.013017,4.871057,4.863396,4.897060,0.013017,0.195000,1.614200,1.933400,0.934300,72.523239,2.890724,1.340425,97.211986,0.000000,0.000000,true
1024,1024,3,gaussian,cuda_register_tiled,"NVIDIA GeForce GTX 1650 with Max-Q Design",32,16,5,18874368,14.080880,13.431900,14.875400,0.506760,0.162330,0.161792,0.162944,0.000490,4.708730,4.708192,4.709344,0.000490,0.221600,1.470400,1.706900,1.147500,86.742528,2.990378,1.340425,116.271880,0.000000,0.000000,true
1024,1024,3,gaussian,cuda_separable,"NVIDIA GeForce GTX 1650 with Max-Q Design",32,16,5,12582912,14.080880,13.431900,14.875400,0.506760,0.294669,0.292160,0.298464,0.002108,5.317669,5.315160,5.321464,0.002108,0.295300,1.655400,1.647900,1.424400,47.785446,2.647942,0.893617,42.701881,0.000000,0.000000,true
1024,1024,3,sharpen,cuda_naive_global_memory,"NVIDIA GeForce GTX 1650 with Max-Q Design",8,8,5,18874368,15.921520,13.488800,21.362900,2.922475,0.279219,0.274400,0.294912,0.007876,6.090819,6.086000,6.106512,0.007876,0.273500,3.443900,1.375500,0.718700,57.021581,2.614019,1.185463,67.596957,0.000001,0.000000,true
1024,1024,3,sharpen,cuda_shared_memory_tiled,"NVIDIA GeForce GTX 1650 with Max-Q Design",8,8,5,18874368,15.921520,13.488800,21.362900,2.922475,0.269926,0.267296,0.274208,0.002378,5.297626,5.294996,5.301908,0.002378,1.069800,1.995900,1.355100,0.606900,58.984672,3.005406,1.185463,69.924128,0.000001,0.000000,true
1024,1024,3,sharpen,cuda_shared_constant_filter,"NVIDIA GeForce GTX 1650 with Max-Q Design",8,8,5,18874368,15.921520,13.488800,21.362900,2.922475,0.241306,0.240224,0.242848,0.000983,5.574406,5.573324,5.575948,0.000983,1.377000,1.958700,1.392400,0.605000,65.980731,2.856183,1.185463,78.217695,0.000001,0.000000,true
1024,1024,3,sharpen,cuda_multi_output,"NVIDIA GeForce GTX 1650 with Max-Q Design",8,8,5,18874368,15.921520,13.488800,21.362900,2.922475,0.257664,0.256864,0.258208,0.000468,5.432864,5.432064,5.433408,0.000468,1.313300,1.621100,1.406200,0.834600,61.791791,2.930594,1.185463,73.251863,0.000001,0.000000,true
1024,1024,3,sharpen,cuda_register_tiled,"NVIDIA GeForce GTX 1650 with Max-Q Design",8,8,5,18874368,15.921520,13.488800,21.362900,2.922475,0.238381,0.237568,0.240864,0.001252,5.562281,5.561468,5.564764,0.001252,1.292900,1.192300,1.717100,1.121600,66.790279,2.862409,1.185463,79.177384,0.000001,0.000000,true
1024,1024,3,sharpen,cuda_naive_global_memory,"NVIDIA GeForce GTX 1650 with Max-Q Design",16,16,5,18874368,15.921520,13.488800,21.362900,2.922475,0.229722,0.229376,0.230400,0.000435,4.501122,4.500776,4.501800,0.000435,0.246800,1.606900,1.530200,0.887500,69.307893,3.537234,1.185463,82.161921,0.000001,0.000000,true
1024,1024,3,sharpen,cuda_shared_memory_tiled,"NVIDIA GeForce GTX 1650 with Max-Q Design",16,16,5,18874368,15.921520,13.488800,21.362900,2.922475,0.275053,0.272288,0.279296,0.002580,4.714653,4.711888,4.718896,0.002580,0.630800,1.307900,1.580300,0.920600,57.885323,3.377029,1.185463,68.620891,0.000001,0.000000,true
1024,1024,3,sharpen,cuda_shared_constant_filter,"NVIDIA GeForce GTX 1650 with Max-Q Design",16,16,5,18874368,15.921520,13.488800,21.362900,2.922475,0.241485,0.239840,0.243744,0.001340,4.518385,4.516740,4.520644,0.001340,0.333400,1.318800,1.558500,1.066200,65.931769,3.523719,1.185463,78.159652,0.000001,0.000000,true
1024,1024,3,sharpen,cuda_multi_output,"NVIDIA GeForce GTX 1650 with Max-Q Design",16,16,5,18874368,15.921520,13.488800,21.362900,2.922475,0.193171,0.188384,0.209952,0.008400,4.261471,4.256684,4.278252,0.008400,0.265900,1.469300,1.498800,0.834300,82.421810,3.736156,1.185463,97.707981,0.000001,0.000000,true
1024,1024,3,sharpen,cuda_register_tiled,"NVIDIA GeForce GTX 1650 with Max-Q Design",16,16,5,18874368,15.921520,13.488800,21.362900,2.922475,0.158912,0.157696,0.160288,0.000897,4.153612,4.152396,4.154988,0.000897,0.275800,1.625000,1.490500,0.603400,100.190797,3.833175,1.185463,118.772453,0.000001,0.000000,true
1024,1024,3,sharpen,cuda_naive_global_memory,"NVIDIA GeForce GTX 1650 with Max-Q Design",32,8,5,18874368,15.921520,13.488800,21.362900,2.922475,0.229248,0.228800,0.230080,0.000458,5.198048,5.197600,5.198880,0.000458,0.894200,1.582800,1.563200,0.928600,69.451075,3.062981,1.185463,82.331659,0.000001,0.000000,true
1024,1024,3,sharpen,cuda_shared_memory_tiled,"NVIDIA GeForce GTX 1650 with Max-Q Design",32,8,5,18874368,15.921520,13.488800,21.362900,2.922475,0.252589,0.251680,0.255072,0.001254,5.249189,5.248280,5.251672,0.001254,1.014300,1.703700,1.529400,0.749200,63.033358,3.033139,1.185463,74.723694,0.000001,0.000000,true
1024,1024,3,sharpen,cuda_shared_constant_filter,"NVIDIA GeForce GTX 1650 with Max-Q Design",32,8,5,18874368,15.921520,13.488800,21.362900,2.922475,0.234150,0.233600,0.234912,0.000541,4.707850,4.707300,4.708612,0.000541,0.260500,1.574000,1.676900,0.962300,67.996980,3.381909,1.185463,80.607884,0.000001,0.000000,true
1024,1024,3,sharpen,cuda_multi_output,"NVIDIA GeForce GTX 1650 with Max-Q Design",32,8,5,18874368,15.921520,13.488800,21.362900,2.922475,0.178515,0.177664,0.180256,0.000898,4.923015,4.922164,4.924756,0.000898,0.816400,1.661700,1.551600,0.714800,89.188596,3.234099,1.185463,105.729754,0.000001,0.000000,true
1024,1024,3,sharpen,cuda_register_tiled,"NVIDIA GeForce GTX 1650 with Max-Q Design",32,8,5,18874368,15.921520,13.488800,21.362900,2.922475,0.159149,0.153760,0.175552,0.008229,4.632249,4.626860,4.648652,0.008229,1.053500,1.391400,1.413900,0.614300,100.041722,3.437104,1.185463,118.595729,0.000001,0.000000,true
1024,1024,3,sharpen,cuda_naive_global_memory,"NVIDIA GeForce GTX 1650 with Max-Q Design",32,16,5,18874368,15.921520,13.488800,21.362900,2.922475,0.253184,0.250752,0.255968,0.001777,5.288884,5.286452,5.291668,0.001777,0.294500,2.781300,1.354500,0.605400,62.885174,3.010374,1.185463,74.548028,0.000001,0.000000,true
1024,1024,3,sharpen,cuda_shared_memory_tiled,"NVIDIA GeForce GTX 1650 with Max-Q Design",32,16,5,18874368,15.921520,13.488800,21.362900,2.922475,0.270016,0.268960,0.272000,0.001114,4.956816,4.955760,4.958800,0.001114,0.740700,1.487200,1.617600,0.841300,58.965096,3.212046,1.185463,69.900922,0.000001,0.000000,true
1024,1024,3,sharpen,cuda_shared_constant_filter,"NVIDIA GeForce GTX 1650 with Max-Q Design",32,16,5,18874368,15.921520,13.488800,21.362900,2.922475,0.252166,0.245760,0.268192,0.008270,4.186066,4.179660,4.202092,0.008270,0.409900,1.368000,1.520100,0.635900,63.138945,3.803456,1.185463,74.848864,0.000001,0.000000,true
1024,1024,3,sharpen,cuda_multi_output,"NVIDIA GeForce GTX 1650 with Max-Q Design",32,16,5,18874368,15.921520,13.488800,21.362900,2.922475,0.189894,0.186368,0.202752,0.006431,4.365694,4.362168,4.378552,0.006431,0.475500,1.398000,1.701700,0.600600,83.844072,3.646962,1.185463,99.394020,0.000001,0.000000,true
1024,1024,3,sharpen,cuda_register_tiled,"NVIDIA GeForce GTX 1650 with Max-Q Design",32,16,5,18874368,15.921520,13.488800,21.362900,2.922475,0.160890,0.159744,0.163072,0.001256,4.908790,4.907644,4.910972,0.001256,0.974500,1.658700,1.494100,0.620600,98.959287,3.243472,1.185463,117.312543,0.000001,0.000000,true
1024,1024,3,sobel,cuda_naive_global_memory,"NVIDIA GeForce GTX 1650 with Max-Q Design",8,8,5,18874368,13.543020,13.298800,13.809400,0.202999,0.276864,0.274560,0.280576,0.002272,6.025864,6.023560,6.029576,0.002272,0.395400,2.581800,1.870200,0.901600,48.915786,2.247482,1.393660,68.171984,0.000000,0.000000,true
1024,1024,3,sobel,cuda_shared_memory_tiled,"NVIDIA GeForce GTX 1650 with Max-Q Design",8,8,5,18874368,13.543020,13.298800,13.809400,0.202999,0.291379,0.273216,0.307072,0.014837,5.315079,5.296916,5.330772,0.014837,0.462700,1.786900,2.174300,0.599800,46.479020,2.548037,1.393660,64.775960,0.000000,0.000000,true
1024,1024,3,sobel,cuda_shared_constant_filter,"NVIDIA GeForce GTX 1650 with Max-Q Design",8,8,5,18874368,13.543020,13.298800,13.809400,0.202999,0.247424,0.242080,0.261152,0.006984,6.318924,6.313580,6.332652,0.006984,0.352800,1.913800,3.133400,0.671500,54.736080,2.143248,1.393660,76.283497,0.000000,0.000000,true
1024,1024,3,sobel,cuda_multi_output,"NVIDIA GeForce GTX 1650 with Max-Q Design",8,8,5,18874368,13.543020,13.298800,13.809400,0.202999,0.274950,0.258976,0.291072,0.013566,5.673750,5.657776,5.689872,0.013566,0.525600,1.811900,2.123200,0.938100,49.256229,2.386961,1.393660,68.646446,0.000000,0.000000,true
1024,1024,3,sobel,cuda_register_tiled,"NVIDIA GeForce GTX 1650 with Max-Q Design",8,8,5,18874368,13.543020,13.298800,13.809400,0.202999,0.244794,0.240544,0.254464,0.005132,6.491694,6.487444,6.501364,0.005132,0.332800,2.014200,3.172000,0.727900,55.324241,2.086208,1.393660,77.103192,0.000000,0.000000,true
1024,1024,3,sobel,cuda_naive_global_memory,"NVIDIA GeForce GTX 1650 with Max-Q Design",16,16,5,18874368,13.543020,13.298800,13.809400,0.202999,0.267302,0.231872,0.370624,0.052465,5.913102,5.877672,6.016424,0.052465,0.346800,1.945000,2.815000,0.539000,50.665537,2.290341,1.393660,70.610543,0.000000,0.000000,true
1024,1024,3,sobel,cuda_shared_memory_tiled,"NVIDIA GeForce GTX 1650 with Max-Q Design",16,16,5,18874368,13.543020,13.298800,13.809400,0.202999,0.308640,0.297184,0.320128,0.007535,5.697240,5.685784,5.708728,0.007535,0.189700,1.902600,2.786200,0.510100,43.879666,2.377119,1.393660,61.153344,0.000000,0.000000,true
1024,1024,3,sobel,cuda_shared_constant_filter,"NVIDIA GeForce GTX 1650 with Max-Q Design",16,16,5,18874368,13.543020,13.298800,13.809400,0.202999,0.272589,0.263232,0.286176,0.008753,5.692789,5.683432,5.706376,0.008753,0.192300,1.883100,2.515300,0.829500,49.682967,2.378978,1.393660,69.241173,0.000000,0.000000,true
1024,1024,3,sobel,cuda_multi_output,"NVIDIA GeForce GTX 1650 with Max-Q Design",16,16,5,18874368,13.543020,13.298800,13.809400,0.202999,0.203098,0.190464,0.233472,0.015999,6.153298,6.140664,6.183672,0.015999,0.220400,1.863700,3.021700,0.844400,66.682323,2.200937,1.393660,92.932500,0.000000,0.000000,true
1024,1024,3,sobel,cuda_register_tiled,"NVIDIA GeForce GTX 1650 with Max-Q Design",16,16,5,18874368,13.543020,13.298800,13.809400,0.202999,0.183744,0.159872,0.201376,0.013819,6.809244,6.785372,6.826876,0.013819,0.203000,1.616000,3.979700,0.826800,73.705918,1.988917,1.393660,102.721004,0.000000,0.000000,true
1024,1024,3,sobel,cuda_naive_global_memory,"NVIDIA GeForce GTX 1650 with Max-Q Design",32,8,5,18874368,13.543020,13.298800,13.809400,0.202999,0.238189,0.230240,0.247808,0.007218,6.216389,6.208440,6.226008,0.007218,0.254800,1.911100,2.737200,1.075100,56.858341,2.178599,1.393660,79.241207,0.000000,0.000000,true
1024,1024,3,sobel,cuda_shared_memory_tiled,"NVIDIA GeForce GTX 1650 with Max-Q Design",32,8,5,18874368,13.543020,13.298800,13.809400,0.202999,0.288621,0.254272,0.331456,0.024929,6.350321,6.315972,6.393156,0.024929,0.216500,2.037200,2.414900,1.393100,46.923229,2.132651,1.393660,65.395037,0.000000,0.000000,true
1024,1024,3,sobel,cuda_shared_constant_filter,"NVIDIA GeForce GTX 1650 with Max-Q Design",32,8,5,18874368,13.543020,13.298800,13.809400,0.202999,0.242150,0.239616,0.243424,0.001402,5.457250,5.454716,5.458524,0.001402,0.200800,1.839700,2.529800,0.644800,55.928134,2.481656,1.393660,77.944815,0.000000,0.000000,true
1024,1024,3,sobel,cuda_multi_output,"NVIDIA GeForce GTX 1650 with Max-Q Design",32,8,5,18874368,13.543020,13.298800,13.809400,0.202999,0.186950,0.180992,0.204896,0.009017,4.353850,4.347892,4.371796,0.009017,0.213800,1.454800,1.829000,0.669300,72.441780,3.110585,1.393660,100.959226,0.000000,0.000000,true
1024,1024,3,sobel,cuda_register_tiled,"NVIDIA GeForce GTX 1650 with Max-Q Design",32,8,5,18874368,13.543020,13.298800,13.809400,0.202999,0.152320,0.151520,0.153408,0.000725,4.937320,4.936520,4.938408,0.000725,0.265100,1.414700,1.706200,1.399000,88.911633,2.742990,1.393660,123.912605,0.000000,0.000000,true
1024,1024,3,sobel,cuda_naive_global_memory,"NVIDIA GeForce GTX 1650 with Max-Q Design",32,16,5,18874368,13.543020,13.298800,13.809400,0.202999,0.263155,0.253952,0.285312,0.011459,4.757955,4.748752,4.780112,0.011459,0.238600,1.519600,1.674900,1.061700,51.464002,2.846395,1.393660,71.723332,0.000000,0.000000,true
1024,1024,3,sobel,cuda_shared_memory_tiled,"NVIDIA GeForce GTX 1650 with Max-Q Design",32,16,5,18874368,13.543020,13.298800,13.809400,0.202999,0.269818,0.267872,0.272416,0.001956,5.706418,5.704472,5.709016,0.001956,0.505600,1.394500,1.739200,1.797300,50.193242,2.373296,1.393660,69.952324,0.000000,0.000000,true
1024,1024,3,sobel,cuda_shared_constant_filter,"NVIDIA GeForce GTX 1650 with Max-Q Design",32,16,5,18874368,13.543020,13.298800,13.809400,0.202999,0.248768,0.247680,0.251488,0.001401,4.300168,4.299080,4.302888,0.001401,0.270100,1.302400,1.554600,0.924300,54.440362,3.149416,1.393660,75.871366,0.000000,0.000000,true
1024,1024,3,sobel,cuda_multi_output,"NVIDIA GeForce GTX 1650 with Max-Q Design",32,16,5,18874368,13.543020,13.298800,13.809400,0.202999,0.189414,0.188704,0.190432,0.000617,3.953214,3.952504,3.954232,0.000617,0.285500,1.417900,1.452100,0.608300,71.499421,3.425825,1.393660,99.645898,0.000000,0.000000,true
1024,1024,3,sobel,cuda_register_tiled,"NVIDIA GeForce GTX 1650 with Max-Q Design",32,16,5,18874368,13.543020,13.298800,13.809400,0.202999,0.160787,0.159776,0.162240,0.000977,3.599087,3.598076,3.600540,0.000977,0.378200,1.294100,1.336400,0.429600,84.229466,3.762904,1.393660,117.387254,0.000000,0.000000,true
1024,1024,5,box,cuda_naive_global_memory,"NVIDIA GeForce GTX 1650 with Max-Q Design",8,8,5,52428800,28.952760,28.578700,29.496400,0.337624,0.660435,0.651648,0.673792,0.009294,5.471435,5.462648,5.484792,0.009294,0.266900,1.642000,2.102400,0.799700,43.838911,5.291621,1.810839,79.385230,0.000000,0.000000,true
1024,1024,5,box,cuda_shared_memory_tiled,"NVIDIA GeForce GTX 1650 with Max-Q Design",8,8,5,52428800,28.952760,28.578700,29.496400,0.337624,0.503642,0.483104,0.533920,0.023374,5.968142,5.947604,5.998420,0.023374,0.210700,1.901400,2.720300,0.632100,57.486833,4.851219,1.810839,104.099424,0.000000,0.000000,true
1024,1024,5,box,cuda_shared_constant_filter,"NVIDIA GeForce GTX 1650 with Max-Q Design",8,8,5,52428800,28.952760,28.578700,29.496400,0.337624,0.377978,0.372736,0.382400,0.003106,5.461478,5.456236,5.465900,0.003106,0.424300,1.559400,2.416900,0.682900,76.599143,5.301269,1.810839,138.708750,0.000000,0.000000,true
1024,1024,5,box,cuda_multi_output,"NVIDIA GeForce GTX 1650 with Max-Q Design",8,8,5,52428800,28.952760,28.578700,29.496400,0.337624,0.663456,0.649696,0.707712,0.022211,5.076256,5.062496,5.120512,0.022211,0.200000,1.916800,1.562500,0.733500,43.639308,5.703566,1.810839,79.023780,0.000000,0.000000,true
1024,1024,5,box,cuda_register_tiled,"NVIDIA GeForce GTX 1650 with Max-Q Design",8,8,5,52428800,28.952760,28.578700,29.496400,0.337624,0.590624,0.588672,0.592672,0.001516,4.902724,4.900772,4.904772,0.001516,0.419300,1.975500,1.289800,0.627500,49.020630,5.905444,1.810839,88.768491,0.000000,0.000000,true
1024,1024,5,box,cuda_separable,"NVIDIA GeForce GTX 1650 with Max-Q Design",8,8,5,20971520,28.952760,28.578700,29.496400,0.337624,0.346330,0.335680,0.365856,0.012456,6.421130,6.410480,6.440656,0.012456,0.469800,3.554300,1.344200,0.706500,83.598861,4.508982,0.724336,60.553646,0.000000,0.000000,true
1024,1024,5,box,cuda_naive_global_memory,"NVIDIA GeForce GTX 1650 with Max-Q Design",16,16,5,52428800,28.952760,28.578700,29.496400,0.337624,0.407648,0.405376,0.413888,0.003194,5.167548,5.165276,5.173788,0.003194,0.780000,2.015100,1.368700,0.596100,71.023923,5.602804,1.810839,128.612922,0.000000,0.000000,true
1024,1024,5,box,cuda_shared_memory_tiled,"NVIDIA GeForce GTX 1650 with Max-Q Design",16,16,5,52428800,28.952760,28.578700,29.496400,0.337624,0.464096,0.450112,0.505824,0.020958,4.875596,4.861612,4.917324,0.020958,0.700200,1.782500,1.387900,0.540900,62.385282,5.938302,1.810839,112.969729,0.000000,0.000000,true
1024,1024,5,box,cuda_shared_constant_filter,"NVIDIA GeForce GTX 1650 with Max-Q Design",16,16,5,52428800,28.952760,28.578700,29.496400,0.337624,0.368134,0.366112,0.369280,0.001250,5.915934,5.913912,5.917080,0.001250,0.750700,2.901500,1.274600,0.621000,78.647255,4.894030,1.810839,142.417553,0.000000,0.000000,true
1024,1024,5,box,cuda_multi_output,"NVIDIA GeForce GTX 1650 with Max-Q Design",16,16,5,52428800,28.952760,28.578700,29.496400,0.337624,0.395034,0.394112,0.396000,0.000617,6.092634,6.091712,6.093600,0.000617,0.281000,3.315000,1.374300,0.727300,73.291893,4.752093,1.810839,132.719850,0.000000,0.000000,true
1024,1024,5,box,cuda_register_tiled,"NVIDIA GeForce GTX 1650 with Max-Q Design",16,16,5,52428800,28.952760,28.578700,29.496400,0.337624,0.336659,0.335424,0.337984,0.000920,4.370359,4.369124,4.371684,0.000920,0.708100,1.310300,1.338600,0.676700,86.000205,6.624801,1.810839,155.732563,0.000000,0.000000,true
1024,1024,5,box,cuda_separable,"NVIDIA GeForce GTX 1650 with Max-Q Design",16,16,5,20971520,28.952760,28.578700,29.496400,0.337624,0.267315,0.264192,0.276480,0.004624,4.959515,4.956392,4.968680,0.004624,0.900700,1.554000,1.373700,0.863800,108.309445,5.837821,0.724336,78.452406,0.000000,0.000000,true
1024,1024,5,box,cuda_naive_global_memory,"NVIDIA GeForce GTX 1650 with Max-Q Design",32,8,5,52428800,28.952760,28.578700,29.496400,0.337624,0.375283,0.374496,0.377440,0.001094,6.831283,6.830496,6.833440,0.001094,0.536900,3.032800,1.595400,1.290900,77.149096,4.238261,1.810839,139.704626,0.000000,0.000000,true
1024,1024,5,box,cuda_shared_memory_tiled,"NVIDIA GeForce GTX 1650 with Max-Q Design",32,8,5,52428800,28.952760,28.578700,29.496400,0.337624,0.391898,0.389056,0.396384,0.002420,5.110498,5.107656,5.114984,0.002420,0.218800,1.535000,1.923400,1.041400,73.878381,5.665350,1.810839,133.781888,0.000000,0.000000,true
1024,1024,5,box,cuda_shared_constant_filter,"NVIDIA GeForce GTX 1650 with Max-Q Design",32,8,5,52428800,28.952760,28.578700,29.496400,0.337624,0.351693,0.333856,0.363680,0.009922,5.218693,5.200856,5.230680,0.009922,0.206900,1.566500,2.238900,0.854700,82.324006,5.547895,1.810839,149.075559,0.000000,0.000000,true
1024,1024,5,box,cuda_multi_output,"NVIDIA GeForce GTX 1650 with Max-Q Design",32,8,5,52428800,28.952760,28.578700,29.496400,0.337624,0.398189,0.392960,0.403008,0.003598,5.747489,5.742260,5.752308,0.003598,0.349400,1.403900,2.005600,1.590400,72.711135,5.037463,1.810839,131.668192,0.000000,0.000000,true
1024,1024,5,box,cuda_register_tiled,"NVIDIA GeForce GTX 1650 with Max-Q Design",32,8,5,52428800,28.952760,28.578700,29.496400,0.337624,0.360755,0.333824,0.386624,0.017675,6.622255,6.595324,6.648124,0.017675,0.206100,1.489500,3.614000,0.951900,80.255973,4.372039,1.810839,145.330682,0.000000,0.000000,true
1024,1024,5,box,cuda_separable,"NVIDIA GeForce GTX 1650 with Max-Q Design",32,8,5,20971520,28.952760,28.578700,29.496400,0.337624,0.261165,0.253952,0.273472,0.006583,6.128665,6.121452,6.140972,0.006583,0.250100,1.980500,1.925200,1.711700,110.860117,4.724155,0.724336,80.299950,0.000000,0.000000,true
1024,1024,5,box,cuda_naive_global_memory,"NVIDIA GeForce GTX 1650 with Max-Q Design",32,16,5,52428800,28.952760,28.578700,29.496400,0.337624,0.403149,0.399296,0.414208,0.005753,6.480049,6.476196,6.491108,0.005753,0.455000,1.304400,3.011300,1.306200,71.816561,4.467985,1.810839,130.048262,0.000000,0.000000,true
1024,1024,5,box,cuda_shared_memory_tiled,"NVIDIA GeForce GTX 1650 with Max-Q Design",32,16,5,52428800,28.952760,28.578700,29.496400,0.337624,0.432819,0.418336,0.444192,0.008587,5.826619,5.812136,5.837992,0.008587,0.196700,1.815700,2.688100,0.693300,66.893428,4.969050,1.810839,121.133259,0.000000,0.000000,true
1024,1024,5,box,cuda_shared_constant_filter,"NVIDIA GeForce GTX 1650 with Max-Q Design",32,16,5,52428800,28.952760,28.578700,29.496400,0.337624,0.360198,0.341664,0.407552,0.024237,5.397398,5.378864,5.444752,0.024237,0.203700,1.896100,2.274200,0.663200,80.380036,5.364207,1.810839,145.555340,0.000000,0.000000,true
1024,1024,5,box,cuda_multi_output,"NVIDIA GeForce GTX 1650 with Max-Q Design",32,16,5,52428800,28.952760,28.578700,29.496400,0.337624,0.433056,0.411968,0.464896,0.017409,5.071356,5.050268,5.103196,0.017409,0.216400,1.916800,1.961400,0.543700,66.856849,5.709077,1.810839,121.067021,0.000000,0.000000,true
1024,1024,5,box,cuda_register_tiled,"NVIDIA GeForce GTX 1650 with Max-Q Design",32,16,5,52428800,28.952760,28.578700,29.496400,0.337624,0.353274,0.337760,0.375168,0.014043,6.486874,6.471360,6.508768,0.014043,0.205400,1.854100,2.987500,1.086600,81.955627,4.463284,1.810839,148.408483,0.000000,0.000000,true
1024,1024,5,box,cuda_separable,"NVIDIA GeForce GTX 1650 with Max-Q Design",32,16,5,20971520,28.952760,28.578700,29.496400,0.337624,0.299066,0.270240,0.319136,0.016507,5.937866,5.909040,5.957936,0.016507,0.227700,2.102500,2.554100,0.754500,96.810733,4.875954,0.724336,70.123477,0.000000,0.000000,true
1024,1024,5,gaussian,cuda_naive_global_memory,"NVIDIA GeForce GTX 1650 with Max-Q Design",8,8,5,52428800,33.139220,28.421000,45.070700,6.034273,0.624525,0.623744,0.625952,0.000751,6.680725,6.679944,6.682152,0.000751,1.451000,2.043400,1.687600,0.874200,53.063097,4.960423,1.582077,83.949909,0.000000,0.000000,true
1024,1024,5,gaussian,cuda_shared_memory_tiled,"NVIDIA GeForce GTX 1650 with Max-Q Design",8,8,5,52428800,33.139220,28.421000,45.070700,6.034273,0.467770,0.465824,0.470144,0.001594,5.082970,5.081024,5.085344,0.001594,0.243100,1.787300,1.970600,0.614200,70.845177,6.519657,1.582077,112.082530,0.000000,0.000000,true
1024,1024,5,gaussian,cuda_shared_constant_filter,"NVIDIA GeForce GTX 1650 with Max-Q Design",8,8,5,52428800,33.139220,28.421000,45.070700,6.034273,0.363885,0.360448,0.373312,0.004837,5.894485,5.891048,5.903912,0.004837,0.212500,1.517400,2.015900,1.784800,91.070635,5.622072,1.582077,144.080764,0.000000,0.000000,true
1024,1024,5,gaussian,cuda_multi_output,"NVIDIA GeForce GTX 1650 with Max-Q Design",8,8,5,52428800,33.139220,28.421000,45.070700,6.034273,0.636454,0.625152,0.655232,0.010002,6.000954,5.989652,6.019732,0.010002,0.248900,1.403300,3.041000,0.671300,52.068491,5.522325,1.582077,82.376366,0.000000,0.000000,true
1024,1024,5,gaussian,cuda_register_tiled,"NVIDIA GeForce GTX 1650 with Max-Q Design",8,8,5,52428800,33.139220,28.421000,45.070700,6.034273,0.575469,0.565856,0.603104,0.014053,5.186969,5.177356,5.214604,0.014053,0.356000,1.677500,1.965500,0.612500,57.586477,6.388938,1.582077,91.106244,0.000000,0.000000,true
1024,1024,5,gaussian,cuda_separable,"NVIDIA GeForce GTX 1650 with Max-Q Design",8,8,5,20971520,33.139220,28.421000,45.070700,6.034273,0.336454,0.324064,0.371936,0.017865,6.259754,6.247364,6.295236,0.017865,0.348000,1.938000,2.875900,0.761400,98.495428,5.294013,0.632831,62.330943,0.000000,0.000000,true
1024,1024,5,gaussian,cuda_naive_global_memory,"NVIDIA GeForce GTX 1650 with Max-Q Design",16,16,5,52428800,33.139220,28.421000,45.070700,6.034273,0.396531,0.391968,0.410816,0.007163,5.597531,5.592968,5.611816,0.007163,0.270500,1.874300,2.457600,0.598600,83.572792,5.920328,1.582077,132.218598,0.000000,0.000000,true
1024,1024,5,gaussian,cuda_shared_memory_tiled,"NVIDIA GeForce GTX 1650 with Max-Q Design",16,16,5,52428800,33.139220,28.421000,45.070700,6.034273,0.437901,0.433152,0.442304,0.003463,5.364201,5.359452,5.368604,0.003463,0.377100,2.003100,1.875200,0.670900,75.677460,6.177849,1.582077,119.727575,0.000000,0.000000,true
1024,1024,5,gaussian,cuda_shared_constant_filter,"NVIDIA GeForce GTX 1650 with Max-Q Design",16,16,5,52428800,33.139220,28.421000,45.070700,6.034273,0.360730,0.354368,0.366592,0.004027,5.035430,5.029068,5.041292,0.004027,0.287100,2.251500,1.610500,0.525600,91.867205,6.581210,1.582077,145.340998,0.000000,0.000000,true
1024,1024,5,gaussian,cuda_multi_output,"NVIDIA GeForce GTX 1650 with Max-Q Design",16,16,5,52428800,33.139220,28.421000,45.070700,6.034273,0.397082,0.382432,0.428032,0.018461,5.894382,5.879732,5.925332,0.018461,0.198700,1.867000,2.846000,0.585600,83.456950,5.622171,1.582077,132.035327,0.000000,0.000000,true
1024,1024,5,gaussian,cuda_register_tiled,"NVIDIA GeForce GTX 1650 with Max-Q Design",16,16,5,52428800,33.139220,28.421000,45.070700,6.034273,0.328032,0.323904,0.340032,0.006034,5.639332,5.635204,5.651332,0.006034,0.349800,1.672200,2.557300,0.732000,101.024350,5.876444,1.582077,159.828307,0.000000,0.000000,true
1024,1024,5,gaussian,cuda_separable,"NVIDIA GeForce GTX 1650 with Max-Q Design",16,16,5,20971520,33.139220,28.421000,45.070700,6.034273,0.261043,0.256000,0.265664,0.003397,6.567243,6.562200,6.571864,0.003397,0.393300,1.892000,3.046100,0.974800,126.949178,5.046139,0.632831,80.337353,0.000000,0.000000,true
1024,1024,5,gaussian,cuda_naive_global_memory,"NVIDIA GeForce GTX 1650 with Max-Q Design",32,8,5,52428800,33.139220,28.421000,45.070700,6.034273,0.376813,0.366592,0.411552,0.017436,5.563813,5.553592,5.598552,0.017436,0.200200,1.890200,2.579700,0.516900,87.946111,5.956207,1.582077,139.137525,0.000000,0.000000,true
1024,1024,5,gaussian,cuda_shared_memory_tiled,"NVIDIA GeForce GTX 1650 with Max-Q Design",32,8,5,52428800,33.139220,28.421000,45.070700,6.034273,0.428102,0.376928,0.516064,0.052930,5.651702,5.600528,5.739664,0.052930,0.206300,1.878700,2.641900,0.496700,77.409565,5.863582,1.582077,122.467898,0.000000,0.000000,true
1024,1024,5,gaussian,cuda_shared_constant_filter,"NVIDIA GeForce GTX 1650 with Max-Q Design",32,8,5,52428800,33.139220,28.421000,45.070700,6.034273,0.351661,0.325216,0.391584,0.022029,5.590161,5.563716,5.630084,0.022029,0.204800,2.096800,2.289200,0.647700,94.236319,5.928134,1.582077,149.089120,0.000000,0.000000,true
1024,1024,5,gaussian,cuda_multi_output,"NVIDIA GeForce GTX 1650 with Max-Q Design",32,8,5,52428800,33.139220,28.421000,45.070700,6.034273,0.402048,0.378880,0.448512,0.025243,5.565448,5.542280,5.611912,0.025243,0.206000,1.888400,2.493600,0.575400,82.426028,5.954457,1.582077,130.404329,0.000000,0.000000,true
1024,1024,5,gaussian,cuda_register_tiled,"NVIDIA GeForce GTX 1650 with Max-Q Design",32,8,5,52428800,33.139220,28.421000,45.070700,6.034273,0.341587,0.328160,0.368000,0.014323,5.209787,5.196360,5.236200,0.014323,0.198400,1.854100,2.168700,0.647000,97.015404,6.360955,1.582077,153.485846,0.000000,0.000000,true
1024,1024,5,gaussian,cuda_separable,"NVIDIA GeForce GTX 1650 with Max-Q Design",32,8,5,20971520,33.139220,28.421000,45.070700,6.034273,0.289939,0.278304,0.300448,0.008853,6.579039,6.567404,6.589548,0.008853,0.235700,1.887100,3.202000,0.964300,114.297135,5.037091,0.632831,72.330751,0.000000,0.000000,true
1024,1024,5,gaussian,cuda_naive_global_memory,"NVIDIA GeForce GTX 1650 with Max-Q Design",32,16,5,52428800,33.139220,28.421000,45.070700,6.034273,0.418957,0.386784,0.446720,0.019655,5.758957,5.726784,5.786720,0.019655,0.208900,1.813600,2.195300,1.122200,79.099373,5.754379,1.582077,125.141304,0.000000,0.000000,true
1024,1024,5,gaussian,cuda_shared_memory_tiled,"NVIDIA GeForce GTX 1650 with Max-Q Design",32,16,5,52428800,33.139220,28.421000,45.070700,6.034273,0.418470,0.414528,0.424000,0.003276,5.822970,5.819028,5.828500,0.003276,0.430800,2.835000,1.559500,0.579200,79.191312,5.691119,1.582077,125.286758,0.000000,0.000000,true
1024,1024,5,gaussian,cuda_shared_constant_filter,"NVIDIA GeForce GTX 1650 with Max-Q Design",32,16,5,52428800,33.139220,28.421000,45.070700,6.034273,0.343437,0.338944,0.350720,0.004404,5.640937,5.636444,5.648220,0.004404,0.730700,2.686900,1.342200,0.537700,96.492922,5.874772,1.582077,152.659239,0.000000,0.000000,true
1024,1024,5,gaussian,cuda_multi_output,"NVIDIA GeForce GTX 1650 with Max-Q Design",32,16,5,52428800,33.139220,28.421000,45.070700,6.034273,0.393235,0.382464,0.409632,0.010035,5.467935,5.457164,5.484332,0.010035,0.531900,2.748600,1.366500,0.427700,84.273281,6.060646,1.582077,133.326825,0.000000,0.000000,true
1024,1024,5,gaussian,cuda_register_tiled,"NVIDIA GeForce GTX 1650 with Max-Q Design",32,16,5,52428800,33.139220,28.421000,45.070700,6.034273,0.323795,0.322304,0.325440,0.001304,5.393995,5.392504,5.395640,0.001304,0.890500,2.389500,1.356400,0.433800,102.346236,6.143724,1.582077,161.919633,0.000000,0.000000,true
1024,1024,5,gaussian,cuda_separable,"NVIDIA GeForce GTX 1650 with Max-Q Design",32,16,5,20971520,33.139220,28.421000,45.070700,6.034273,0.268646,0.266720,0.271552,0.001582,5.552246,5.550320,5.555152,0.001582,1.195600,2.225100,1.288600,0.574300,123.356280,5.968615,0.632831,78.063657,0.000000,0.000000,true
1024,1024,5,sharpen,cuda_naive_global_memory,"NVIDIA GeForce GTX 1650 with Max-Q Design",8,8,5,52428800,28.877660,28.265500,29.438300,0.470328,0.635341,0.624544,0.655360,0.010578,6.050041,6.039244,6.070060,0.010578,0.396300,1.461400,2.883700,0.673300,45.452236,4.773135,1.815549,82.520751,0.000001,0.000000,true
1024,1024,5,sharpen,cuda_shared_memory_tiled,"NVIDIA GeForce GTX 1650 with Max-Q Design",8,8,5,52428800,28.877660,28.265500,29.438300,0.470328,0.490381,0.471040,0.512000,0.015949,5.095881,5.076540,5.117500,0.015949,0.233500,1.928000,1.907000,0.537000,58.888234,5.666863,1.815549,106.914461,0.000001,0.000000,true
1024,1024,5,sharpen,cuda_shared_constant_filter,"NVIDIA GeForce GTX 1650 with Max-Q Design",8,8,5,52428800,28.877660,28.265500,29.438300,0.470328,0.388294,0.367328,0.408416,0.015389,5.857294,5.836328,5.877416,0.015389,0.207100,1.814600,2.802700,0.644600,74.370529,4.930205,1.815549,135.023323,0.000001,0.000000,true
1024,1024,5,sharpen,cuda_multi_output,"NVIDIA GeForce GTX 1650 with Max-Q Design",8,8,5,52428800,28.877660,28.265500,29.438300,0.470328,0.649318,0.626528,0.658784,0.011671,4.726418,4.703628,4.735884,0.011671,0.196600,1.784400,1.532800,0.563300,44.473805,6.109840,1.815549,80.744362,0.000001,0.000000,true
1024,1024,5,sharpen,cuda_register_tiled,"NVIDIA GeForce GTX 1650 with Max-Q Design",8,8,5,52428800,28.877660,28.265500,29.438300,0.470328,0.569414,0.564800,0.574272,0.003955,4.905614,4.901000,4.910472,0.003955,0.231000,1.888900,1.567700,0.648600,50.714664,5.886655,1.815549,92.074946,0.000001,0.000000,true
1024,1024,5,sharpen,cuda_naive_global_memory,"NVIDIA GeForce GTX 1650 with Max-Q Design",16,16,5,52428800,28.877660,28.265500,29.438300,0.470328,0.399750,0.396064,0.405984,0.003405,5.322950,5.319264,5.329184,0.003405,0.471100,2.017500,1.787300,0.647300,72.239226,5.425123,1.815549,131.153838,0.000001,0.000000,true
1024,1024,5,sharpen,cuda_shared_memory_tiled,"NVIDIA GeForce GTX 1650 with Max-Q Design",16,16,5,52428800,28.877660,28.265500,29.438300,0.470328,0.465504,0.432832,0.489600,0.020099,5.215204,5.182532,5.239300,0.020099,0.299100,2.211700,1.670200,0.568700,62.035256,5.537206,1.815549,112.628033,0.000001,0.000000,true
1024,1024,5,sharpen,cuda_shared_constant_filter,"NVIDIA GeForce GTX 1650 with Max-Q Design",16,16,5,52428800,28.877660,28.265500,29.438300,0.470328,0.363283,0.358304,0.366592,0.003050,5.566283,5.561304,5.569592,0.003050,0.483300,1.526600,2.497700,0.695400,79.490768,5.187961,1.815549,144.319366,0.000001,0.000000,true
1024,1024,5,sharpen,cuda_multi_output,"NVIDIA GeForce GTX 1650 with Max-Q Design",16,16,5,52428800,28.877660,28.265500,29.438300,0.470328,0.399578,0.384224,0.424480,0.014088,4.922378,4.907024,4.947280,0.014088,0.213900,2.028900,1.673100,0.606900,72.270468,5.866608,1.815549,131.210558,0.000001,0.000000,true
1024,1024,5,sharpen,cuda_register_tiled,"NVIDIA GeForce GTX 1650 with Max-Q Design",16,16,5,52428800,28.877660,28.265500,29.438300,0.470328,0.350163,0.330816,0.369056,0.015208,6.170363,6.151016,6.189256,0.015208,0.201200,1.738600,3.203200,0.677200,82.469146,4.680058,1.815549,149.726757,0.000001,0.000000,true
1024,1024,5,sharpen,cuda_naive_global_memory,"NVIDIA GeForce GTX 1650 with Max-Q Design",32,8,5,52428800,28.877660,28.265500,29.438300,0.470328,0.398374,0.379072,0.407552,0.009959,5.221974,5.202672,5.231152,0.009959,0.206700,1.894900,1.987100,0.734900,72.488744,5.530027,1.815549,131.606849,0.000001,0.000000,true
1024,1024,5,sharpen,cuda_shared_memory_tiled,"NVIDIA GeForce GTX 1650 with Max-Q Design",32,8,5,52428800,28.877660,28.265500,29.438300,0.470328,0.447680,0.380352,0.514528,0.056058,5.137480,5.070152,5.204328,0.056058,0.248800,1.993500,1.895500,0.552000,64.505137,5.620978,1.815549,117.112222,0.000001,0.000000,true
1024,1024,5,sharpen,cuda_shared_constant_filter,"NVIDIA GeForce GTX 1650 with Max-Q Design",32,8,5,52428800,28.877660,28.265500,29.438300,0.470328,0.335258,0.322656,0.358016,0.014264,5.667458,5.654856,5.690216,0.014264,0.199800,1.843700,2.777300,0.511400,86.135734,5.095346,1.815549,156.383625,0.000001,0.000000,true
1024,1024,5,sharpen,cuda_multi_output,"NVIDIA GeForce GTX 1650 with Max-Q Design",32,8,5,52428800,28.877660,28.265500,29.438300,0.470328,0.414189,0.399360,0.432960,0.011151,5.698489,5.683660,5.717260,0.011151,0.209500,1.743900,2.792800,0.538100,69.721006,5.067600,1.815549,126.581887,0.000001,0.000000,true
1024,1024,5,sharpen,cuda_register_tiled,"NVIDIA GeForce GTX 1650 with Max-Q Design",32,8,5,52428800,28.877660,28.265500,29.438300,0.470328,0.328531,0.322784,0.333440,0.004328,5.770831,5.765084,5.775740,0.004328,0.234500,1.742400,2.836800,0.628600,87.899291,5.004073,1.815549,159.585449,0.000001,0.000000,true
1024,1024,5,sharpen,cuda_naive_global_memory,"NVIDIA GeForce GTX 1650 with Max-Q Design",32,16,5,52428800,28.877660,28.265500,29.438300,0.470328,0.394419,0.387488,0.398784,0.003785,5.328219,5.321288,5.332584,0.003785,0.233800,1.668700,2.271300,0.760000,73.215654,5.419758,1.815549,132.926590,0.000001,0.000000,true
1024,1024,5,sharpen,cuda_shared_memory_tiled,"NVIDIA GeForce GTX 1650 with Max-Q Design",32,16,5,52428800,28.877660,28.265500,29.438300,0.470328,0.503354,0.434752,0.678496,0.090197,5.353054,5.284452,5.528196,0.090197,0.205500,1.527900,2.599100,0.517200,57.370525,5.394614,1.815549,104.158986,0.000001,0.000000,true
1024,1024,5,sharpen,cuda_shared_constant_filter,"NVIDIA GeForce GTX 1650 with Max-Q Design",32,16,5,52428800,28.877660,28.265500,29.438300,0.470328,0.363597,0.353536,0.375776,0.007806,6.276797,6.266736,6.288976,0.007806,0.195300,1.660700,3.242000,0.815200,79.422204,4.600700,1.815549,144.194885,0.000001,0.000000,true
1024,1024,5,sharpen,cuda_multi_output,"NVIDIA GeForce GTX 1650 with Max-Q Design",32,16,5,52428800,28.877660,28.265500,29.438300,0.470328,0.387462,0.384160,0.395264,0.003997,5.365262,5.361960,5.373064,0.003997,0.279400,1.990700,2.157400,0.550300,74.530225,5.382339,1.815549,135.313258,0.000001,0.000000,true
1024,1024,5,sharpen,cuda_register_tiled,"NVIDIA GeForce GTX 1650 with Max-Q Design",32,16,5,52428800,28.877660,28.265500,29.438300,0.470328,0.339610,0.325632,0.366592,0.014088,6.292210,6.278232,6.319192,0.014088,0.367700,1.688100,3.185000,0.711800,85.031930,4.589431,1.815549,154.379615,0.000001,0.000000,true
1024,1024,5,sobel,cuda_naive_global_memory,"NVIDIA GeForce GTX 1650 with Max-Q Design",8,8,5,52428800,31.110480,28.123500,38.798900,3.948807,0.630381,0.626688,0.639904,0.004831,5.747481,5.743788,5.757004,0.004831,0.285600,1.645000,1.843200,1.343300,49.351883,5.412890,1.685246,83.170045,0.000000,0.000000,true
1024,1024,5,sobel,cuda_shared_memory_tiled,"NVIDIA GeForce GTX 1650 with Max-Q Design",8,8,5,52428800,31.110480,28.123500,38.798900,3.948807,0.501152,0.466976,0.549664,0.032870,5.521052,5.486876,5.569564,0.032870,0.214000,1.458600,1.960800,1.386500,62.077933,5.634883,1.685246,104.616564,0.000000,0.000000,true
1024,1024,5,sobel,cuda_shared_constant_filter,"NVIDIA GeForce GTX 1650 with Max-Q Design",8,8,5,52428800,31.110480,28.123500,38.798900,3.948807,0.395302,0.385024,0.410272,0.008276,6.235202,6.224924,6.250172,0.008276,0.208500,1.492100,3.420700,0.718600,78.700459,4.989490,1.685246,132.629603,0.000000,0.000000,true
1024,1024,5,sobel,cuda_multi_output,"NVIDIA GeForce GTX 1650 with Max-Q Design",8,8,5,52428800,31.110480,28.123500,38.798900,3.948807,0.634970,0.626688,0.646496,0.007105,4.782570,4.774288,4.794096,0.007105,0.207600,1.727400,1.599200,0.613400,48.995227,6.504972,1.685246,82.568992,0.000000,0.000000,true
1024,1024,5,sobel,cuda_register_tiled,"NVIDIA GeForce GTX 1650 with Max-Q Design",8,8,5,52428800,31.110480,28.123500,38.798900,3.948807,0.584390,0.568480,0.602112,0.012627,5.960690,5.944780,5.978412,0.012627,0.200700,1.915000,2.599500,0.661100,53.235783,5.219275,1.685246,89.715370,0.000000,0.000000,true
1024,1024,5,sobel,cuda_naive_global_memory,"NVIDIA GeForce GTX 1650 with Max-Q Design",16,16,5,52428800,31.110480,28.123500,38.798900,3.948807,0.403053,0.393216,0.420128,0.009775,5.419853,5.410016,5.436928,0.009775,0.391400,2.372700,1.577200,0.675500,77.187108,5.740097,1.685246,130.079235,0.000000,0.000000,true
1024,1024,5,sobel,cuda_shared_memory_tiled,"NVIDIA GeForce GTX 1650 with Max-Q Design",16,16,5,52428800,31.110480,28.123500,38.798900,3.948807,0.432909,0.430880,0.436224,0.001876,5.572209,5.570180,5.575524,0.001876,0.470600,2.043600,1.946000,0.679100,71.863818,5.583150,1.685246,121.108185,0.000000,0.000000,true
1024,1024,5,sobel,cuda_shared_constant_filter,"NVIDIA GeForce GTX 1650 with Max-Q Design",16,16,5,52428800,31.110480,28.123500,38.798900,3.948807,0.358253,0.355136,0.361472,0.002498,4.964553,4.961436,4.967772,0.002498,0.402100,1.866400,1.671100,0.666700,86.839460,6.266522,1.685246,146.345818,0.000000,0.000000,true
1024,1024,5,sobel,cuda_multi_output,"NVIDIA GeForce GTX 1650 with Max-Q Design",16,16,5,52428800,31.110480,28.123500,38.798900,3.948807,0.390176,0.381664,0.412416,0.011252,5.412076,5.403564,5.434316,0.011252,0.421200,2.215100,1.756600,0.629000,79.734478,5.748345,1.685246,134.372179,0.000000,0.000000,true
1024,1024,5,sobel,cuda_register_tiled,"NVIDIA GeForce GTX 1650 with Max-Q Design",16,16,5,52428800,31.110480,28.123500,38.798900,3.948807,0.345357,0.326976,0.375424,0.017338,5.712757,5.694376,5.742824,0.017338,0.266900,2.089900,2.234300,0.776300,90.082140,5.445791,1.685246,151.810532,0.000000,0.000000,true
1024,1024,5,sobel,cuda_naive_global_memory,"NVIDIA GeForce GTX 1650 with Max-Q Design",32,8,5,52428800,31.110480,28.123500,38.798900,3.948807,0.364019,0.361472,0.366048,0.001515,5.425419,5.422872,5.427448,0.001515,0.369600,2.122800,2.050400,0.518600,85.463843,5.734208,1.685246,144.027567,0.000000,0.000000,true
1024,1024,5,sobel,cuda_shared_memory_tiled,"NVIDIA GeForce GTX 1650 with Max-Q Design",32,8,5,52428800,31.110480,28.123500,38.798900,3.948807,0.398406,0.383712,0.437600,0.019911,5.992206,5.977512,6.031400,0.019911,0.522700,1.524800,2.810600,0.735700,78.087300,5.191824,1.685246,131.596280,0.000000,0.000000,true
1024,1024,5,sobel,cuda_shared_constant_filter,"NVIDIA GeForce GTX 1650 with Max-Q Design",32,8,5,52428800,31.110480,28.123500,38.798900,3.948807,0.347622,0.325632,0.360896,0.012713,6.063022,6.041032,6.076296,0.012713,0.438200,2.451800,2.173400,0.652000,89.495038,5.131183,1.685246,150.821121,0.000000,0.000000,true
1024,1024,5,sobel,cuda_multi_output,"NVIDIA GeForce GTX 1650 with Max-Q Design",32,8,5,52428800,31.110480,28.123500,38.798900,3.948807,0.387680,0.382976,0.391168,0.003143,5.302580,5.297876,5.306068,0.003143,0.521400,2.018600,1.547800,0.827100,80.247834,5.867046,1.685246,135.237311,0.000000,0.000000,true
1024,1024,5,sobel,cuda_register_tiled,"NVIDIA GeForce GTX 1650 with Max-Q Design",32,8,5,52428800,31.110480,28.123500,38.798900,3.948807,0.325133,0.323584,0.326880,0.001282,5.698933,5.697384,5.700680,0.001282,0.466800,1.938100,2.218500,0.750400,95.685456,5.459001,1.685246,161.253494,0.000000,0.000000,true
1024,1024,5,sobel,cuda_naive_global_memory,"NVIDIA GeForce GTX 1650 with Max-Q Design",32,16,5,52428800,31.110480,28.123500,38.798900,3.948807,0.387942,0.383360,0.393216,0.003742,4.933442,4.928860,4.938716,0.003742,0.585800,1.865400,1.530700,0.563600,80.193554,6.306039,1.685246,135.145835,0.000000,0.000000,true
1024,1024,5,sobel,cuda_shared_memory_tiled,"NVIDIA GeForce GTX 1650 with Max-Q Design",32,16,5,52428800,31.110480,28.123500,38.798900,3.948807,0.434010,0.421024,0.441024,0.006859,5.006310,4.993324,5.013324,0.006859,0.412700,2.062400,1.578200,0.519000,71.681548,6.214254,1.685246,120.801015,0.000000,0.000000,true
1024,1024,5,sobel,cuda_shared_constant_filter,"NVIDIA GeForce GTX 1650 with Max-Q Design",32,16,5,52428800,31.110480,28.123500,38.798900,3.948807,0.348909,0.339968,0.369760,0.011230,5.014909,5.005968,5.035760,0.011230,0.305800,1.989100,1.611400,0.759700,89.165075,6.203598,1.685246,150.265052,0.000000,0.000000,true
1024,1024,5,sobel,cuda_multi_output,"NVIDIA GeForce GTX 1650 with Max-Q Design",32,16,5,52428800,31.110480,28.123500,38.798900,3.948807,0.394246,0.383392,0.418400,0.012430,5.777946,5.767092,5.802100,0.012430,0.219300,1.763400,2.884300,0.516700,78.911260,5.384349,1.685246,132.984854,0.000000,0.000000,true
1024,1024,5,sobel,cuda_register_tiled,"NVIDIA GeForce GTX 1650 with Max-Q Design",32,16,5,52428800,31.110480,28.123500,38.798900,3.948807,0.356269,0.344064,0.379168,0.012857,5.400069,5.387864,5.422968,0.012857,0.204300,1.841300,2.316200,0.682000,87.323055,5.761127,1.685246,147.160796,0.000000,0.000000,true
1024,1024,7,box,cuda_naive_global_memory,"NVIDIA GeForce GTX 1650 with Max-Q Design",8,8,5,102760448,54.666240,52.704800,57.189200,1.734257,1.198093,1.179456,1.222816,0.016000,8.765493,8.746856,8.790216,0.016000,0.439500,3.293100,3.172200,0.662600,45.627718,6.236528,1.879779,85.770024,0.000000,0.000000,true
1024,1024,7,box,cuda_shared_memory_tiled,"NVIDIA GeForce GTX 1650 with Max-Q Design",8,8,5,102760448,54.666240,52.704800,57.189200,1.734257,0.820941,0.811008,0.843296,0.011691,4.809041,4.799108,4.831396,0.011691,0.222600,1.853100,1.301500,0.610900,66.589747,11.367390,1.879779,125.174006,0.000000,0.000000,true
1024,1024,7,box,cuda_shared_constant_filter,"NVIDIA GeForce GTX 1650 with Max-Q Design",8,8,5,102760448,54.666240,52.704800,57.189200,1.734257,0.600934,0.592896,0.614016,0.007557,4.859934,4.851896,4.873016,0.007557,0.306400,1.914800,1.425800,0.612000,90.968732,11.248349,1.879779,171.001108,0.000000,0.000000,true
1024,1024,7,box,cuda_multi_output,"NVIDIA GeForce GTX 1650 with Max-Q Design",8,8,5,102760448,54.666240,52.704800,57.189200,1.734257,1.186163,1.182944,1.190976,0.003512,6.094763,6.091544,6.099576,0.003512,0.636200,1.580900,1.701600,0.989900,46.086609,8.969379,1.879779,86.632638,0.000000,0.000000,true
1024,1024,7,box,cuda_register_tiled,"NVIDIA GeForce GTX 1650 with Max-Q Design",8,8,5,102760448,54.666240,52.704800,57.189200,1.734257,1.085325,1.064960,1.122720,0.022953,6.126125,6.105760,6.163520,0.022953,0.246700,1.511100,2.472200,0.810800,50.368553,8.923462,1.879779,94.681746,0.000000,0.000000,true
1024,1024,7,box,cuda_separable,"NVIDIA GeForce GTX 1650 with Max-Q Design",8,8,5,29360128,54.666240,52.704800,57.189200,1.734257,0.439322,0.438272,0.440640,0.000826,5.404222,5.403172,5.405540,0.000826,0.611900,1.860900,1.657000,0.835100,124.433308,10.115470,0.537080,66.830604,0.000000,0.000000,true
1024,1024,7,box,cuda_naive_global_memory,"NVIDIA GeForce GTX 1650 with Max-Q Design",16,16,5,102760448,54.666240,52.704800,57.189200,1.734257,0.721869,0.716032,0.731072,0.004957,4.906169,4.900332,4.915372,0.004957,0.486600,1.711500,1.355500,0.630700,75.728775,11.142348,1.879779,142.353358,0.000000,0.000000,true
1024,1024,7,box,cuda_shared_memory_tiled,"NVIDIA GeForce GTX 1650 with Max-Q Design",16,16,5,102760448,54.666240,52.704800,57.189200,1.734257,0.757325,0.748928,0.780288,0.011869,5.113225,5.104828,5.136188,0.011869,0.436100,1.899400,1.408700,0.611700,72.183349,10.691147,1.879779,135.688742,0.000000,0.000000,true
1024,1024,7,box,cuda_shared_constant_filter,"NVIDIA GeForce GTX 1650 with Max-Q Design",16,16,5,102760448,54.666240,52.704800,57.189200,1.734257,0.535066,0.529248,0.544768,0.005746,6.238066,6.232248,6.247768,0.005746,0.768400,2.684700,1.472600,0.777300,102.167362,8.763332,1.879779,192.052058,0.000000,0.000000,true
1024,1024,7,box,cuda_multi_output,"NVIDIA GeForce GTX 1650 with Max-Q Design",16,16,5,102760448,54.666240,52.704800,57.189200,1.734257,0.726106,0.722848,0.734688,0.004367,7.424706,7.421448,7.433288,0.004367,0.593600,1.502500,3.719800,0.882700,75.286901,7.362749,1.879779,141.522733,0.000000,0.000000,true
1024,1024,7,box,cuda_register_tiled,"NVIDIA GeForce GTX 1650 with Max-Q Design",16,16,5,102760448,54.666240,52.704800,57.189200,1.734257,0.643219,0.634880,0.654176,0.006355,5.371619,5.363280,5.382576,0.006355,0.205500,1.532400,2.154900,0.835600,84.988507,10.176864,1.879779,159.759607,0.000000,0.000000,true
1024,1024,7,box,cuda_separable,"NVIDIA GeForce GTX 1650 with Max-Q Design",16,16,5,29360128,54.666240,52.704800,57.189200,1.734257,0.369830,0.356480,0.403008,0.017320,5.800630,5.787280,5.833808,0.017320,0.233100,2.105100,2.421800,0.670800,147.814350,9.424189,0.537080,79.388087,0.000000,0.000000,true
1024,1024,7,box,cuda_naive_global_memory,"NVIDIA GeForce GTX 1650 with Max-Q Design",32,8,5,102760448,54.666240,52.704800,57.189200,1.734257,0.607091,0.596992,0.638976,0.016034,4.782491,4.772392,4.814376,0.016034,0.254400,1.845600,1.437300,0.638100,90.046174,11.430495,1.879779,169.266904,0.000000,0.000000,true
1024,1024,7,box,cuda_shared_memory_tiled,"NVIDIA GeForce GTX 1650 with Max-Q Design",32,8,5,102760448,54.666240,52.704800,57.189200,1.734257,0.604262,0.570080,0.656608,0.029130,4.683762,4.649580,4.736108,0.029130,0.281300,1.848700,1.367400,0.582100,90.467717,11.671437,1.879779,170.059312,0.000000,0.000000,true
1024,1024,7,box,cuda_shared_constant_filter,"NVIDIA GeForce GTX 1650 with Max-Q Design",32,8,5,102760448,54.666240,52.704800,57.189200,1.734257,0.415910,0.403520,0.438304,0.013851,5.476910,5.464520,5.499304,0.013851,0.424800,2.352200,1.574400,0.709600,131.437541,9.981219,1.879779,247.073524,0.000000,0.000000,true
1024,1024,7,box,cuda_multi_output,"NVIDIA GeForce GTX 1650 with Max-Q Design",32,8,5,102760448,54.666240,52.704800,57.189200,1.734257,0.718419,0.715520,0.721632,0.002127,4.858519,4.855620,4.861732,0.002127,0.479700,1.820900,1.284500,0.555000,76.092399,11.251626,1.879779,143.036891,0.000000,0.000000,true
1024,1024,7,box,cuda_register_tiled,"NVIDIA GeForce GTX 1650 with Max-Q Design",32,8,5,102760448,54.666240,52.704800,57.189200,1.734257,0.604147,0.602528,0.609088,0.002493,5.855847,5.854228,5.860788,0.002493,0.826300,2.544500,1.303300,0.577600,90.484969,9.335326,1.879779,170.091740,0.000000,0.000000,true
1024,1024,7,box,cuda_separable,"NVIDIA GeForce GTX 1650 with Max-Q Design",32,8,5,29360128,54.666240,52.704800,57.189200,1.734257,0.276410,0.275872,0.276800,0.000327,5.127910,5.127372,5.128300,0.000327,1.213900,1.534400,1.340500,0.762700,197.772584,10.660531,0.537080,106.219641,0.000000,0.000000,true
1024,1024,7,box,cuda_naive_global_memory,"NVIDIA GeForce GTX 1650 with Max-Q Design",32,16,5,102760448,54.666240,52.704800,57.189200,1.734257,0.560531,0.548864,0.570784,0.008651,4.791031,4.779364,4.801284,0.008651,0.378200,1.220700,1.656800,0.974800,97.525776,11.410120,1.879779,183.326902,0.000000,0.000000,true
1024,1024,7,box,cuda_shared_memory_tiled,"NVIDIA GeForce GTX 1650 with Max-Q Design",32,16,5,102760448,54.666240,52.704800,57.189200,1.734257,0.478080,0.473088,0.485792,0.004783,5.284080,5.279088,5.291792,0.004783,0.350900,1.526700,2.199000,0.729400,114.345380,10.345460,1.879779,214.944041,0.000000,0.000000,true
1024,1024,7,box,cuda_shared_constant_filter,"NVIDIA GeForce GTX 1650 with Max-Q Design",32,16,5,102760448,54.666240,52.704800,57.189200,1.734257,0.357907,0.352320,0.362496,0.003975,7.419507,7.413920,7.424096,0.003975,0.514600,3.369200,2.167600,1.010200,152.738587,7.367907,1.879779,287.114783,0.000000,0.000000,true
1024,1024,7,box,cuda_multi_output,"NVIDIA GeForce GTX 1650 with Max-Q Design",32,16,5,102760448,54.666240,52.704800,57.189200,1.734257,0.594829,0.587776,0.616448,0.010915,4.917729,4.910676,4.939348,0.010915,0.360800,1.960500,1.422000,0.579600,91.902479,11.116156,1.879779,172.756347,0.000000,0.000000,true
1024,1024,7,box,cuda_register_tiled,"NVIDIA GeForce GTX 1650 with Max-Q Design",32,16,5,102760448,54.666240,52.704800,57.189200,1.734257,0.498643,0.495456,0.503008,0.002914,5.314943,5.311756,5.319308,0.002914,0.909400,1.893500,1.441700,0.571700,109.629970,10.285386,1.879779,206.080112,0.000000,0.000000,true
1024,1024,7,box,cuda_separable,"NVIDIA GeForce GTX 1650 with Max-Q Design",32,16,5,29360128,54.666240,52.704800,57.189200,1.734257,0.312397,0.309248,0.317632,0.002817,6.211597,6.208448,6.216832,0.002817,0.459800,3.322400,1.410300,0.706700,174.989756,8.800674,0.537080,93.983447,0.000000,0.000000,true
1024,1024,7,gaussian,cuda_naive_global_memory,"NVIDIA GeForce GTX 1650 with Max-Q Design",8,8,5,102760448,55.107380,53.483300,57.007700,1.333617,0.971520,0.962560,0.988640,0.009605,5.209920,5.200960,5.227040,0.009605,0.406600,1.660700,1.468700,0.702400,56.722847,10.577395,1.864731,105.772860,0.000000,0.000000,true
1024,1024,7,gaussian,cuda_shared_memory_tiled,"NVIDIA GeForce GTX 1650 with Max-Q Design",8,8,5,102760448,55.107380,53.483300,57.007700,1.333617,0.664173,0.663520,0.665600,0.000831,7.322273,7.321620,7.323700,0.000831,0.551100,3.036000,1.653400,1.417600,82.971451,7.525994,1.864731,154.719448,0.000000,0.000000,true
1024,1024,7,gaussian,cuda_shared_constant_filter,"NVIDIA GeForce GTX 1650 with Max-Q Design",8,8,5,102760448,55.107380,53.483300,57.007700,1.333617,0.492256,0.487936,0.504480,0.006191,5.827356,5.823036,5.839580,0.006191,0.279200,1.414300,1.987400,1.654200,111.948621,9.456670,1.864731,208.754080,0.000000,0.000000,true
1024,1024,7,gaussian,cuda_multi_output,"NVIDIA GeForce GTX 1650 with Max-Q Design",8,8,5,102760448,55.107380,53.483300,57.007700,1.333617,0.988410,0.971968,1.007424,0.013448,4.952110,4.935668,4.971124,0.013448,0.223900,1.397500,1.631100,0.711200,55.753587,11.128061,1.864731,103.965450,0.000000,0.000000,true
1024,1024,7,gaussian,cuda_register_tiled,"NVIDIA GeForce GTX 1650 with Max-Q Design",8,8,5,102760448,55.107380,53.483300,57.007700,1.333617,0.885619,0.868032,0.925664,0.021677,4.995419,4.977832,5.035464,0.021677,0.429900,1.573700,1.480800,0.625400,62.224690,11.031583,1.864731,116.032317,0.000000,0.000000,true
1024,1024,7,gaussian,cuda_separable,"NVIDIA GeForce GTX 1650 with Max-Q Design",8,8,5,29360128,55.107380,53.483300,57.007700,1.333617,0.372550,0.367584,0.387136,0.007357,6.026050,6.021084,6.040636,0.007357,0.307000,3.173400,1.589600,0.583500,147.919262,9.144859,0.532780,78.808473,0.000000,0.000000,true
1024,1024,7,gaussian,cuda_naive_global_memory,"NVIDIA GeForce GTX 1650 with Max-Q Design",16,16,5,102760448,55.107380,53.483300,57.007700,1.333617,0.589997,0.589088,0.591680,0.000882,6.179097,6.178188,6.180780,0.000882,1.167700,1.566000,1.650500,1.204900,93.402843,8.918355,1.864731,174.171191,0.000000,0.000000,true
1024,1024,7,gaussian,cuda_shared_memory_tiled,"NVIDIA GeForce GTX 1650 with Max-Q Design",16,16,5,102760448,55.107380,53.483300,57.007700,1.333617,0.613670,0.606784,0.623808,0.005837,5.323370,5.316484,5.333508,0.005837,0.235800,1.408100,1.929700,1.136100,89.799637,10.351972,1.864731,167.452180,0.000000,0.000000,true
1024,1024,7,gaussian,cuda_shared_constant_filter,"NVIDIA GeForce GTX 1650 with Max-Q Design",16,16,5,102760448,55.107380,53.483300,57.007700,1.333617,0.435424,0.434176,0.438272,0.001540,5.794524,5.793276,5.797372,0.001540,0.231200,1.473300,2.296800,1.357800,126.560272,9.510251,1.864731,236.000882,0.000000,0.000000,true
1024,1024,7,gaussian,cuda_multi_output,"NVIDIA GeForce GTX 1650 with Max-Q Design",16,16,5,102760448,55.107380,53.483300,57.007700,1.333617,0.616794,0.591072,0.628704,0.013286,5.564694,5.538972,5.576604,0.013286,0.209700,1.369700,2.878100,0.490400,89.344927,9.903039,1.864731,166.604269,0.000000,0.000000,true
1024,1024,7,gaussian,cuda_register_tiled,"NVIDIA GeForce GTX 1650 with Max-Q Design",16,16,5,102760448,55.107380,53.483300,57.007700,1.333617,0.524128,0.497856,0.537952,0.015084,5.395028,5.368756,5.408852,0.015084,0.206300,1.736600,2.376000,0.552000,105.141074,10.214475,1.864731,196.059836,0.000000,0.000000,true
1024,1024,7,gaussian,cuda_separable,"NVIDIA GeForce GTX 1650 with Max-Q Design",16,16,5,29360128,55.107380,53.483300,57.007700,1.333617,0.307149,0.298784,0.333856,0.013571,6.343949,6.335584,6.370656,0.013571,0.556800,1.536300,3.157200,0.786500,179.415907,8.686605,0.532780,95.589266,0.000000,0.000000,true
1024,1024,7,gaussian,cuda_naive_global_memory,"NVIDIA GeForce GTX 1650 with Max-Q Design",32,8,5,102760448,55.107380,53.483300,57.007700,1.333617,0.496627,0.493920,0.500608,0.002271,5.224527,5.221820,5.228508,0.002271,0.344300,2.059900,1.664600,0.659100,110.963274,10.547821,1.864731,206.916673,0.000000,0.000000,true
1024,1024,7,gaussian,cuda_shared_memory_tiled,"NVIDIA GeForce GTX 1650 with Max-Q Design",32,8,5,102760448,55.107380,53.483300,57.007700,1.333617,0.474707,0.467168,0.491360,0.008783,4.659407,4.651868,4.676060,0.008783,0.275300,1.798800,1.526500,0.584100,116.087094,11.827123,1.864731,216.471221,0.000000,0.000000,true
1024,1024,7,gaussian,cuda_shared_constant_filter,"NVIDIA GeForce GTX 1650 with Max-Q Design",32,8,5,102760448,55.107380,53.483300,57.007700,1.333617,0.350458,0.334848,0.395264,0.022896,5.458258,5.442648,5.503064,0.022896,0.421400,1.471400,2.481900,0.733100,157.244073,10.096149,1.864731,293.217921,0.000000,0.000000,true
1024,1024,7,gaussian,cuda_multi_output,"NVIDIA GeForce GTX 1650 with Max-Q Design",32,8,5,102760448,55.107380,53.483300,57.007700,1.333617,0.597197,0.589824,0.612544,0.008201,4.818797,4.811424,4.834144,0.008201,0.347700,1.553300,1.628500,0.692100,92.276749,11.435921,1.864731,172.071329,0.000000,0.000000,true
1024,1024,7,gaussian,cuda_register_tiled,"NVIDIA GeForce GTX 1650 with Max-Q Design",32,8,5,102760448,55.107380,53.483300,57.007700,1.333617,0.506061,0.493568,0.520352,0.009747,4.911161,4.898668,4.925452,0.009747,0.198300,1.821400,1.753100,0.632300,108.894782,11.220846,1.864731,203.059491,0.000000,0.000000,true
1024,1024,7,gaussian,cuda_separable,"NVIDIA GeForce GTX 1650 with Max-Q Design",32,8,5,29360128,55.107380,53.483300,57.007700,1.333617,0.287866,0.280576,0.296928,0.006108,6.585866,6.578576,6.594928,0.006108,0.230800,1.908700,3.527300,0.631200,191.434407,8.367523,0.532780,101.992486,0.000000,0.000000,true
1024,1024,7,gaussian,cuda_naive_global_memory,"NVIDIA GeForce GTX 1650 with Max-Q Design",32,16,5,102760448,55.107380,53.483300,57.007700,1.333617,0.524774,0.501760,0.542432,0.013374,4.792174,4.769160,4.809832,0.013374,0.203600,1.693800,1.885800,0.484200,105.011561,11.499452,1.864731,195.818329,0.000000,0.000000,true
1024,1024,7,gaussian,cuda_shared_memory_tiled,"NVIDIA GeForce GTX 1650 with Max-Q Design",32,16,5,102760448,55.107380,53.483300,57.007700,1.333617,0.440589,0.427008,0.452672,0.010379,5.342789,5.329208,5.354872,0.010379,0.196400,1.828300,2.310900,0.566600,125.076670,10.314347,1.864731,233.234362,0.000000,0.000000,true
1024,1024,7,gaussian,cuda_shared_constant_filter,"NVIDIA GeForce GTX 1650 with Max-Q Design",32,16,5,102760448,55.107380,53.483300,57.007700,1.333617,0.348685,0.331872,0.363776,0.010165,5.639585,5.622772,5.654676,0.010165,0.200900,1.689800,2.893400,0.506800,158.043540,9.771531,1.864731,294.708711,0.000000,0.000000,true
1024,1024,7,gaussian,cuda_multi_output,"NVIDIA GeForce GTX 1650 with Max-Q Design",32,16,5,102760448,55.107380,53.483300,57.007700,1.333617,0.575488,0.537120,0.669888,0.048211,5.140888,5.102520,5.235288,0.048211,0.200100,1.661900,2.209300,0.494100,95.757653,10.719428,1.864731,178.562279,0.000000,0.000000,true
1024,1024,7,gaussian,cuda_register_tiled,"NVIDIA GeForce GTX 1650 with Max-Q Design",32,16,5,102760448,55.107380,53.483300,57.007700,1.333617,0.464224,0.438208,0.477408,0.013603,5.286224,5.260208,5.299408,0.013603,0.217300,1.728300,2.334700,0.541700,118.708598,10.424715,1.864731,221.359620,0.000000,0.000000,true
1024,1024,7,gaussian,cuda_separable,"NVIDIA GeForce GTX 1650 with Max-Q Design",32,16,5,29360128,55.107380,53.483300,57.007700,1.333617,0.299238,0.284448,0.316192,0.012547,6.208338,6.193548,6.225292,0.012547,0.524400,1.545800,3.159100,0.679800,184.158783,8.876349,0.532780,98.116177,0.000000,0.000000,true
1024,1024,7,sharpen,cuda_naive_global_memory,"NVIDIA GeForce GTX 1650 with Max-Q Design",8,8,5,102760448,53.658420,51.847200,56.120600,1.513867,0.850861,0.843616,0.860928,0.007885,5.670861,5.663616,5.680928,0.007885,0.274400,1.451300,1.757900,1.336400,63.063687,9.462130,1.915085,120.772336,0.000001,0.000000,true
1024,1024,7,sharpen,cuda_shared_memory_tiled,"NVIDIA GeForce GTX 1650 with Max-Q Design",8,8,5,102760448,53.658420,51.847200,56.120600,1.513867,0.603098,0.581856,0.637472,0.019473,6.188198,6.166956,6.222572,0.019473,0.331200,1.160600,3.166200,0.927100,88.971371,8.671090,1.915085,170.387760,0.000001,0.000000,true
1024,1024,7,sharpen,cuda_shared_constant_filter,"NVIDIA GeForce GTX 1650 with Max-Q Design",8,8,5,102760448,53.658420,51.847200,56.120600,1.513867,0.431693,0.429536,0.434176,0.001584,6.251993,6.249836,6.254476,0.001584,0.501200,1.476200,3.193000,0.649900,124.297694,8.582611,1.915085,238.040679,0.000001,0.000000,true
1024,1024,7,sharpen,cuda_multi_output,"NVIDIA GeForce GTX 1650 with Max-Q Design",8,8,5,102760448,53.658420,51.847200,56.120600,1.513867,0.860525,0.848704,0.895872,0.017875,5.129825,5.118004,5.165172,0.017875,0.584500,1.798400,1.289200,0.597200,62.355460,10.460088,1.915085,119.416022,0.000001,0.000000,true
1024,1024,7,sharpen,cuda_register_tiled,"NVIDIA GeForce GTX 1650 with Max-Q Design",8,8,5,102760448,53.658420,51.847200,56.120600,1.513867,0.766675,0.764800,0.768352,0.001324,7.390675,7.388800,7.392352,0.001324,0.655200,3.214700,1.831800,0.922300,69.988465,7.260287,1.915085,134.033875,0.000001,0.000000,true
1024,1024,7,sharpen,cuda_naive_global_memory,"NVIDIA GeForce GTX 1650 with Max-Q Design",16,16,5,102760448,53.658420,51.847200,56.120600,1.513867,0.528685,0.520768,0.539296,0.006931,5.259885,5.251968,5.270496,0.006931,0.250100,1.431700,2.102100,0.947300,101.494162,10.201444,1.915085,194.369971,0.000001,0.000000,true
1024,1024,7,sharpen,cuda_shared_memory_tiled,"NVIDIA GeForce GTX 1650 with Max-Q Design",16,16,5,102760448,53.658420,51.847200,56.120600,1.513867,0.549171,0.539008,0.559104,0.008274,6.248471,6.238308,6.258404,0.008274,0.240500,1.634800,2.781100,1.042900,97.708001,8.587448,1.915085,187.119151,0.000001,0.000000,true
1024,1024,7,sharpen,cuda_shared_constant_filter,"NVIDIA GeForce GTX 1650 with Max-Q Design",16,16,5,102760448,53.658420,51.847200,56.120600,1.513867,0.418336,0.401120,0.436032,0.011486,6.105636,6.088420,6.123332,0.011486,0.355500,1.741700,3.057700,0.532400,128.266321,8.788342,1.915085,245.640937,0.000001,0.000000,true
1024,1024,7,sharpen,cuda_multi_output,"NVIDIA GeForce GTX 1650 with Max-Q Design",16,16,5,102760448,53.658420,51.847200,56.120600,1.513867,0.523725,0.521472,0.526336,0.001761,5.083325,5.081072,5.085936,0.001761,0.601500,1.711800,1.532500,0.713800,102.455372,10.555772,1.915085,196.210771,0.000001,0.000000,true
1024,1024,7,sharpen,cuda_register_tiled,"NVIDIA GeForce GTX 1650 with Max-Q Design",16,16,5,102760448,53.658420,51.847200,56.120600,1.513867,0.440806,0.435968,0.446272,0.004061,5.139906,5.135068,5.145372,0.004061,0.604100,2.210600,1.291500,0.592900,121.727860,10.439571,1.915085,233.119228,0.000001,0.000000,true
1024,1024,7,sharpen,cuda_naive_global_memory,"NVIDIA GeForce GTX 1650 with Max-Q Design",32,8,5,102760448,53.658420,51.847200,56.120600,1.513867,0.442022,0.438976,0.446336,0.002866,4.977222,4.974176,4.981536,0.002866,0.509500,2.026000,1.374900,0.624800,121.392990,10.780796,1.915085,232.477922,0.000001,0.000000,true
1024,1024,7,sharpen,cuda_shared_memory_tiled,"NVIDIA GeForce GTX 1650 with Max-Q Design",32,8,5,102760448,53.658420,51.847200,56.120600,1.513867,0.442483,0.419776,0.471040,0.016745,5.078983,5.056276,5.107540,0.016745,0.565600,2.143900,1.362100,0.564900,121.266569,10.564796,1.915085,232.235816,0.000001,0.000000,true
1024,1024,7,sharpen,cuda_shared_constant_filter,"NVIDIA GeForce GTX 1650 with Max-Q Design",32,8,5,102760448,53.658420,51.847200,56.120600,1.513867,0.313651,0.300544,0.334656,0.015224,5.275751,5.262644,5.296756,0.015224,0.840700,2.139100,1.418100,0.564200,171.076726,10.170764,1.915085,327.626512,0.000001,0.000000,true
1024,1024,7,sharpen,cuda_multi_output,"NVIDIA GeForce GTX 1650 with Max-Q Design",32,8,5,102760448,53.658420,51.847200,56.120600,1.513867,0.514182,0.512736,0.515968,0.001041,6.968982,6.967536,6.970768,0.001041,1.020500,3.231900,1.480700,0.721700,104.356781,7.699606,1.915085,199.852130,0.000001,0.000000,true
1024,1024,7,sharpen,cuda_register_tiled,"NVIDIA GeForce GTX 1650 with Max-Q Design",32,8,5,102760448,53.658420,51.847200,56.120600,1.513867,0.435488,0.432416,0.442208,0.003603,6.662888,6.659816,6.669608,0.003603,1.393300,1.940000,2.066900,0.827200,123.214464,8.053328,1.915085,235.966200,0.000001,0.000000,true
1024,1024,7,sharpen,cuda_naive_global_memory,"NVIDIA GeForce GTX 1650 with Max-Q Design",32,16,5,102760448,53.658420,51.847200,56.120600,1.513867,0.504493,0.495520,0.515008,0.006364,5.491993,5.483020,5.502508,0.006364,0.239800,1.609600,2.029500,1.108600,106.361122,9.770301,1.915085,203.690615,0.000001,0.000000,true
1024,1024,7,sharpen,cuda_shared_memory_tiled,"NVIDIA GeForce GTX 1650 with Max-Q Design",32,16,5,102760448,53.658420,51.847200,56.120600,1.513867,0.445158,0.429696,0.454656,0.010199,6.308858,6.293396,6.318356,0.010199,0.224400,1.585500,2.823800,1.230000,120.537814,8.505250,1.915085,230.840187,0.000001,0.000000,true
1024,1024,7,sharpen,cuda_shared_constant_filter,"NVIDIA GeForce GTX 1650 with Max-Q Design",32,16,5,102760448,53.658420,51.847200,56.120600,1.513867,0.343034,0.311424,0.367040,0.018461,6.459634,6.428024,6.483640,0.018461,0.200200,1.976800,3.197100,0.742500,156.423217,8.306728,1.915085,299.563793,0.000001,0.000000,true
1024,1024,7,sharpen,cuda_multi_output,"NVIDIA GeForce GTX 1650 with Max-Q Design",32,16,5,102760448,53.658420,51.847200,56.120600,1.513867,0.521741,0.516096,0.534528,0.006725,5.061941,5.056296,5.074728,0.006725,0.333600,1.908400,1.785900,0.512300,102.844975,10.600365,1.915085,196.956893,0.000001,0.000000,true
1024,1024,7,sharpen,cuda_register_tiled,"NVIDIA GeForce GTX 1650 with Max-Q Design",32,16,5,102760448,53.658420,51.847200,56.120600,1.513867,0.436774,0.431840,0.441088,0.003065,5.292974,5.288040,5.297288,0.003065,0.601900,1.864500,1.804800,0.585000,122.851569,10.137669,1.915085,235.271226,0.000001,0.000000,true
1024,1024,7,sobel,cuda_naive_global_memory,"NVIDIA GeForce GTX 1650 with Max-Q Design",8,8,5,102760448,53.758880,51.588300,57.258400,2.041572,0.867750,0.848416,0.912288,0.023302,6.459050,6.439716,6.503588,0.023302,0.270400,1.479200,2.508200,1.333500,61.952009,8.323032,1.911506,118.421667,0.000000,0.000000,true
1024,1024,7,sobel,cuda_shared_memory_tiled,"NVIDIA GeForce GTX 1650 with Max-Q Design",8,8,5,102760448,53.758880,51.588300,57.258400,2.041572,0.602054,0.582752,0.649216,0.023958,5.120454,5.101152,5.167616,0.023958,0.348300,1.556000,1.982000,0.632100,89.292397,10.498849,1.911506,170.682997,0.000000,0.000000,true
1024,1024,7,sobel,cuda_shared_constant_filter,"NVIDIA GeForce GTX 1650 with Max-Q Design",8,8,5,102760448,53.758880,51.588300,57.258400,2.041572,0.432192,0.426016,0.440800,0.006351,5.807692,5.801516,5.816300,0.006351,0.333300,1.643700,2.686500,0.712000,124.386568,9.256496,1.911506,237.765732,0.000000,0.000000,true
1024,1024,7,sobel,cuda_multi_output,"NVIDIA GeForce GTX 1650 with Max-Q Design",8,8,5,102760448,53.758880,51.588300,57.258400,2.041572,0.853574,0.847872,0.865696,0.006747,5.080074,5.074372,5.092196,0.006747,0.378400,1.948400,1.281100,0.618600,62.980896,10.582302,1.911506,120.388391,0.000000,0.000000,true
1024,1024,7,sobel,cuda_register_tiled,"NVIDIA GeForce GTX 1650 with Max-Q Design",8,8,5,102760448,53.758880,51.588300,57.258400,2.041572,0.763789,0.762080,0.766176,0.001338,6.661589,6.659880,6.663976,0.001338,0.415500,2.860700,1.669200,0.952400,70.384484,8.069979,1.911506,134.540397,0.000000,0.000000,true
1024,1024,7,sobel,cuda_naive_global_memory,"NVIDIA GeForce GTX 1650 with Max-Q Design",16,16,5,102760448,53.758880,51.588300,57.258400,2.041572,0.544845,0.539840,0.552128,0.004459,5.285745,5.280740,5.293028,0.004459,0.264900,1.500100,2.018100,0.957800,98.668246,10.170540,1.911506,188.604992,0.000000,0.000000,true
1024,1024,7,sobel,cuda_shared_memory_tiled,"NVIDIA GeForce GTX 1650 with Max-Q Design",16,16,5,102760448,53.758880,51.588300,57.258400,2.041572,0.546803,0.534944,0.563008,0.009958,5.890603,5.878744,5.906808,0.009958,0.216000,1.532400,1.980200,1.615200,98.314858,9.126210,1.911506,187.929489,0.000000,0.000000,true
1024,1024,7,sobel,cuda_shared_constant_filter,"NVIDIA GeForce GTX 1650 with Max-Q Design",16,16,5,102760448,53.758880,51.588300,57.258400,2.041572,0.409709,0.388896,0.440736,0.019372,5.855209,5.834396,5.886236,0.019372,0.203900,1.747000,2.864000,0.630600,131.212413,9.181377,1.911506,250.813379,0.000000,0.000000,true
1024,1024,7,sobel,cuda_multi_output,"NVIDIA GeForce GTX 1650 with Max-Q Design",16,16,5,102760448,53.758880,51.588300,57.258400,2.041572,0.542515,0.522240,0.563104,0.013425,5.748015,5.727740,5.768604,0.013425,0.255000,1.673200,2.647100,0.630200,99.091934,9.352599,1.911506,189.414875,0.000000,0.000000,true
1024,1024,7,sobel,cuda_register_tiled,"NVIDIA GeForce GTX 1650 with Max-Q Design",16,16,5,102760448,53.758880,51.588300,57.258400,2.041572,0.451059,0.440064,0.464896,0.009454,4.784259,4.773264,4.798096,0.009454,0.467600,1.701300,1.477500,0.686800,119.183646,11.236615,1.911506,227.820314,0.000000,0.000000,true
1024,1024,7,sobel,cuda_naive_global_memory,"NVIDIA GeForce GTX 1650 with Max-Q Design",32,8,5,102760448,53.758880,51.588300,57.258400,2.041572,0.445069,0.440576,0.454144,0.004898,6.277669,6.273176,6.286744,0.004898,0.455300,1.725800,3.045500,0.606000,120.787799,8.563510,1.911506,230.886661,0.000000,0.000000,true
1024,1024,7,sobel,cuda_shared_memory_tiled,"NVIDIA GeForce GTX 1650 with Max-Q Design",32,8,5,102760448,53.758880,51.588300,57.258400,2.041572,0.416966,0.410784,0.421408,0.003655,5.072366,5.066184,5.076808,0.003655,0.650300,1.525300,1.850500,0.629300,128.928565,10.598383,1.911506,246.447789,0.000000,0.000000,true
1024,1024,7,sobel,cuda_shared_constant_filter,"NVIDIA GeForce GTX 1650 with Max-Q Design",32,8,5,102760448,53.758880,51.588300,57.258400,2.041572,0.301107,0.299136,0.303104,0.001339,5.376907,5.374936,5.378904,0.001339,0.430100,1.928200,2.134200,0.583300,178.537339,9.998104,1.911506,341.275282,0.000000,0.000000,true
1024,1024,7,sobel,cuda_multi_output,"NVIDIA GeForce GTX 1650 with Max-Q Design",32,8,5,102760448,53.758880,51.588300,57.258400,2.041572,0.528006,0.519968,0.540672,0.007285,5.059906,5.051868,5.072572,0.007285,0.360700,1.721200,1.805800,0.644200,101.814829,10.624481,1.911506,194.619706,0.000000,0.000000,true
1024,1024,7,sobel,cuda_register_tiled,"NVIDIA GeForce GTX 1650 with Max-Q Design",32,8,5,102760448,53.758880,51.588300,57.258400,2.041572,0.436320,0.434016,0.438592,0.001866,5.430420,5.428116,5.432692,0.001866,0.467800,2.040400,1.726700,0.759200,123.209756,9.899581,1.911506,235.516248,0.000000,0.000000,true
1024,1024,7,sobel,cuda_naive_global_memory,"NVIDIA GeForce GTX 1650 with Max-Q Design",32,16,5,102760448,53.758880,51.588300,57.258400,2.041572,0.524813,0.497184,0.536288,0.014179,5.124813,5.097184,5.136288,0.014179,0.261900,1.956100,1.812600,0.569400,102.434390,10.489921,1.911506,195.804000,0.000000,0.000000,true
1024,1024,7,sobel,cuda_shared_memory_tiled,"NVIDIA GeForce GTX 1650 with Max-Q Design",32,16,5,102760448,53.758880,51.588300,57.258400,2.041572,0.441254,0.417888,0.473088,0.017845,5.507354,5.483988,5.539188,0.017845,0.297900,2.826600,1.371100,0.570500,121.831942,9.761289,1.911506,232.882548,0.000000,0.000000,true
1024,1024,7,sobel,cuda_shared_constant_filter,"NVIDIA GeForce GTX 1650 with Max-Q Design",32,16,5,102760448,53.758880,51.588300,57.258400,2.041572,0.316806,0.313472,0.323360,0.003527,5.555306,5.551972,5.561860,0.003527,1.178500,2.206000,1.322800,0.531200,169.690006,9.677032,1.911506,324.363548,0.000000,0.000000,true
1024,1024,7,sobel,cuda_multi_output,"NVIDIA GeForce GTX 1650 with Max-Q Design",32,16,5,102760448,53.758880,51.588300,57.258400,2.041572,0.514426,0.512000,0.519008,0.002387,6.287626,6.285200,6.292208,0.002387,0.777800,3.023800,1.366800,0.604800,104.502733,8.549949,1.911506,199.757653,0.000000,0.000000,true
1024,1024,7,sobel,cuda_register_tiled,"NVIDIA GeForce GTX 1650 with Max-Q Design",32,16,5,102760448,53.758880,51.588300,57.258400,2.041572,0.442131,0.433984,0.473184,0.015534,5.078731,5.070584,5.109784,0.015534,0.957000,1.546900,1.560400,0.572300,121.590332,10.585100,1.911506,232.420710,0.000000,0.000000,true
1024,1024,11,box,cuda_naive_global_memory,"NVIDIA GeForce GTX 1650 with Max-Q Design",8,8,5,253755392,120.109820,115.382900,126.580100,3.791175,2.031616,2.022752,2.044064,0.008688,6.312416,6.303552,6.324864,0.008688,0.267900,1.492900,1.731000,0.789000,59.120335,19.027551,2.112695,124.903225,0.000000,0.000000,true
1024,1024,11,box,cuda_shared_memory_tiled,"NVIDIA GeForce GTX 1650 with Max-Q Design",8,8,5,253755392,120.109820,115.382900,126.580100,3.791175,1.341184,1.336672,1.349536,0.004385,7.069084,7.064572,7.077436,0.004385,0.309900,3.229100,1.474200,0.714700,89.555065,16.990860,2.112695,189.202520,0.000000,0.000000,true
1024,1024,11,box,cuda_shared_constant_filter,"NVIDIA GeForce GTX 1650 with Max-Q Design",8,8,5,253755392,120.109820,115.382900,126.580100,3.791175,0.958784,0.949216,0.983040,0.013274,7.418684,7.409116,7.442940,0.013274,0.752100,2.629400,2.157700,0.920700,125.273074,16.190179,2.112695,264.663772,0.000000,0.000000,true
1024,1024,11,box,cuda_multi_output,"NVIDIA GeForce GTX 1650 with Max-Q Design",8,8,5,253755392,120.109820,115.382900,126.580100,3.791175,2.051008,2.033280,2.097152,0.023760,6.610308,6.592580,6.656452,0.023760,0.235300,1.517900,1.578300,1.227800,58.561361,18.170079,2.112695,123.722284,0.000000,0.000000,true
1024,1024,11,box,cuda_register_tiled,"NVIDIA GeForce GTX 1650 with Max-Q Design",8,8,5,253755392,120.109820,115.382900,126.580100,3.791175,2.736934,2.716960,2.779136,0.023744,8.184134,8.164160,8.226336,0.023744,0.209400,1.545300,2.967500,0.725000,43.884801,14.675934,2.112695,92.715190,0.000000,0.000000,true
1024,1024,11,box,cuda_separable,"NVIDIA GeForce GTX 1650 with Max-Q Design",8,8,5,46137344,120.109820,115.382900,126.580100,3.791175,0.632262,0.622848,0.659328,0.013683,5.473762,5.464348,5.500828,0.013683,0.243700,1.965800,1.814300,0.817700,189.968315,21.942827,0.384126,72.971831,0.000000,0.000000,true
1024,1024,11,box,cuda_naive_global_memory,"NVIDIA GeForce GTX 1650 with Max-Q Design",16,16,5,253755392,120.109820,115.382900,126.580100,3.791175,1.804819,1.799200,1.814720,0.006472,8.115619,8.110000,8.125520,0.006472,0.347500,2.368800,2.729200,0.865300,66.549502,14.799834,2.112695,140.598788,0.000000,0.000000,true
1024,1024,11,box,cuda_shared_memory_tiled,"NVIDIA GeForce GTX 1650 with Max-Q Design",16,16,5,253755392,120.109820,115.382900,126.580100,3.791175,1.843565,1.824672,1.855520,0.011096,7.812965,7.794072,7.824920,0.011096,0.213000,1.766100,2.165400,1.824900,65.150854,15.373142,2.112695,137.643869,0.000000,0.000000,true
1024,1024,11,box,cuda_shared_constant_filter,"NVIDIA GeForce GTX 1650 with Max-Q Design",16,16,5,253755392,120.109820,115.382900,126.580100,3.791175,1.289747,1.255424,1.368064,0.041325,4.921347,4.887024,4.999664,0.041325,0.201400,1.510500,1.421200,0.498500,93.126636,24.405882,2.112695,196.748161,0.000000,0.000000,true
1024,1024,11,box,cuda_multi_output,"NVIDIA GeForce GTX 1650 with Max-Q Design",16,16,5,253755392,120.109820,115.382900,126.580100,3.791175,1.810931,1.799520,1.834272,0.012662,7.247031,7.235620,7.270372,0.012662,0.582900,2.864200,1.386200,0.602800,66.324894,16.573658,2.112695,140.124258,0.000000,0.000000,true
1024,1024,11,box,cuda_register_tiled,"NVIDIA GeForce GTX 1650 with Max-Q Design",16,16,5,253755392,120.109820,115.382900,126.580100,3.791175,1.528090,1.519136,1.542144,0.009159,7.718490,7.709536,7.732544,0.009159,0.536900,1.642200,1.788800,2.222500,78.601296,15.561311,2.112695,166.060548,0.000000,0.000000,true
1024,1024,11,box,cuda_separable,"NVIDIA GeForce GTX 1650 with Max-Q Design",16,16,5,46137344,120.109820,115.382900,126.580100,3.791175,0.446074,0.438272,0.461568,0.008479,6.574774,6.566972,6.590268,0.008479,0.305700,1.704900,2.391500,1.726600,269.260097,18.268282,0.384126,103.429892,0.000000,0.000000,true
1024,1024,11,box,cuda_naive_global_memory,"NVIDIA GeForce GTX 1650 with Max-Q Design",32,8,5,253755392,120.109820,115.382900,126.580100,3.791175,1.292781,1.270336,1.356032,0.032104,5.688381,5.665936,5.751632,0.032104,0.240000,1.836100,1.547400,0.772100,92.908107,21.114940,2.112695,196.286475,0.000000,0.000000,true
1024,1024,11,box,cuda_shared_memory_tiled,"NVIDIA GeForce GTX 1650 with Max-Q Design",32,8,5,253755392,120.109820,115.382900,126.580100,3.791175,1.324134,1.318176,1.340544,0.008393,5.934534,5.928576,5.950944,0.008393,0.501500,1.538200,1.843600,0.727100,90.708179,20.239131,2.112695,191.638698,0.000000,0.000000,true
1024,1024,11,box,cuda_shared_constant_filter,"NVIDIA GeForce GTX 1650 with Max-Q Design",32,8,5,253755392,120.109820,115.382900,126.580100,3.791175,0.726291,0.719072,0.743168,0.008654,4.751691,4.744472,4.768568,0.008654,0.205400,1.959100,1.287200,0.573700,165.374193,25.277278,2.112695,349.385198,0.000000,0.000000,true
1024,1024,11,box,cuda_multi_output,"NVIDIA GeForce GTX 1650 with Max-Q Design",32,8,5,253755392,120.109820,115.382900,126.580100,3.791175,1.323949,1.210368,1.744288,0.210281,6.664749,6.551168,7.085088,0.210281,0.409400,2.217400,2.130200,0.583800,90.720894,18.021657,2.112695,191.665561,0.000000,0.000000,true
1024,1024,11,box,cuda_register_tiled,"NVIDIA GeForce GTX 1650 with Max-Q Design",32,8,5,253755392,120.109820,115.382900,126.580100,3.791175,1.052019,1.045632,1.063168,0.006512,4.713019,4.706632,4.724168,0.006512,0.217200,1.473400,1.438300,0.532100,114.170747,25.484687,2.112695,241.207944,0.000000,0.000000,true
1024,1024,11,box,cuda_separable,"NVIDIA GeForce GTX 1650 with Max-Q Design",32,8,5,46137344,120.109820,115.382900,126.580100,3.791175,0.308576,0.299008,0.317440,0.006266,5.971976,5.962408,5.980840,0.006266,0.271200,1.935300,2.587500,0.869400,389.239021,20.112241,0.384126,149.516955,0.000000,0.000000,true
1024,1024,11,box,cuda_naive_global_memory,"NVIDIA GeForce GTX 1650 with Max-Q Design",32,16,5,253755392,120.109820,115.382900,126.580100,3.791175,0.916410,0.893824,0.958464,0.023134,4.781610,4.759024,4.823664,0.023134,0.213900,1.751700,1.296000,0.603600,131.065648,25.119119,2.112695,276.901714,0.000000,0.000000,true
1024,1024,11,box,cuda_shared_memory_tiled,"NVIDIA GeForce GTX 1650 with Max-Q Design",32,16,5,253755392,120.109820,115.382900,126.580100,3.791175,0.903456,0.891680,0.911680,0.007927,7.734056,7.722280,7.742280,0.007927,0.408800,3.141600,1.759500,1.520700,132.944848,15.529991,2.112695,280.871889,0.000000,0.000000,true
1024,1024,11,box,cuda_shared_constant_filter,"NVIDIA GeForce GTX 1650 with Max-Q Design",32,16,5,253755392,120.109820,115.382900,126.580100,3.791175,0.483162,0.475840,0.494560,0.007370,6.351962,6.344640,6.363360,0.007370,0.321400,1.486400,2.237200,1.823800,248.591404,18.909091,2.112695,525.197766,0.000000,0.000000,true
1024,1024,11,box,cuda_multi_output,"NVIDIA GeForce GTX 1650 with Max-Q Design",32,16,5,253755392,120.109820,115.382900,126.580100,3.791175,1.242125,1.211232,1.311968,0.037518,5.175125,5.144232,5.244968,0.037518,0.323500,1.496200,1.450000,0.663300,96.697065,23.209067,2.112695,204.291387,0.000000,0.000000,true
1024,1024,11,box,cuda_register_tiled,"NVIDIA GeForce GTX 1650 with Max-Q Design",32,16,5,253755392,120.109820,115.382900,126.580100,3.791175,1.031693,1.020096,1.064768,0.016712,7.759393,7.747796,7.792468,0.016712,1.222600,1.724900,2.288700,1.491500,116.420141,15.479281,2.112695,245.960226,0.000000,0.000000,true
1024,1024,11,box,cuda_separable,"NVIDIA GeForce GTX 1650 with Max-Q Design",32,16,5,46137344,120.109820,115.382900,126.580100,3.791175,0.362867,0.353152,0.379328,0.009477,6.240867,6.231152,6.257328,0.009477,0.329000,1.318500,2.592400,1.638100,331.002135,19.245694,0.384126,127.146634,0.000000,0.000000,true
1024,1024,11,gaussian,cuda_naive_global_memory,"NVIDIA GeForce GTX 1650 with Max-Q Design",8,8,5,253755392,122.102660,117.500100,126.181800,2.808518,2.011430,1.982240,2.080288,0.035845,7.676730,7.647540,7.745588,0.035845,0.819100,2.727300,1.408700,0.710200,60.704393,15.905555,2.078213,126.156688,0.000000,0.000000,true
1024,1024,11,gaussian,cuda_shared_memory_tiled,"NVIDIA GeForce GTX 1650 with Max-Q Design",8,8,5,253755392,122.102660,117.500100,126.181800,2.808518,1.327187,1.309664,1.375904,0.024972,7.910587,7.893064,7.959304,0.024972,0.433700,3.522500,1.974900,0.652300,92.001085,15.435347,2.078213,191.197893,0.000000,0.000000,true
1024,1024,11,gaussian,cuda_shared_constant_filter,"NVIDIA GeForce GTX 1650 with Max-Q Design",8,8,5,253755392,122.102660,117.500100,126.181800,2.808518,0.941037,0.936128,0.950272,0.005188,6.604837,6.599928,6.614072,0.005188,0.198900,1.574600,3.165900,0.724400,129.753330,18.486855,2.078213,269.655118,0.000000,0.000000,true
1024,1024,11,gaussian,cuda_multi_output,"NVIDIA GeForce GTX 1650 with Max-Q Design",8,8,5,253755392,122.102660,117.500100,126.181800,2.808518,1.999648,1.996512,2.004992,0.003299,6.833848,6.830712,6.839192,0.003299,0.379200,2.330800,1.443000,0.681200,61.062077,17.867336,2.078213,126.900030,0.000000,0.000000,true
1024,1024,11,gaussian,cuda_register_tiled,"NVIDIA GeForce GTX 1650 with Max-Q Design",8,8,5,253755392,122.102660,117.500100,126.181800,2.808518,1.846208,1.804832,1.980640,0.067975,7.866408,7.825032,8.000840,0.067975,0.691600,3.095700,1.528900,0.704000,66.137000,15.522035,2.078213,137.446804,0.000000,0.000000,true
1024,1024,11,gaussian,cuda_separable,"NVIDIA GeForce GTX 1650 with Max-Q Design",8,8,5,46137344,122.102660,117.500100,126.181800,2.808518,0.447949,0.425568,0.481280,0.022025,5.869749,5.847368,5.903080,0.022025,0.628100,2.393800,1.490700,0.909200,272.581728,20.802025,0.377857,102.996912,0.000000,0.000000,true
1024,1024,11,gaussian,cuda_naive_global_memory,"NVIDIA GeForce GTX 1650 with Max-Q Design",16,16,5,253755392,122.102660,117.500100,126.181800,2.808518,1.212090,1.201952,1.227200,0.009330,8.729390,8.719252,8.744500,0.009330,0.847600,2.651300,2.630100,1.388300,100.737323,13.987537,2.078213,209.353661,0.000000,0.000000,true
1024,1024,11,gaussian,cuda_shared_memory_tiled,"NVIDIA GeForce GTX 1650 with Max-Q Design",16,16,5,253755392,122.102660,117.500100,126.181800,2.808518,1.256838,1.231392,1.295776,0.029724,5.724138,5.698692,5.763076,0.029724,0.238900,1.654600,1.718800,0.855000,97.150645,21.331186,2.078213,201.899778,0.000000,0.000000,true
1024,1024,11,gaussian,cuda_shared_constant_filter,"NVIDIA GeForce GTX 1650 with Max-Q Design",16,16,5,253755392,122.102660,117.500100,126.181800,2.808518,0.847866,0.837568,0.860128,0.008179,7.672166,7.661868,7.684428,0.008179,1.261000,1.396400,2.230100,1.936800,144.011811,15.915019,2.078213,299.287286,0.000000,0.000000,true
1024,1024,11,gaussian,cuda_multi_output,"NVIDIA GeForce GTX 1650 with Max-Q Design",16,16,5,253755392,122.102660,117.500100,126.181800,2.808518,1.252845,1.220448,1.334880,0.043104,5.454245,5.421848,5.536280,0.043104,0.364000,1.681900,1.498600,0.656900,97.460323,22.386722,2.078213,202.543356,0.000000,0.000000,true
1024,1024,11,gaussian,cuda_register_tiled,"NVIDIA GeForce GTX 1650 with Max-Q Design",16,16,5,253755392,122.102660,117.500100,126.181800,2.808518,1.048902,1.033568,1.063136,0.010925,7.032102,7.016768,7.046336,0.010925,1.462100,1.245600,2.637200,0.638300,116.409933,17.363607,2.078213,241.924690,0.000000,0.000000,true
1024,1024,11,gaussian,cuda_separable,"NVIDIA GeForce GTX 1650 with Max-Q Design",16,16,5,46137344,122.102660,117.500100,126.181800,2.808518,0.337530,0.329728,0.356352,0.009602,8.131730,8.123928,8.150552,0.009602,2.721600,2.881800,1.411600,0.779200,361.753932,15.015583,0.377857,136.691253,0.000000,0.000000,true
1024,1024,11,gaussian,cuda_naive_global_memory,"NVIDIA GeForce GTX 1650 with Max-Q Design",32,8,5,253755392,122.102660,117.500100,126.181800,2.808518,0.947942,0.871904,1.125888,0.097975,8.549542,8.473504,8.727488,0.097975,2.451800,1.191900,3.220100,0.737800,128.808099,14.281777,2.078213,267.690726,0.000000,0.000000,true
1024,1024,11,gaussian,cuda_shared_memory_tiled,"NVIDIA GeForce GTX 1650 with Max-Q Design",32,8,5,253755392,122.102660,117.500100,126.181800,2.808518,0.915488,0.901120,0.942080,0.014311,5.819688,5.805320,5.846280,0.014311,0.473500,2.259400,1.499400,0.671900,133.374396,20.980963,2.078213,277.180466,0.000000,0.000000,true
1024,1024,11,gaussian,cuda_shared_constant_filter,"NVIDIA GeForce GTX 1650 with Max-Q Design",32,8,5,253755392,122.102660,117.500100,126.181800,2.808518,0.519475,0.511520,0.526048,0.005385,6.546775,6.538820,6.553348,0.005385,1.137100,1.853900,2.034900,1.001400,235.050023,18.650810,2.078213,488.484123,0.000000,0.000000,true
1024,1024,11,gaussian,cuda_multi_output,"NVIDIA GeForce GTX 1650 with Max-Q Design",32,8,5,253755392,122.102660,117.500100,126.181800,2.808518,1.226438,1.214464,1.237696,0.010015,5.354238,5.342264,5.365496,0.010015,0.252100,1.507100,1.595700,0.772900,99.558740,22.804861,2.078213,206.904314,0.000000,0.000000,true
1024,1024,11,gaussian,cuda_register_tiled,"NVIDIA GeForce GTX 1650 with Max-Q Design",32,8,5,253755392,122.102660,117.500100,126.181800,2.808518,1.037062,1.033440,1.042432,0.003641,7.329162,7.325540,7.334532,0.003641,0.457700,2.006100,2.155300,1.673000,117.738973,16.659838,2.078213,244.686719,0.000000,0.000000,true
1024,1024,11,gaussian,cuda_separable,"NVIDIA GeForce GTX 1650 with Max-Q Design",32,8,5,46137344,122.102660,117.500100,126.181800,2.808518,0.273440,0.268096,0.284800,0.006061,10.425540,10.420196,10.436900,0.006061,4.232700,3.636800,1.537000,0.745600,446.542792,11.711879,0.377857,168.729317,0.000000,0.000000,true
1024,1024,11,gaussian,cuda_naive_global_memory,"NVIDIA GeForce GTX 1650 with Max-Q Design",32,16,5,253755392,122.102660,117.500100,126.181800,2.808518,0.780070,0.776192,0.792256,0.006113,7.932070,7.928192,7.944256,0.006113,0.861500,3.037700,2.144000,1.108800,156.527744,15.393542,2.078213,325.298065,0.000000,0.000000,true
1024,1024,11,gaussian,cuda_shared_memory_tiled,"NVIDIA GeForce GTX 1650 with Max-Q Design",32,16,5,253755392,122.102660,117.500100,126.181800,2.808518,0.784077,0.769440,0.811328,0.015551,5.542977,5.528340,5.570228,0.015551,0.260100,1.590600,2.279600,0.628600,155.727932,22.028355,2.078213,323.635885,0.000000,0.000000,true
1024,1024,11,gaussian,cuda_shared_constant_filter,"NVIDIA GeForce GTX 1650 with Max-Q Design",32,16,5,253755392,122.102660,117.500100,126.181800,2.808518,0.418874,0.409216,0.428032,0.006602,5.085374,5.075716,5.094532,0.006602,0.413500,2.133200,1.523200,0.596600,291.502403,24.010558,2.078213,605.804219,0.000000,0.000000,true
1024,1024,11,gaussian,cuda_multi_output,"NVIDIA GeForce GTX 1650 with Max-Q Design",32,16,5,253755392,122.102660,117.500100,126.181800,2.808518,1.044576,1.037472,1.050624,0.005047,5.965876,5.958772,5.971924,0.005047,0.952100,1.669900,1.480800,0.818500,116.892079,20.466845,2.078213,242.926692,0.000000,0.000000,true
1024,1024,11,gaussian,cuda_register_tiled,"NVIDIA GeForce GTX 1650 with Max-Q Design",32,16,5,253755392,122.102660,117.500100,126.181800,2.808518,0.889997,0.876192,0.917568,0.016023,6.113997,6.100192,6.141568,0.016023,0.792200,1.117200,2.862000,0.452600,137.194493,19.971005,2.078213,285.119442,0.000000,0.000000,true
1024,1024,11,gaussian,cuda_separable,"NVIDIA GeForce GTX 1650 with Max-Q Design",32,16,5,46137344,122.102660,117.500100,126.181800,2.808518,0.322208,0.309920,0.339232,0.009506,6.022808,6.010520,6.039832,0.009506,0.364300,1.652700,2.935000,0.748600,378.956017,20.273377,0.377857,143.191181,0.000000,0.000000,true
1024,1024,11,sharpen,cuda_naive_global_memory,"NVIDIA GeForce GTX 1650 with Max-Q Design",8,8,5,253755392,142.355700,126.943000,165.493100,12.744891,1.729587,1.703968,1.777984,0.025351,7.277687,7.252068,7.326084,0.025351,0.761400,2.557500,1.460900,0.768300,82.306171,19.560569,1.782545,146.714425,0.000001,0.000000,true
1024,1024,11,sharpen,cuda_shared_memory_tiled,"NVIDIA GeForce GTX 1650 with Max-Q Design",8,8,5,253755392,142.355700,126.943000,165.493100,12.744891,1.124032,1.118784,1.131456,0.004941,8.693332,8.688084,8.700756,0.004941,1.930600,2.091300,2.901900,0.645500,126.647373,16.375275,1.782545,225.754598,0.000001,0.000000,true
1024,1024,11,sharpen,cuda_shared_constant_filter,"NVIDIA GeForce GTX 1650 with Max-Q Design",8,8,5,253755392,142.355700,126.943000,165.493100,12.744891,0.805696,0.803200,0.807584,0.001464,5.246096,5.243600,5.247984,0.001464,0.426400,1.729000,1.508300,0.776700,176.686614,27.135550,1.782545,314.951779,0.000001,0.000000,true
1024,1024,11,sharpen,cuda_multi_output,"NVIDIA GeForce GTX 1650 with Max-Q Design",8,8,5,253755392,142.355700,126.943000,165.493100,12.744891,1.723066,1.708032,1.738368,0.011888,7.444466,7.429432,7.459768,0.011888,0.461500,3.125900,1.556500,0.577500,82.617690,19.122353,1.782545,147.269721,0.000001,0.000000,true
1024,1024,11,sharpen,cuda_register_tiled,"NVIDIA GeForce GTX 1650 with Max-Q Design",8,8,5,253755392,142.355700,126.943000,165.493100,12.744891,1.556410,1.546144,1.582240,0.013271,8.035810,8.025544,8.061640,0.013271,0.616300,1.920200,2.455100,1.487800,91.464162,17.715166,1.782545,163.038954,0.000001,0.000000,true
1024,1024,11,sharpen,cuda_naive_global_memory,"NVIDIA GeForce GTX 1650 with Max-Q Design",16,16,5,253755392,142.355700,126.943000,165.493100,12.744891,1.083187,1.029888,1.184000,0.056487,4.800287,4.746988,4.901100,0.056487,0.254500,1.475100,1.453000,0.534500,131.422987,29.655663,1.782545,234.267342,0.000001,0.000000,true
1024,1024,11,sharpen,cuda_shared_memory_tiled,"NVIDIA GeForce GTX 1650 with Max-Q Design",16,16,5,253755392,142.355700,126.943000,165.493100,12.744891,1.045760,1.041440,1.050592,0.003987,8.893060,8.888740,8.897892,0.003987,0.508500,3.286500,2.495100,1.557200,136.126551,16.007505,1.782545,242.651655,0.000001,0.000000,true
1024,1024,11,sharpen,cuda_shared_constant_filter,"NVIDIA GeForce GTX 1650 with Max-Q Design",16,16,5,253755392,142.355700,126.943000,165.493100,12.744891,0.746765,0.732320,0.754912,0.007704,5.332265,5.317820,5.340412,0.007704,0.256500,1.340500,2.311800,0.676700,190.629897,26.697042,1.782545,339.806304,0.000001,0.000000,true
1024,1024,11,sharpen,cuda_multi_output,"NVIDIA GeForce GTX 1650 with Max-Q Design",16,16,5,253755392,142.355700,126.943000,165.493100,12.744891,1.061267,1.040864,1.114112,0.028011,5.120667,5.100264,5.173512,0.028011,0.477200,1.575600,1.382600,0.624000,134.137471,27.800225,1.782545,239.106033,0.000001,0.000000,true
1024,1024,11,sharpen,cuda_register_tiled,"NVIDIA GeForce GTX 1650 with Max-Q Design",16,16,5,253755392,142.355700,126.943000,165.493100,12.744891,0.949357,0.892320,1.052672,0.063960,6.445357,6.388320,6.548672,0.063960,0.659100,1.258400,2.995900,0.582600,149.949630,22.086551,1.782545,267.291911,0.000001,0.000000,true
1024,1024,11,sharpen,cuda_naive_global_memory,"NVIDIA GeForce GTX 1650 with Max-Q Design",32,8,5,253755392,142.355700,126.943000,165.493100,12.744891,0.775686,0.754144,0.850560,0.037483,5.104786,5.083244,5.179660,0.037483,0.246200,1.631600,1.801000,0.650300,183.522231,27.886710,1.782545,327.136572,0.000001,0.000000,true
1024,1024,11,sharpen,cuda_shared_memory_tiled,"NVIDIA GeForce GTX 1650 with Max-Q Design",32,8,5,253755392,142.355700,126.943000,165.493100,12.744891,0.767187,0.763904,0.769728,0.002276,5.111887,5.108604,5.114428,0.002276,0.530000,1.927300,1.385700,0.501700,185.555366,27.847974,1.782545,330.760726,0.000001,0.000000,true
1024,1024,11,sharpen,cuda_shared_constant_filter,"NVIDIA GeForce GTX 1650 with Max-Q Design",32,8,5,253755392,142.355700,126.943000,165.493100,12.744891,0.430893,0.430048,0.432128,0.000773,6.250093,6.249248,6.251328,0.000773,0.595700,3.269100,1.421400,0.533000,330.373818,22.776574,1.782545,588.906083,0.000001,0.000000,true
1024,1024,11,sharpen,cuda_multi_output,"NVIDIA GeForce GTX 1650 with Max-Q Design",32,8,5,253755392,142.355700,126.943000,165.493100,12.744891,1.055002,1.035744,1.099392,0.023513,6.609002,6.589744,6.653392,0.023513,0.305000,1.508600,3.240800,0.499600,134.934106,21.539668,1.782545,240.526069,0.000001,0.000000,true
1024,1024,11,sharpen,cuda_register_tiled,"NVIDIA GeForce GTX 1650 with Max-Q Design",32,8,5,253755392,142.355700,126.943000,165.493100,12.744891,0.895264,0.878560,0.946176,0.025827,6.980364,6.963660,7.031276,0.025827,0.819300,1.614600,3.011800,0.639400,159.009746,20.393736,1.782545,283.441972,0.000001,0.000000,true
1024,1024,11,sharpen,cuda_naive_global_memory,"NVIDIA GeForce GTX 1650 with Max-Q Design",32,16,5,253755392,142.355700,126.943000,165.493100,12.744891,0.803571,0.779616,0.866304,0.032033,8.861671,8.837716,8.924404,0.032033,1.842000,2.023600,2.936300,1.256200,177.153813,16.064205,1.782545,315.784582,0.000001,0.000000,true
1024,1024,11,sharpen,cuda_shared_memory_tiled,"NVIDIA GeForce GTX 1650 with Max-Q Design",32,16,5,253755392,142.355700,126.943000,165.493100,12.744891,0.810675,0.784736,0.862144,0.026869,6.129775,6.103836,6.181244,0.026869,0.430500,2.575500,1.602700,0.710400,175.601402,23.223641,1.782545,313.017340,0.000001,0.000000,true
1024,1024,11,sharpen,cuda_shared_constant_filter,"NVIDIA GeForce GTX 1650 with Max-Q Design",32,16,5,253755392,142.355700,126.943000,165.493100,12.744891,0.411597,0.409600,0.413344,0.001444,7.175097,7.173100,7.176844,0.001444,1.171000,2.835700,1.774700,0.982100,345.862019,19.840248,1.782545,616.514494,0.000001,0.000000,true
1024,1024,11,sharpen,cuda_multi_output,"NVIDIA GeForce GTX 1650 with Max-Q Design",32,16,5,253755392,142.355700,126.943000,165.493100,12.744891,1.076077,1.054400,1.107968,0.018063,5.074677,5.053000,5.106568,0.018063,0.452200,1.263400,1.764700,0.518300,132.291392,28.052171,1.782545,235.815313,0.000001,0.000000,true
1024,1024,11,sharpen,cuda_register_tiled,"NVIDIA GeForce GTX 1650 with Max-Q Design",32,16,5,253755392,142.355700,126.943000,165.493100,12.744891,0.914950,0.874112,0.985760,0.037780,5.982050,5.941212,6.052860,0.037780,0.400400,2.503100,1.537100,0.626500,155.588435,23.797142,1.782545,277.343333,0.000001,0.000000,true
1024,1024,11,sobel,cuda_naive_global_memory,"NVIDIA GeForce GTX 1650 with Max-Q Design",8,8,5,253755392,122.732020,119.265100,127.537700,2.721103,1.710131,1.698048,1.732288,0.014128,7.571531,7.559448,7.593688,0.014128,0.862400,1.810200,2.360400,0.828400,71.767605,16.209670,2.067557,148.383582,0.000000,0.000000,true
1024,1024,11,sobel,cuda_shared_memory_tiled,"NVIDIA GeForce GTX 1650 with Max-Q Design",8,8,5,253755392,122.732020,119.265100,127.537700,2.721103,1.120358,1.118208,1.122560,0.001645,5.595958,5.593808,5.598160,0.001645,0.325900,1.913000,1.488500,0.748200,109.547104,21.932261,2.067557,226.494832,0.000000,0.000000,true
1024,1024,11,sobel,cuda_shared_constant_filter,"NVIDIA GeForce GTX 1650 with Max-Q Design",8,8,5,253755392,122.732020,119.265100,127.537700,2.721103,0.807040,0.797184,0.830688,0.013042,7.279140,7.269284,7.302788,0.013042,1.210600,1.918000,2.007000,1.336500,152.076752,16.860786,2.067557,314.427285,0.000000,0.000000,true
1024,1024,11,sobel,cuda_multi_output,"NVIDIA GeForce GTX 1650 with Max-Q Design",8,8,5,253755392,122.732020,119.265100,127.537700,2.721103,1.760314,1.721376,1.860416,0.051070,6.262914,6.223976,6.363016,0.051070,0.261700,1.511800,1.550600,1.178500,69.721680,19.596633,2.067557,144.153516,0.000000,0.000000,true
1024,1024,11,sobel,cuda_register_tiled,"NVIDIA GeForce GTX 1650 with Max-Q Design",8,8,5,253755392,122.732020,119.265100,127.537700,2.721103,1.593754,1.549184,1.658336,0.040112,5.513554,5.468984,5.578136,0.040112,0.265400,1.331200,1.518000,0.805200,77.008151,22.260057,2.067557,159.218707,0.000000,0.000000,true
1024,1024,11,sobel,cuda_naive_global_memory,"NVIDIA GeForce GTX 1650 with Max-Q Design",16,16,5,253755392,122.732020,119.265100,127.537700,2.721103,1.053158,1.027424,1.123648,0.036895,9.342958,9.317224,9.413448,0.036895,0.652000,3.001900,3.414400,1.221500,116.537094,13.136312,2.067557,240.947033,0.000000,0.000000,true
1024,1024,11,sobel,cuda_shared_memory_tiled,"NVIDIA GeForce GTX 1650 with Max-Q Design",16,16,5,253755392,122.732020,119.265100,127.537700,2.721103,1.054381,1.042432,1.069056,0.009892,6.132281,6.120332,6.146956,0.009892,1.084500,1.884400,1.391900,0.717100,116.401990,20.014090,2.067557,240.667696,0.000000,0.000000,true
1024,1024,11,sobel,cuda_shared_constant_filter,"NVIDIA GeForce GTX 1650 with Max-Q Design",16,16,5,253755392,122.732020,119.265100,127.537700,2.721103,0.718573,0.716768,0.721440,0.001578,8.237373,8.235568,8.240240,0.001578,0.709300,3.221700,2.260100,1.327700,170.799700,14.899413,2.067557,353.138039,0.000000,0.000000,true
1024,1024,11,sobel,cuda_multi_output,"NVIDIA GeForce GTX 1650 with Max-Q Design",16,16,5,253755392,122.732020,119.265100,127.537700,2.721103,1.073338,1.042240,1.135008,0.036464,4.870638,4.839540,4.932308,0.036464,0.441300,1.095000,1.573500,0.687500,114.346148,25.198348,2.067557,236.417127,0.000000,0.000000,true
1024,1024,11,sobel,cuda_register_tiled,"NVIDIA GeForce GTX 1650 with Max-Q Design",16,16,5,253755392,122.732020,119.265100,127.537700,2.721103,0.884467,0.881120,0.891168,0.003946,5.992167,5.988820,5.998868,0.003946,0.648000,2.174900,1.625700,0.659100,138.763788,20.482075,2.067557,286.901978,0.000000,0.000000,true
1024,1024,11,sobel,cuda_naive_global_memory,"NVIDIA GeForce GTX 1650 with Max-Q Design",32,8,5,253755392,122.732020,119.265100,127.537700,2.721103,0.749760,0.746336,0.757312,0.003917,8.002360,7.998936,8.009912,0.003917,1.327400,2.043100,3.244500,0.637600,163.695077,15.336978,2.067557,338.448828,0.000000,0.000000,true
1024,1024,11,sobel,cuda_shared_memory_tiled,"NVIDIA GeForce GTX 1650 with Max-Q Design",32,8,5,253755392,122.732020,119.265100,127.537700,2.721103,0.787526,0.772416,0.798592,0.010511,4.658926,4.643816,4.669992,0.010511,0.208700,1.364000,1.619900,0.678800,155.844961,26.343413,2.067557,322.218270,0.000000,0.000000,true
1024,1024,11,sobel,cuda_shared_constant_filter,"NVIDIA GeForce GTX 1650 with Max-Q Design",32,8,5,253755392,122.732020,119.265100,127.537700,2.721103,0.466381,0.429536,0.495616,0.021127,5.001981,4.965136,5.031216,0.021127,0.260800,1.629200,1.998400,0.647200,263.158390,24.536684,2.067557,544.094853,0.000000,0.000000,true
1024,1024,11,sobel,cuda_multi_output,"NVIDIA GeForce GTX 1650 with Max-Q Design",32,8,5,253755392,122.732020,119.265100,127.537700,2.721103,1.072326,1.035712,1.114272,0.032215,4.914226,4.877612,4.956172,0.032215,0.200900,1.823700,1.348500,0.468800,114.453976,24.974840,2.067557,236.640068,0.000000,0.000000,true
1024,1024,11,sobel,cuda_register_tiled,"NVIDIA GeForce GTX 1650 with Max-Q Design",32,8,5,253755392,122.732020,119.265100,127.537700,2.721103,0.906874,0.890400,0.955648,0.024627,7.505974,7.489500,7.554748,0.024627,1.123000,2.066000,1.872100,1.538000,135.335311,16.351246,2.067557,279.813409,0.000000,0.000000,true
1024,1024,11,sobel,cuda_naive_global_memory,"NVIDIA GeForce GTX 1650 with Max-Q Design",32,16,5,253755392,122.732020,119.265100,127.537700,2.721103,0.784224,0.780288,0.790528,0.003816,4.787324,4.783388,4.793628,0.003816,0.345300,1.105800,2.015700,0.536300,156.501230,25.636874,2.067557,323.575143,0.000000,0.000000,true
1024,1024,11,sobel,cuda_shared_memory_tiled,"NVIDIA GeForce GTX 1650 with Max-Q Design",32,16,5,253755392,122.732020,119.265100,127.537700,2.721103,0.775725,0.766496,0.786080,0.008230,4.613025,4.603796,4.623380,0.008230,0.240200,1.662800,1.411100,0.523200,158.215931,26.605541,2.067557,327.120384,0.000000,0.000000,true
1024,1024,11,sobel,cuda_shared_constant_filter,"NVIDIA GeForce GTX 1650 with Max-Q Design",32,16,5,253755392,122.732020,119.265100,127.537700,2.721103,0.424474,0.413152,0.453728,0.014779,4.857274,4.845952,4.886528,0.014779,0.313800,1.664200,1.903700,0.551100,289.139347,25.267677,2.067557,597.811951,0.000000,0.000000,true
1024,1024,11,sobel,cuda_multi_output,"NVIDIA GeForce GTX 1650 with Max-Q Design",32,16,5,253755392,122.732020,119.265100,127.537700,2.721103,1.043667,1.036000,1.051648,0.005042,4.615767,4.608100,4.623748,0.005042,0.225500,1.445000,1.333900,0.567700,117.596893,26.589734,2.067557,243.138227,0.000000,0.000000,true
1024,1024,11,sobel,cuda_register_tiled,"NVIDIA GeForce GTX 1650 with Max-Q Design",32,16,5,253755392,122.732020,119.265100,127.537700,2.721103,0.882221,0.874048,0.907264,0.012648,5.132721,5.124548,5.157764,0.012648,0.499100,1.833800,1.283800,0.633800,139.117123,23.911688,2.067557,287.632519,0.000000,0.000000,true
2048,2048,3,box,cuda_naive_global_memory,"NVIDIA GeForce GTX 1650 with Max-Q Design",8,8,5,75497472,54.499220,53.309200,56.024300,0.933260,0.734534,0.728160,0.745824,0.007316,17.332734,17.326360,17.344024,0.007316,0.312900,7.824600,7.330700,1.130000,74.195599,3.144294,1.385295,102.782758,0.000000,0.000000,true
2048,2048,3,box,cuda_shared_memory_tiled,"NVIDIA GeForce GTX 1650 with Max-Q Design",8,8,5,75497472,54.499220,53.309200,56.024300,0.933260,0.702035,0.675104,0.761856,0.032021,15.473735,15.446804,15.533556,0.032021,0.654700,6.199300,7.190900,0.726800,77.630323,3.522047,1.385295,107.540862,0.000000,0.000000,true
2048,2048,3,box,cuda_shared_constant_filter,"NVIDIA GeForce GTX 1650 with Max-Q Design",8,8,5,75497472,54.499220,53.309200,56.024300,0.933260,0.623142,0.618464,0.627712,0.003456,13.359342,13.354664,13.363912,0.003456,1.595600,4.988100,5.552800,0.599700,87.458694,4.079484,1.385295,121.156051,0.000000,0.000000,true
2048,2048,3,box,cuda_multi_output,"NVIDIA GeForce GTX 1650 with Max-Q Design",8,8,5,75497472,54.499220,53.309200,56.024300,0.933260,0.597914,0.593920,0.602624,0.002795,13.853114,13.849120,13.857824,0.002795,1.472500,4.573300,6.482200,0.727200,91.148991,3.934077,1.385295,126.268199,0.000000,0.000000,true
2048,2048,3,box,cuda_register_tiled,"NVIDIA GeForce GTX 1650 with Max-Q Design",8,8,5,75497472,54.499220,53.309200,56.024300,0.933260,0.561171,0.546656,0.572928,0.010281,14.531671,14.517156,14.543428,0.010281,1.854700,5.264200,6.180100,0.671500,97.116923,3.750375,1.385295,134.535543,0.000000,0.000000,true
2048,2048,3,box,cuda_separable,"NVIDIA GeForce GTX 1650 with Max-Q Design",8,8,5,50331648,54.499220,53.309200,56.024300,0.933260,0.818899,0.809184,0.837440,0.010228,12.977599,12.967884,12.996140,0.010228,1.344400,4.341900,5.651000,0.821400,66.551804,4.199484,0.923530,61.462567,0.000000,0.000000,true
2048,2048,3,box,cuda_naive_global_memory,"NVIDIA GeForce GTX 1650 with Max-Q Design",16,16,5,75497472,54.499220,53.309200,56.024300,0.933260,0.633216,0.615264,0.659744,0.015909,13.049516,13.031564,13.076044,0.015909,1.280100,4.553900,6.062100,0.520200,86.067344,4.176340,1.385295,119.228621,0.000000,0.000000,true
2048,2048,3,box,cuda_shared_memory_tiled,"NVIDIA GeForce GTX 1650 with Max-Q Design",16,16,5,75497472,54.499220,53.309200,56.024300,0.933260,0.715149,0.702496,0.729120,0.010506,14.742449,14.729796,14.756420,0.010506,1.772500,4.259100,7.168100,0.827600,76.206825,3.696755,1.385295,105.568899,0.000000,0.000000,true
2048,2048,3,box,cuda_shared_constant_filter,"NVIDIA GeForce GTX 1650 with Max-Q Design",16,16,5,75497472,54.499220,53.309200,56.024300,0.933260,0.640998,0.638432,0.645504,0.002412,16.741798,16.739232,16.746304,0.002412,0.548100,5.885700,7.318700,2.348300,85.022395,3.255279,1.385295,117.781059,0.000000,0.000000,true
2048,2048,3,box,cuda_multi_output,"NVIDIA GeForce GTX 1650 with Max-Q Design",16,16,5,75497472,54.499220,53.309200,56.024300,0.933260,0.491034,0.483328,0.497184,0.006168,18.179134,18.171428,18.185284,0.006168,0.661200,8.025400,8.265700,0.735800,110.988779,2.997900,1.385295,153.752150,0.000000,0.000000,true
2048,2048,3,box,cuda_register_tiled,"NVIDIA GeForce GTX 1650 with Max-Q Design",16,16,5,75497472,54.499220,53.309200,56.024300,0.933260,0.419539,0.410720,0.432128,0.008729,14.644439,14.635620,14.657028,0.008729,1.238700,4.767700,7.584100,0.634400,129.902569,3.721496,1.385295,179.953320,0.000000,0.000000,true
2048,2048,3,box,cuda_separable,"NVIDIA GeForce GTX 1650 with Max-Q Design",16,16,5,50331648,54.499220,53.309200,56.024300,0.933260,0.781587,0.758208,0.829440,0.024967,13.330887,13.307508,13.378740,0.024967,1.278000,4.924800,5.224700,1.121800,69.728906,4.088192,0.923530,64.396715,0.000000,0.000000,true
2048,2048,3,box,cuda_naive_global_memory,"NVIDIA GeForce GTX 1650 with Max-Q Design",32,8,5,75497472,54.499220,53.309200,56.024300,0.933260,0.619341,0.616448,0.621696,0.001977,19.760841,19.757948,19.763196,0.001977,0.323100,9.149600,8.274100,1.394700,87.995528,2.757940,1.385295,121.899725,0.000000,0.000000,true
2048,2048,3,box,cuda_shared_memory_tiled,"NVIDIA GeForce GTX 1650 with Max-Q Design",32,8,5,75497472,54.499220,53.309200,56.024300,0.933260,0.698067,0.669920,0.738752,0.023404,14.452267,14.424120,14.492952,0.023404,1.253000,4.841600,6.765100,0.894500,78.071595,3.770981,1.385295,108.152155,0.000000,0.000000,true
2048,2048,3,box,cuda_shared_constant_filter,"NVIDIA GeForce GTX 1650 with Max-Q Design",32,8,5,75497472,54.499220,53.309200,56.024300,0.933260,0.622534,0.609952,0.630816,0.007449,12.318534,12.305952,12.326816,0.007449,0.469900,5.288800,4.989500,0.947800,87.544111,4.424164,1.385295,121.274379,0.000000,0.000000,true
2048,2048,3,box,cuda_multi_output,"NVIDIA GeForce GTX 1650 with Max-Q Design",32,8,5,75497472,54.499220,53.309200,56.024300,0.933260,0.471437,0.460800,0.479072,0.006760,14.007337,13.996700,14.014972,0.006760,0.432800,5.980700,5.663200,1.459200,115.602389,3.890762,1.385295,160.143358,0.000000,0.000000,true
2048,2048,3,box,cuda_register_tiled,"NVIDIA GeForce GTX 1650 with Max-Q Design",32,8,5,75497472,54.499220,53.309200,56.024300,0.933260,0.386739,0.385024,0.388800,0.001229,19.424439,19.422724,19.426500,0.001229,0.427500,8.129000,9.735500,0.745700,140.919824,2.805704,1.385295,195.215463,0.000000,0.000000,true
2048,2048,3,box,cuda_separable,"NVIDIA GeForce GTX 1650 with Max-Q Design",32,8,5,50331648,54.499220,53.309200,56.024300,0.933260,0.742374,0.735328,0.751616,0.005461,16.572174,16.565128,16.581416,0.005461,1.381200,6.139700,5.566600,2.742300,73.412042,3.288598,0.923530,67.798200,0.000000,0.000000,true
2048,2048,3,box,cuda_naive_global_memory,"NVIDIA GeForce GTX 1650 with Max-Q Design",32,16,5,75497472,54.499220,53.309200,56.024300,0.933260,0.691411,0.686080,0.702624,0.005770,17.491411,17.486080,17.502624,0.005770,0.436900,7.790400,7.841200,0.731500,78.823165,3.115770,1.385295,109.193301,0.000000,0.000000,true
2048,2048,3,box,cuda_shared_memory_tiled,"NVIDIA GeForce GTX 1650 with Max-Q Design",32,16,5,75497472,54.499220,53.309200,56.024300,0.933260,0.723558,0.715072,0.737120,0.009162,15.194858,15.186372,15.208420,0.009162,1.344600,5.227900,7.004500,0.894300,75.321108,3.586688,1.385295,104.341920,0.000000,0.000000,true
2048,2048,3,box,cuda_shared_constant_filter,"NVIDIA GeForce GTX 1650 with Max-Q Design",32,16,5,75497472,54.499220,53.309200,56.024300,0.933260,0.665549,0.651104,0.679936,0.010546,13.919149,13.904704,13.933536,0.010546,0.408900,6.247000,5.615800,0.981900,81.886138,3.915413,1.385295,113.436420,0.000000,0.000000,true
2048,2048,3,box,cuda_multi_output,"NVIDIA GeForce GTX 1650 with Max-Q Design",32,16,5,75497472,54.499220,53.309200,56.024300,0.933260,0.490874,0.478944,0.522304,0.016103,14.079974,14.068044,14.111404,0.016103,0.499600,6.229400,5.716400,1.143700,111.024957,3.870690,1.385295,153.802266,0.000000,0.000000,true
2048,2048,3,box,cuda_register_tiled,"NVIDIA GeForce GTX 1650 with Max-Q Design",32,16,5,75497472,54.499220,53.309200,56.024300,0.933260,0.431315,0.422816,0.440096,0.006770,16.435115,16.426616,16.443896,0.006770,0.622300,7.351600,6.512500,1.517400,126.355901,3.316023,1.385295,175.040140,0.000000,0.000000,true
2048,2048,3,box,cuda_separable,"NVIDIA GeForce GTX 1650 with Max-Q Design",32,16,5,50331648,54.499220,53.309200,56.024300,0.933260,0.800806,0.783840,0.817088,0.013849,17.435306,17.418340,17.451588,0.013849,0.655700,7.715800,7.264000,0.999000,68.055425,3.125797,0.923530,62.851206,0.000000,0.000000,true
2048,2048,3,gaussian,cuda_naive_global_memory,"NVIDIA GeForce GTX 1650 with Max-Q Design",8,8,5,75497472,63.293820,54.371200,73.083300,6.637691,0.745114,0.741216,0.757152,0.006140,17.432114,17.428216,17.444152,0.006140,0.308000,7.572300,7.974000,0.832700,84.945195,3.630875,1.192810,101.323439,0.000000,0.000000,true
2048,2048,3,gaussian,cuda_shared_memory_tiled,"NVIDIA GeForce GTX 1650 with Max-Q Design",8,8,5,75497472,63.293820,54.371200,73.083300,6.637691,0.680141,0.673792,0.687904,0.005558,15.900041,15.893692,15.907804,0.005558,0.862000,6.547000,7.099000,0.711900,93.059877,3.980733,1.192810,111.002709,0.000000,0.000000,true
2048,2048,3,gaussian,cuda_shared_constant_filter,"NVIDIA GeForce GTX 1650 with Max-Q Design",8,8,5,75497472,63.293820,54.371200,73.083300,6.637691,0.637414,0.618816,0.685504,0.024854,14.668914,14.650316,14.717004,0.024854,0.596700,5.814800,6.865400,0.754600,99.297754,4.314826,1.192810,118.443307,0.000000,0.000000,true
2048,2048,3,gaussian,cuda_multi_output,"NVIDIA GeForce GTX 1650 with Max-Q Design",8,8,5,75497472,63.293820,54.371200,73.083300,6.637691,0.601952,0.592352,0.615840,0.008786,14.613152,14.603552,14.627040,0.008786,0.556400,6.124500,6.385700,0.944600,105.147621,4.331291,1.192810,125.421085,0.000000,0.000000,true
2048,2048,3,gaussian,cuda_register_tiled,"NVIDIA GeForce GTX 1650 with Max-Q Design",8,8,5,75497472,63.293820,54.371200,73.083300,6.637691,0.708563,0.702304,0.721312,0.007331,14.816863,14.810604,14.829612,0.007331,0.581200,5.787100,6.976000,0.764000,89.326993,4.271742,1.192810,106.550089,0.000000,0.000000,true
2048,2048,3,gaussian,cuda_separable,"NVIDIA GeForce GTX 1650 with Max-Q Design",8,8,5,50331648,63.293820,54.371200,73.083300,6.637691,0.959347,0.954336,0.965056,0.004413,14.738047,14.733036,14.743756,0.004413,0.912600,5.568500,6.067700,1.229900,65.975926,4.294587,0.795206,52.464476,0.000000,0.000000,true
2048,2048,3,gaussian,cuda_naive_global_memory,"NVIDIA GeForce GTX 1650 with Max-Q Design",16,16,5,75497472,63.293820,54.371200,73.083300,6.637691,0.741978,0.733248,0.758400,0.009726,12.693578,12.684848,12.710000,0.009726,1.149600,4.216700,5.621700,0.963600,85.304220,4.986287,1.192810,101.751687,0.000000,0.000000,true
2048,2048,3,gaussian,cuda_shared_memory_tiled,"NVIDIA GeForce GTX 1650 with Max-Q Design",16,16,5,75497472,63.293820,54.371200,73.083300,6.637691,0.870739,0.855680,0.911296,0.020849,12.694739,12.679680,12.735296,0.020849,1.511500,4.691500,4.791400,0.829600,72.689755,4.985831,1.192810,86.705033,0.000000,0.000000,true
2048,2048,3,gaussian,cuda_shared_constant_filter,"NVIDIA GeForce GTX 1650 with Max-Q Design",16,16,5,75497472,63.293820,54.371200,73.083300,6.637691,0.767942,0.752448,0.795296,0.014828,11.960742,11.945248,11.988096,0.014828,0.392400,4.632800,5.299700,0.867900,82.420009,5.291797,1.192810,98.311373,0.000000,0.000000,true
2048,2048,3,gaussian,cuda_multi_output,"NVIDIA GeForce GTX 1650 with Max-Q Design",16,16,5,75497472,63.293820,54.371200,73.083300,6.637691,0.585203,0.579872,0.591648,0.004983,13.319403,13.314072,13.325848,0.004983,1.176500,5.291900,5.477500,0.788300,108.156995,4.752001,1.192810,129.010694,0.000000,0.000000,true
2048,2048,3,gaussian,cuda_register_tiled,"NVIDIA GeForce GTX 1650 with Max-Q Design",16,16,5,75497472,63.293820,54.371200,73.083300,6.637691,0.489254,0.485152,0.492544,0.002833,14.187054,14.182952,14.190344,0.002833,0.847200,4.754900,7.248200,0.847500,129.367912,4.461379,1.192810,154.311279,0.000000,0.000000,true
2048,2048,3,gaussian,cuda_separable,"NVIDIA GeForce GTX 1650 with Max-Q Design",16,16,5,50331648,63.293820,54.371200,73.083300,6.637691,0.897338,0.883936,0.940256,0.021537,19.606438,19.593036,19.649356,0.021537,0.458500,8.897900,8.067900,1.284800,70.535125,3.228216,0.795206,56.089980,0.000000,0.000000,true
2048,2048,3,gaussian,cuda_naive_global_memory,"NVIDIA GeForce GTX 1650 with Max-Q Design",32,8,5,75497472,63.293820,54.371200,73.083300,6.637691,0.736512,0.734496,0.737920,0.001174,17.059612,17.057596,17.061020,0.001174,0.285200,7.863300,7.374500,0.800100,85.937256,3.710156,1.192810,102.506779,0.000000,0.000000,true
2048,2048,3,gaussian,cuda_shared_memory_tiled,"NVIDIA GeForce GTX 1650 with Max-Q Design",32,8,5,75497472,63.293820,54.371200,73.083300,6.637691,0.802246,0.795232,0.808960,0.005022,15.727946,15.720932,15.734660,0.005022,0.539000,6.617200,6.863100,0.906400,78.895735,4.024290,1.192810,94.107585,0.000000,0.000000,true
2048,2048,3,gaussian,cuda_shared_constant_filter,"NVIDIA GeForce GTX 1650 with Max-Q Design",32,8,5,75497472,63.293820,54.371200,73.083300,6.637691,0.739840,0.731136,0.749760,0.006705,15.322540,15.313836,15.332460,0.006705,0.948700,6.716500,6.140900,0.776600,85.550686,4.130766,1.192810,102.045674,0.000000,0.000000,true
2048,2048,3,gaussian,cuda_multi_output,"NVIDIA GeForce GTX 1650 with Max-Q Design",32,8,5,75497472,63.293820,54.371200,73.083300,6.637691,0.561766,0.556064,0.572256,0.006522,14.683266,14.677564,14.693756,0.006522,0.572900,5.624300,7.159400,0.764900,112.669288,4.310609,1.192810,134.393001,0.000000,0.000000,true
2048,2048,3,gaussian,cuda_register_tiled,"NVIDIA GeForce GTX 1650 with Max-Q Design",32,8,5,75497472,63.293820,54.371200,73.083300,6.637691,0.470842,0.465216,0.487840,0.008531,15.644542,15.638916,15.661540,0.008531,0.895200,6.209900,7.305400,0.763200,134.426991,4.045745,1.192810,160.345796,0.000000,0.000000,true
2048,2048,3,gaussian,cuda_separable,"NVIDIA GeForce GTX 1650 with Max-Q Design",32,8,5,50331648,63.293820,54.371200,73.083300,6.637691,0.893843,0.867424,0.956416,0.032592,15.849243,15.822824,15.911816,0.032592,0.957300,6.174100,6.843500,0.980500,70.810875,3.993492,0.795206,56.309258,0.000000,0.000000,true
2048,2048,3,gaussian,cuda_naive_global_memory,"NVIDIA GeForce GTX 1650 with Max-Q Design",32,16,5,75497472,63.293820,54.371200,73.083300,6.637691,0.847174,0.818720,0.870240,0.017199,12.524274,12.495820,12.547340,0.017199,1.447200,4.935300,4.658200,0.636400,74.711677,5.053692,1.192810,89.116801,0.000000,0.000000,true
2048,2048,3,gaussian,cuda_shared_memory_tiled,"NVIDIA GeForce GTX 1650 with Max-Q Design",32,16,5,75497472,63.293820,54.371200,73.083300,6.637691,0.874349,0.857248,0.890784,0.012895,13.410549,13.393448,13.426984,0.012895,0.321800,5.684200,5.809000,0.721200,72.389668,4.719704,1.192810,86.347086,0.000000,0.000000,true
2048,2048,3,gaussian,cuda_shared_constant_filter,"NVIDIA GeForce GTX 1650 with Max-Q Design",32,16,5,75497472,63.293820,54.371200,73.083300,6.637691,0.780947,0.777856,0.786048,0.003473,13.494347,13.491256,13.499448,0.003473,0.472900,5.961000,5.600000,0.679500,81.047503,4.690395,1.192810,96.674234,0.000000,0.000000,true
2048,2048,3,gaussian,cuda_multi_output,"NVIDIA GeForce GTX 1650 with Max-Q Design",32,16,5,75497472,63.293820,54.371200,73.083300,6.637691,0.578682,0.572288,0.587776,0.005966,15.029082,15.022688,15.038176,0.005966,0.630900,5.530600,7.348800,0.940100,109.375899,4.211423,1.192810,130.464615,0.000000,0.000000,true
2048,2048,3,gaussian,cuda_register_tiled,"NVIDIA GeForce GTX 1650 with Max-Q Design",32,16,5,75497472,63.293820,54.371200,73.083300,6.637691,0.517101,0.509248,0.529888,0.007446,14.158301,14.150448,14.171088,0.007446,0.808600,5.551500,6.377600,0.903500,122.401322,4.470439,1.192810,146.001464,0.000000,0.000000,true
2048,2048,3,gaussian,cuda_separable,"NVIDIA GeForce GTX 1650 with Max-Q Design",32,16,5,50331648,63.293820,54.371200,73.083300,6.637691,0.942624,0.921600,0.995328,0.027833,13.909324,13.888300,13.962028,0.027833,1.660600,4.923000,5.001300,1.381800,67.146413,4.550460,0.795206,53.395254,0.000000,0.000000,true
2048,2048,3,sharpen,cuda_naive_global_memory,"NVIDIA GeForce GTX 1650 with Max-Q Design",8,8,5,75497472,56.406240,54.276700,58.846200,1.729564,0.903923,0.899904,0.908864,0.003231,13.935323,13.931304,13.940264,0.003231,0.310000,6.010400,5.527000,1.184000,62.401584,4.047717,1.338460,83.521998,0.000001,0.000000,true
2048,2048,3,sharpen,cuda_shared_memory_tiled,"NVIDIA GeForce GTX 1650 with Max-Q Design",8,8,5,75497472,56.406240,54.276700,58.846200,1.729564,0.940922,0.937728,0.946176,0.003121,17.421822,17.418628,17.427076,0.003121,0.296200,8.133500,7.228800,0.822400,59.947864,3.237678,1.338460,80.237793,0.000001,0.000000,true
2048,2048,3,sharpen,cuda_shared_constant_filter,"NVIDIA GeForce GTX 1650 with Max-Q Design",8,8,5,75497472,56.406240,54.276700,58.846200,1.729564,0.858451,0.841728,0.891264,0.018167,16.235351,16.218628,16.268164,0.018167,0.487600,7.959500,6.176200,0.753600,65.706985,3.474285,1.338460,87.946143,0.000001,0.000000,true
2048,2048,3,sharpen,cuda_multi_output,"NVIDIA GeForce GTX 1650 with Max-Q Design",8,8,5,75497472,56.406240,54.276700,58.846200,1.729564,0.887680,0.880384,0.893632,0.005170,14.058680,14.051384,14.064632,0.005170,1.510600,5.326300,5.421700,0.912400,63.543439,4.012200,1.338460,85.050325,0.000001,0.000000,true
2048,2048,3,sharpen,cuda_register_tiled,"NVIDIA GeForce GTX 1650 with Max-Q Design",8,8,5,75497472,56.406240,54.276700,58.846200,1.729564,0.819277,0.802144,0.847712,0.016618,13.748577,13.731444,13.777012,0.016618,1.415100,5.191300,5.485200,0.837700,68.848820,4.102697,1.338460,92.151362,0.000001,0.000000,true
2048,2048,3,sharpen,cuda_naive_global_memory,"NVIDIA GeForce GTX 1650 with Max-Q Design",16,16,5,75497472,56.406240,54.276700,58.846200,1.729564,0.819040,0.809120,0.831200,0.007841,12.661440,12.651520,12.673600,0.007841,1.074500,5.021100,4.838400,0.908400,68.868724,4.454962,1.338460,92.178003,0.000001,0.000000,true
2048,2048,3,sharpen,cuda_shared_memory_tiled,"NVIDIA GeForce GTX 1650 with Max-Q Design",16,16,5,75497472,56.406240,54.276700,58.846200,1.729564,0.990298,0.965792,1.022240,0.019963,12.779298,12.754792,12.811240,0.019963,1.000200,4.981900,4.833300,0.973600,56.958878,4.413876,1.338460,76.237155,0.000001,0.000000,true
2048,2048,3,sharpen,cuda_shared_constant_filter,"NVIDIA GeForce GTX 1650 with Max-Q Design",16,16,5,75497472,56.406240,54.276700,58.846200,1.729564,0.871437,0.847936,0.901120,0.020216,13.334137,13.310636,13.363820,0.020216,0.678400,5.206400,5.162800,1.415100,64.727862,4.230213,1.338460,86.635627,0.000001,0.000000,true
2048,2048,3,sharpen,cuda_multi_output,"NVIDIA GeForce GTX 1650 with Max-Q Design",16,16,5,75497472,56.406240,54.276700,58.846200,1.729564,0.649139,0.648096,0.651264,0.001099,17.192139,17.191096,17.194264,0.001099,0.302400,7.497900,7.158900,1.583800,86.893905,3.280932,1.338460,116.303979,0.000001,0.000000,true
2048,2048,3,sharpen,cuda_register_tiled,"NVIDIA GeForce GTX 1650 with Max-Q Design",16,16,5,75497472,56.406240,54.276700,58.846200,1.729564,0.552813,0.544640,0.565536,0.007582,16.457113,16.448940,16.469836,0.007582,0.629600,7.676500,6.899900,0.698300,102.034972,3.427469,1.338460,136.569685,0.000001,0.000000,true
2048,2048,3,sharpen,cuda_naive_global_memory,"NVIDIA GeForce GTX 1650 with Max-Q Design",32,8,5,75497472,56.406240,54.276700,58.846200,1.729564,0.827162,0.815648,0.841728,0.010323,15.047862,15.036348,15.062428,0.010323,0.604300,6.760700,5.815000,1.040700,68.192527,3.748456,1.338460,91.272941,0.000001,0.000000,true
2048,2048,3,sharpen,cuda_shared_memory_tiled,"NVIDIA GeForce GTX 1650 with Max-Q Design",32,8,5,75497472,56.406240,54.276700,58.846200,1.729564,0.903661,0.900672,0.907552,0.002397,13.786461,13.783472,13.790352,0.002397,1.042300,5.627000,5.287100,0.926400,62.419704,4.091423,1.338460,83.546250,0.000001,0.000000,true
2048,2048,3,sharpen,cuda_shared_constant_filter,"NVIDIA GeForce GTX 1650 with Max-Q Design",32,8,5,75497472,56.406240,54.276700,58.846200,1.729564,0.826995,0.821248,0.833376,0.004663,13.776495,13.770748,13.782876,0.004663,1.359300,5.257400,5.153900,1.178900,68.206248,4.094382,1.338460,91.291306,0.000001,0.000000,true
2048,2048,3,sharpen,cuda_multi_output,"NVIDIA GeForce GTX 1650 with Max-Q Design",32,8,5,75497472,56.406240,54.276700,58.846200,1.729564,0.627110,0.624960,0.630368,0.001840,15.201010,15.198860,15.204268,0.001840,0.412200,6.461100,6.035900,1.664700,89.946266,3.710690,1.338460,120.389442,0.000001,0.000000,true
2048,2048,3,sharpen,cuda_register_tiled,"NVIDIA GeForce GTX 1650 with Max-Q Design",32,8,5,75497472,56.406240,54.276700,58.846200,1.729564,0.525139,0.523744,0.528928,0.001910,18.028239,18.026844,18.032028,0.001910,0.290100,8.435100,7.594600,1.183300,107.411977,3.128771,1.338460,143.766590,0.000001,0.000000,true
2048,2048,3,sharpen,cuda_naive_global_memory,"NVIDIA GeForce GTX 1650 with Max-Q Design",32,16,5,75497472,56.406240,54.276700,58.846200,1.729564,0.900634,0.893088,0.909664,0.006581,17.165734,17.158188,17.174764,0.006581,0.588800,7.582000,7.043100,1.051200,62.629510,3.285979,1.338460,83.827067,0.000001,0.000000,true
2048,2048,3,sharpen,cuda_shared_memory_tiled,"NVIDIA GeForce GTX 1650 with Max-Q Design",32,16,5,75497472,56.406240,54.276700,58.846200,1.729564,0.975859,0.962944,0.997024,0.013712,14.148359,14.135444,14.169524,0.013712,1.597300,5.082600,5.157400,1.335200,57.801618,3.986769,1.338460,77.365129,0.000001,0.000000,true
2048,2048,3,sharpen,cuda_shared_constant_filter,"NVIDIA GeForce GTX 1650 with Max-Q Design",32,16,5,75497472,56.406240,54.276700,58.846200,1.729564,0.901318,0.878592,0.946048,0.024099,17.179718,17.156992,17.224448,0.024099,0.308200,6.411100,7.130400,2.428700,62.581925,3.283304,1.338460,83.763376,0.000001,0.000000,true
2048,2048,3,sharpen,cuda_multi_output,"NVIDIA GeForce GTX 1650 with Max-Q Design",32,16,5,75497472,56.406240,54.276700,58.846200,1.729564,0.651590,0.647200,0.657696,0.004225,16.891490,16.887100,16.897596,0.004225,0.470900,7.739800,7.035500,0.993700,86.567022,3.339329,1.338460,115.866459,0.000001,0.000000,true
2048,2048,3,sharpen,cuda_register_tiled,"NVIDIA GeForce GTX 1650 with Max-Q Design",32,16,5,75497472,56.406240,54.276700,58.846200,1.729564,0.578957,0.569792,0.609824,0.015487,13.146557,13.137392,13.177424,0.015487,0.545800,5.098800,6.028400,0.894600,97.427374,4.290571,1.338460,130.402601,0.000001,0.000000,true
2048,2048,3,sobel,cuda_naive_global_memory,"NVIDIA GeForce GTX 1650 with Max-Q Design",8,8,5,75497472,56.591660,54.956000,58.544200,1.313751,1.110950,1.085632,1.171808,0.032617,18.916450,18.891132,18.977308,0.032617,0.294900,8.694000,7.854900,0.961700,50.939863,2.991664,1.334074,67.957556,0.000000,0.000000,true
2048,2048,3,sobel,cuda_shared_memory_tiled,"NVIDIA GeForce GTX 1650 with Max-Q Design",8,8,5,75497472,56.591660,54.956000,58.544200,1.313751,1.066918,1.052672,1.089536,0.017179,17.677618,17.663372,17.700236,0.017179,0.825000,6.686900,8.045300,1.053500,53.042163,3.201317,1.334074,70.762180,0.000000,0.000000,true
2048,2048,3,sobel,cuda_shared_constant_filter,"NVIDIA GeForce GTX 1650 with Max-Q Design",8,8,5,75497472,56.591660,54.956000,58.544200,1.313751,0.953088,0.949504,0.958432,0.003388,14.903288,14.899704,14.908632,0.003388,0.922500,6.184000,6.022300,0.821400,59.377161,3.797260,1.334074,79.213537,0.000000,0.000000,true
2048,2048,3,sobel,cuda_multi_output,"NVIDIA GeForce GTX 1650 with Max-Q Design",8,8,5,75497472,56.591660,54.956000,58.544200,1.313751,1.014611,0.999904,1.036384,0.012997,15.508311,15.493604,15.530084,0.012997,1.154000,5.799700,5.833900,1.706100,55.776695,3.649118,1.334074,74.410248,0.000000,0.000000,true
2048,2048,3,sobel,cuda_register_tiled,"NVIDIA GeForce GTX 1650 with Max-Q Design",8,8,5,75497472,56.591660,54.956000,58.544200,1.313751,0.928486,0.923616,0.933504,0.003923,17.396086,17.391216,17.401104,0.003923,0.301400,8.433600,7.001100,0.731500,60.950446,3.253126,1.334074,81.312416,0.000000,0.000000,true
2048,2048,3,sobel,cuda_naive_global_memory,"NVIDIA GeForce GTX 1650 with Max-Q Design",16,16,5,75497472,56.591660,54.956000,58.544200,1.313751,0.906899,0.903936,0.911392,0.002529,13.007599,13.004636,13.012092,0.002529,0.615500,5.918800,4.778000,0.788400,62.401268,4.350661,1.334074,83.247920,0.000000,0.000000,true
2048,2048,3,sobel,cuda_shared_memory_tiled,"NVIDIA GeForce GTX 1650 with Max-Q Design",16,16,5,75497472,56.591660,54.956000,58.544200,1.313751,1.053293,1.050272,1.056192,0.002337,13.339693,13.336672,13.342592,0.002337,0.824900,5.832200,4.816700,0.812600,53.728327,4.242351,1.334074,71.677573,0.000000,0.000000,true
2048,2048,3,sobel,cuda_shared_constant_filter,"NVIDIA GeForce GTX 1650 with Max-Q Design",16,16,5,75497472,56.591660,54.956000,58.544200,1.313751,0.928928,0.925504,0.930976,0.001835,12.764228,12.760804,12.766276,0.001835,0.634500,5.042900,5.013900,1.144000,60.921471,4.433614,1.334074,81.273761,0.000000,0.000000,true
2048,2048,3,sobel,cuda_multi_output,"NVIDIA GeForce GTX 1650 with Max-Q Design",16,16,5,75497472,56.591660,54.956000,58.544200,1.313751,0.714304,0.706528,0.726528,0.007459,12.781404,12.773628,12.793628,0.007459,0.505400,5.819200,4.704400,1.038100,79.226296,4.427656,1.334074,105.693756,0.000000,0.000000,true
2048,2048,3,sobel,cuda_register_tiled,"NVIDIA GeForce GTX 1650 with Max-Q Design",16,16,5,75497472,56.591660,54.956000,58.544200,1.313751,0.613536,0.592512,0.632832,0.012979,20.141536,20.120512,20.160832,0.012979,0.423700,9.037000,9.184100,0.883200,92.238532,2.809699,1.334074,123.053043,0.000000,0.000000,true
2048,2048,3,sobel,cuda_naive_global_memory,"NVIDIA GeForce GTX 1650 with Max-Q Design",32,8,5,75497472,56.591660,54.956000,58.544200,1.313751,0.882221,0.872768,0.901120,0.009764,13.262921,13.253468,13.281820,0.009764,0.584100,6.211700,4.704300,0.880600,64.146822,4.266908,1.334074,85.576618,0.000000,0.000000,true
2048,2048,3,sobel,cuda_shared_memory_tiled,"NVIDIA GeForce GTX 1650 with Max-Q Design",32,8,5,75497472,56.591660,54.956000,58.544200,1.313751,0.979315,0.969184,0.989184,0.006355,12.077815,12.067684,12.087684,0.006355,0.851700,4.726300,4.642300,0.878200,57.786971,4.685588,1.334074,77.092106,0.000000,0.000000,true
2048,2048,3,sobel,cuda_shared_constant_filter,"NVIDIA GeForce GTX 1650 with Max-Q Design",32,8,5,75497472,56.591660,54.956000,58.544200,1.313751,0.903091,0.888928,0.949664,0.023360,12.538991,12.524828,12.585564,0.023360,0.545400,5.327500,4.788000,0.975000,62.664391,4.513255,1.334074,83.598945,0.000000,0.000000,true
2048,2048,3,sobel,cuda_multi_output,"NVIDIA GeForce GTX 1650 with Max-Q Design",32,8,5,75497472,56.591660,54.956000,58.544200,1.313751,0.680698,0.677856,0.686048,0.003048,12.872698,12.869856,12.878048,0.003048,0.339300,6.180900,4.698200,0.973600,83.137740,4.396255,1.334074,110.911912,0.000000,0.000000,true
2048,2048,3,sobel,cuda_register_tiled,"NVIDIA GeForce GTX 1650 with Max-Q Design",32,8,5,75497472,56.591660,54.956000,58.544200,1.313751,0.579341,0.571648,0.600288,0.010582,12.401441,12.393748,12.422388,0.010582,0.852400,5.107000,5.095400,0.767300,97.682851,4.563313,1.334074,130.316168,0.000000,0.000000,true
2048,2048,3,sobel,cuda_naive_global_memory,"NVIDIA GeForce GTX 1650 with Max-Q Design",32,16,5,75497472,56.591660,54.956000,58.544200,1.313751,0.986899,0.962560,1.014304,0.020195,13.130799,13.106460,13.158204,0.020195,1.615700,4.279100,5.160800,1.088300,57.342897,4.309841,1.334074,76.499678,0.000000,0.000000,true
2048,2048,3,sobel,cuda_shared_memory_tiled,"NVIDIA GeForce GTX 1650 with Max-Q Design",32,16,5,75497472,56.591660,54.956000,58.544200,1.313751,1.029728,1.026720,1.034240,0.002554,14.330728,14.327720,14.335240,0.002554,1.244900,5.125500,5.597100,1.333500,54.957872,3.948973,1.334074,73.317878,0.000000,0.000000,true
2048,2048,3,sobel,cuda_shared_constant_filter,"NVIDIA GeForce GTX 1650 with Max-Q Design",32,16,5,75497472,56.591660,54.956000,58.544200,1.313751,0.952371,0.943968,0.966144,0.009757,17.887471,17.879068,17.901244,0.009757,0.294900,8.225000,7.589300,0.825900,59.421851,3.163760,1.334074,79.273157,0.000000,0.000000,true
2048,2048,3,sobel,cuda_multi_output,"NVIDIA GeForce GTX 1650 with Max-Q Design",32,16,5,75497472,56.591660,54.956000,58.544200,1.313751,0.711706,0.700608,0.725952,0.009630,16.124906,16.113808,16.139152,0.009630,0.681600,6.388600,7.318200,1.024800,79.515547,3.509581,1.334074,106.079637,0.000000,0.000000,true
2048,2048,3,sobel,cuda_register_tiled,"NVIDIA GeForce GTX 1650 with Max-Q Design",32,16,5,75497472,56.591660,54.956000,58.544200,1.313751,0.631584,0.620512,0.653344,0.012002,14.504184,14.493112,14.525944,0.012002,0.432400,6.352300,5.900700,1.187200,89.602745,3.901747,1.334074,119.536708,0.000000,0.000000,true
2048,2048,5,box,cuda_naive_global_memory,"NVIDIA GeForce GTX 1650 with Max-Q Design",8,8,5,209715200,116.196320,112.283400,123.121400,3.935331,2.452224,2.439584,2.463648,0.009126,20.463624,20.450984,20.475048,0.009126,0.603700,8.383000,7.801700,1.223000,47.384057,5.678189,1.804835,85.520410,0.000000,0.000000,true
2048,2048,5,box,cuda_shared_memory_tiled,"NVIDIA GeForce GTX 1650 with Max-Q Design",8,8,5,209715200,116.196320,112.283400,123.121400,3.935331,1.826451,1.812672,1.843200,0.013128,15.899951,15.886172,15.916700,0.013128,0.869800,6.564200,5.441600,1.197900,63.618629,7.307967,1.804835,114.821136,0.000000,0.000000,true
2048,2048,5,box,cuda_shared_constant_filter,"NVIDIA GeForce GTX 1650 with Max-Q Design",8,8,5,209715200,116.196320,112.283400,123.121400,3.935331,1.402829,1.399136,1.413792,0.005521,16.079129,16.075436,16.090092,0.005521,0.326900,7.155800,6.558100,0.635500,82.830007,7.226531,1.804835,149.494506,0.000000,0.000000,true
2048,2048,5,box,cuda_multi_output,"NVIDIA GeForce GTX 1650 with Max-Q Design",8,8,5,209715200,116.196320,112.283400,123.121400,3.935331,2.447635,2.442944,2.449728,0.002474,16.803935,16.799244,16.806028,0.002474,0.870500,5.966600,6.764000,0.755200,47.472891,6.914828,1.804835,85.680741,0.000000,0.000000,true
2048,2048,5,box,cuda_register_tiled,"NVIDIA GeForce GTX 1650 with Max-Q Design",8,8,5,209715200,116.196320,112.283400,123.121400,3.935331,2.217690,2.207872,2.231552,0.009230,17.620490,17.610672,17.634352,0.009230,0.988600,6.156900,7.354900,0.902400,52.395214,6.594387,1.804835,94.564723,0.000000,0.000000,true
2048,2048,5,box,cuda_separable,"NVIDIA GeForce GTX 1650 with Max-Q Design",8,8,5,83886080,116.196320,112.283400,123.121400,3.935331,1.257702,1.253376,1.264608,0.004026,14.665002,14.660676,14.671908,0.004026,1.348000,6.298000,4.612200,1.149100,92.387770,7.923375,0.721934,66.697877,0.000000,0.000000,true
2048,2048,5,box,cuda_naive_global_memory,"NVIDIA GeForce GTX 1650 with Max-Q Design",16,16,5,209715200,116.196320,112.283400,123.121400,3.935331,1.269568,1.257472,1.284896,0.012292,14.535568,14.523472,14.550896,0.012292,1.319300,5.102800,5.532100,1.311800,91.524297,7.993930,1.804835,165.186266,0.000000,0.000000,true
2048,2048,5,box,cuda_shared_memory_tiled,"NVIDIA GeForce GTX 1650 with Max-Q Design",16,16,5,209715200,116.196320,112.283400,123.121400,3.935331,1.376147,1.360832,1.424768,0.024523,16.345147,16.329832,16.393768,0.024523,0.419000,6.620500,7.079500,0.850000,84.435969,7.108919,1.804835,152.393003,0.000000,0.000000,true
2048,2048,5,box,cuda_shared_constant_filter,"NVIDIA GeForce GTX 1650 with Max-Q Design",16,16,5,209715200,116.196320,112.283400,123.121400,3.935331,1.165696,1.154944,1.175040,0.007825,13.291996,13.281244,13.301340,0.007825,1.646500,4.637100,4.767100,1.075600,99.679781,8.741826,1.804835,179.905571,0.000000,0.000000,true
2048,2048,5,box,cuda_multi_output,"NVIDIA GeForce GTX 1650 with Max-Q Design",16,16,5,209715200,116.196320,112.283400,123.121400,3.935331,1.199014,1.187840,1.234400,0.017889,14.907414,14.896240,14.942800,0.017889,0.388300,5.118400,6.363300,1.838400,96.909862,7.794532,1.804835,174.906323,0.000000,0.000000,true
2048,2048,5,box,cuda_register_tiled,"NVIDIA GeForce GTX 1650 with Max-Q Design",16,16,5,209715200,116.196320,112.283400,123.121400,3.935331,1.009581,1.006784,1.014592,0.003066,16.845981,16.843184,16.850992,0.003066,0.284800,7.923500,6.882500,0.745600,115.093631,6.897569,1.804835,207.725027,0.000000,0.000000,true
2048,2048,5,box,cuda_separable,"NVIDIA GeForce GTX 1650 with Max-Q Design",16,16,5,83886080,116.196320,112.283400,123.121400,3.935331,0.861037,0.844768,0.878592,0.013470,15.137537,15.121268,15.155092,0.013470,1.654400,5.323300,6.226600,1.072200,134.949306,7.676039,0.721934,97.424499,0.000000,0.000000,true
2048,2048,5,box,cuda_naive_global_memory,"NVIDIA GeForce GTX 1650 with Max-Q Design",32,8,5,209715200,116.196320,112.283400,123.121400,3.935331,1.192838,1.187840,1.206464,0.006958,13.840338,13.835340,13.853964,0.006958,1.307900,4.822800,5.297200,1.219600,97.411621,8.395483,1.804835,175.811915,0.000000,0.000000,true
2048,2048,5,box,cuda_shared_memory_tiled,"NVIDIA GeForce GTX 1650 with Max-Q Design",32,8,5,209715200,116.196320,112.283400,123.121400,3.935331,1.227750,1.201984,1.247360,0.015972,16.238450,16.212684,16.258060,0.015972,0.294000,5.605200,7.880000,1.231500,94.641645,7.155629,1.804835,170.812566,0.000000,0.000000,true
2048,2048,5,box,cuda_shared_constant_filter,"NVIDIA GeForce GTX 1650 with Max-Q Design",32,8,5,209715200,116.196320,112.283400,123.121400,3.935331,1.044237,1.034240,1.068352,0.012638,15.512137,15.502140,15.536252,0.012638,0.600600,6.574800,6.582800,0.709700,111.273918,7.490671,1.804835,200.831075,0.000000,0.000000,true
2048,2048,5,box,cuda_multi_output,"NVIDIA GeForce GTX 1650 with Max-Q Design",32,8,5,209715200,116.196320,112.283400,123.121400,3.935331,1.193805,1.177920,1.245184,0.025789,18.304105,18.288220,18.355484,0.025789,0.421100,8.093900,6.734700,1.860600,97.332764,6.348102,1.804835,175.669592,0.000000,0.000000,true
2048,2048,5,box,cuda_register_tiled,"NVIDIA GeForce GTX 1650 with Max-Q Design",32,8,5,209715200,116.196320,112.283400,123.121400,3.935331,0.999635,0.993568,1.016512,0.008545,16.317435,16.311368,16.334312,0.008545,0.311600,7.875500,6.462900,0.667800,116.238723,7.120992,1.804835,209.791730,0.000000,0.000000,true
2048,2048,5,box,cuda_separable,"NVIDIA GeForce GTX 1650 with Max-Q Design",32,8,5,83886080,116.196320,112.283400,123.121400,3.935331,0.764896,0.746880,0.817152,0.026512,15.587696,15.569680,15.639952,0.026512,1.145000,5.785400,6.914200,0.978200,151.911266,7.454361,0.721934,109.669916,0.000000,0.000000,true
2048,2048,5,box,cuda_naive_global_memory,"NVIDIA GeForce GTX 1650 with Max-Q Design",32,16,5,209715200,116.196320,112.283400,123.121400,3.935331,1.171213,1.164992,1.179104,0.005343,13.434413,13.428192,13.442304,0.005343,1.264400,4.700500,4.874900,1.423400,99.210255,8.649155,1.804835,179.058154,0.000000,0.000000,true
2048,2048,5,box,cuda_shared_memory_tiled,"NVIDIA GeForce GTX 1650 with Max-Q Design",32,16,5,209715200,116.196320,112.283400,123.121400,3.935331,1.273498,1.242944,1.320960,0.029349,15.570198,15.539644,15.617660,0.029349,0.301100,5.275800,7.901400,0.818400,91.241882,7.462739,1.804835,164.676553,0.000000,0.000000,true
2048,2048,5,box,cuda_shared_constant_filter,"NVIDIA GeForce GTX 1650 with Max-Q Design",32,16,5,209715200,116.196320,112.283400,123.121400,3.935331,1.016397,1.005248,1.047904,0.016451,16.822597,16.811448,16.854104,0.016451,0.297100,7.653200,7.089100,0.766800,114.321807,6.907157,1.804835,206.332013,0.000000,0.000000,true
2048,2048,5,box,cuda_multi_output,"NVIDIA GeForce GTX 1650 with Max-Q Design",32,16,5,209715200,116.196320,112.283400,123.121400,3.935331,1.115814,1.094560,1.156960,0.022414,12.846614,12.825360,12.887760,0.022414,1.617900,4.359900,4.845300,0.907700,104.135883,9.044898,1.804835,187.948099,0.000000,0.000000,true
2048,2048,5,box,cuda_register_tiled,"NVIDIA GeForce GTX 1650 with Max-Q Design",32,16,5,209715200,116.196320,112.283400,123.121400,3.935331,0.940429,0.925728,0.952320,0.008652,12.052729,12.038028,12.064620,0.008652,0.293500,4.980900,4.813400,1.024500,123.556744,9.640665,1.804835,222.999552,0.000000,0.000000,true
2048,2048,5,box,cuda_separable,"NVIDIA GeForce GTX 1650 with Max-Q Design",32,16,5,83886080,116.196320,112.283400,123.121400,3.935331,0.829216,0.812864,0.883264,0.027204,17.421316,17.404964,17.475364,0.027204,0.624900,6.840800,7.882000,1.244400,140.127927,6.669779,0.721934,101.163122,0.000000,0.000000,true
2048,2048,5,gaussian,cuda_naive_global_memory,"NVIDIA GeForce GTX 1650 with Max-Q Design",8,8,5,209715200,117.973560,112.969400,127.967000,5.864815,1.801869,1.795872,1.806880,0.004456,15.968769,15.962772,15.973780,0.004456,0.603900,7.216700,4.983200,1.363100,65.472891,7.387768,1.777646,116.387608,0.000000,0.000000,true
2048,2048,5,gaussian,cuda_shared_memory_tiled,"NVIDIA GeForce GTX 1650 with Max-Q Design",8,8,5,209715200,117.973560,112.969400,127.967000,5.864815,1.336346,1.331104,1.354240,0.008970,16.388946,16.383704,16.406840,0.008970,0.296300,6.024300,7.895500,0.836500,88.280726,7.198362,1.777646,156.931859,0.000000,0.000000,true
2048,2048,5,gaussian,cuda_shared_constant_filter,"NVIDIA GeForce GTX 1650 with Max-Q Design",8,8,5,209715200,117.973560,112.969400,127.967000,5.864815,1.054310,1.049248,1.059296,0.004147,14.092010,14.086948,14.096996,0.004147,0.698200,6.724000,4.817800,0.797700,111.896424,8.371663,1.777646,198.912205,0.000000,0.000000,true
2048,2048,5,gaussian,cuda_multi_output,"NVIDIA GeForce GTX 1650 with Max-Q Design",8,8,5,209715200,117.973560,112.969400,127.967000,5.864815,1.808384,1.792160,1.829536,0.016338,16.081284,16.065060,16.102436,0.016338,1.139200,4.842100,7.505300,0.786300,65.237007,7.336078,1.777646,115.968289,0.000000,0.000000,true
2048,2048,5,gaussian,cuda_register_tiled,"NVIDIA GeForce GTX 1650 with Max-Q Design",8,8,5,209715200,117.973560,112.969400,127.967000,5.864815,1.652013,1.634880,1.677984,0.014919,15.150613,15.133480,15.176584,0.014919,0.874900,5.746500,5.571000,1.306200,71.412013,7.786719,1.777646,126.945263,0.000000,0.000000,true
2048,2048,5,gaussian,cuda_separable,"NVIDIA GeForce GTX 1650 with Max-Q Design",8,8,5,83886080,117.973560,112.969400,127.967000,5.864815,0.944851,0.940928,0.956960,0.006137,18.143951,18.140028,18.156060,0.006137,0.629700,8.133000,7.471700,0.964700,124.859405,6.502088,0.711058,88.782318,0.000000,0.000000,true
2048,2048,5,gaussian,cuda_naive_global_memory,"NVIDIA GeForce GTX 1650 with Max-Q Design",16,16,5,209715200,117.973560,112.969400,127.967000,5.864815,1.205133,1.172576,1.263072,0.031175,14.319633,14.287076,14.377572,0.031175,1.269200,5.950400,5.089700,0.805200,97.892583,8.238588,1.777646,174.018337,0.000000,0.000000,true
2048,2048,5,gaussian,cuda_shared_memory_tiled,"NVIDIA GeForce GTX 1650 with Max-Q Design",16,16,5,209715200,117.973560,112.969400,127.967000,5.864815,1.211827,1.189888,1.261568,0.026283,13.449827,13.427888,13.499568,0.026283,1.087200,4.521600,5.252100,1.377100,97.351802,8.771381,1.777646,173.057019,0.000000,0.000000,true
2048,2048,5,gaussian,cuda_shared_constant_filter,"NVIDIA GeForce GTX 1650 with Max-Q Design",16,16,5,209715200,117.973560,112.969400,127.967000,5.864815,1.027264,1.017856,1.059968,0.016370,16.250164,16.240756,16.282868,0.016370,0.394500,6.359400,7.652300,0.816700,114.842494,7.259838,1.777646,204.149274,0.000000,0.000000,true
2048,2048,5,gaussian,cuda_multi_output,"NVIDIA GeForce GTX 1650 with Max-Q Design",16,16,5,209715200,117.973560,112.969400,127.967000,5.864815,1.040352,1.026208,1.060864,0.014205,16.015352,16.001208,16.035864,0.014205,0.527700,7.331000,6.289400,0.826900,113.397736,7.366280,1.777646,201.581006,0.000000,0.000000,true
2048,2048,5,gaussian,cuda_register_tiled,"NVIDIA GeForce GTX 1650 with Max-Q Design",16,16,5,209715200,117.973560,112.969400,127.967000,5.864815,0.876653,0.864960,0.896448,0.011676,13.481953,13.470260,13.501748,0.011676,1.011900,5.223300,5.484000,0.886100,134.572727,8.750480,1.777646,239.222640,0.000000,0.000000,true
2048,2048,5,gaussian,cuda_separable,"NVIDIA GeForce GTX 1650 with Max-Q Design",16,16,5,83886080,117.973560,112.969400,127.967000,5.864815,0.751123,0.741632,0.771680,0.011673,14.595523,14.586032,14.616080,0.011673,1.630800,5.677200,4.927200,1.609200,157.062862,8.082859,0.711058,111.680853,0.000000,0.000000,true
2048,2048,5,gaussian,cuda_naive_global_memory,"NVIDIA GeForce GTX 1650 with Max-Q Design",32,8,5,209715200,117.973560,112.969400,127.967000,5.864815,1.062675,1.046336,1.095904,0.019291,16.846975,16.830636,16.880204,0.019291,0.544800,6.036400,8.512600,0.690500,111.015634,7.002655,1.777646,197.346472,0.000000,0.000000,true
2048,2048,5,gaussian,cuda_shared_memory_tiled,"NVIDIA GeForce GTX 1650 with Max-Q Design",32,8,5,209715200,117.973560,112.969400,127.967000,5.864815,1.026304,1.021088,1.036288,0.005513,15.585504,15.580288,15.595488,0.005513,1.125800,6.408100,6.243300,0.782000,114.949919,7.569441,1.777646,204.340238,0.000000,0.000000,true
2048,2048,5,gaussian,cuda_shared_constant_filter,"NVIDIA GeForce GTX 1650 with Max-Q Design",32,8,5,209715200,117.973560,112.969400,127.967000,5.864815,0.906957,0.885632,0.933888,0.016486,14.372057,14.350732,14.398988,0.016486,1.705800,5.080400,5.482900,1.196000,130.076272,8.208537,1.777646,231.229535,0.000000,0.000000,true
2048,2048,5,gaussian,cuda_multi_output,"NVIDIA GeForce GTX 1650 with Max-Q Design",32,8,5,209715200,117.973560,112.969400,127.967000,5.864815,1.055597,1.000512,1.126400,0.047156,34.528597,34.473512,34.599400,0.047156,3.153800,13.707400,14.015900,2.595900,111.760058,3.416691,1.777646,198.669794,0.000000,0.000000,true
2048,2048,5,gaussian,cuda_register_tiled,"NVIDIA GeForce GTX 1650 with Max-Q Design",32,8,5,209715200,117.973560,112.969400,127.967000,5.864815,0.852435,0.841472,0.860160,0.007459,30.937735,30.926772,30.945460,0.007459,0.859100,12.673100,14.559700,1.993400,138.395928,3.813258,1.777646,246.018936,0.000000,0.000000,true
2048,2048,5,gaussian,cuda_separable,"NVIDIA GeForce GTX 1650 with Max-Q Design",32,8,5,83886080,117.973560,112.969400,127.967000,5.864815,0.721286,0.698400,0.754176,0.024331,33.934986,33.912100,33.967876,0.024331,1.205800,12.575700,16.790900,2.641300,163.559936,3.476458,0.711058,116.300651,0.000000,0.000000,true
2048,2048,5,gaussian,cuda_naive_global_memory,"NVIDIA GeForce GTX 1650 with Max-Q Design",32,16,5,209715200,117.973560,112.969400,127.967000,5.864815,1.121498,1.079808,1.167456,0.029807,32.277298,32.235608,32.323256,0.029807,0.936500,12.084200,14.734200,3.400900,105.192879,3.655001,1.777646,186.995677,0.000000,0.000000,true
2048,2048,5,gaussian,cuda_shared_memory_tiled,"NVIDIA GeForce GTX 1650 with Max-Q Design",32,16,5,209715200,117.973560,112.969400,127.967000,5.864815,1.207898,1.146880,1.267072,0.052482,38.679998,38.618980,38.739172,0.052482,7.112300,16.424500,11.946800,1.988500,97.668512,3.049989,1.777646,173.620017,0.000000,0.000000,true
2048,2048,5,gaussian,cuda_shared_constant_filter,"NVIDIA GeForce GTX 1650 with Max-Q Design",32,16,5,209715200,117.973560,112.969400,127.967000,5.864815,0.954253,0.927264,0.974976,0.018722,20.121853,20.094864,20.142576,0.018722,1.626400,11.374600,5.330500,0.836100,123.629253,5.862957,1.777646,219.769019,0.000000,0.000000,true
2048,2048,5,gaussian,cuda_multi_output,"NVIDIA GeForce GTX 1650 with Max-Q Design",32,16,5,209715200,117.973560,112.969400,127.967000,5.864815,0.996742,0.994880,1.000960,0.002286,17.363742,17.361880,17.367960,0.002286,0.406700,7.773400,7.576300,0.610600,118.359126,6.794247,1.777646,210.400600,0.000000,0.000000,true
2048,2048,5,gaussian,cuda_register_tiled,"NVIDIA GeForce GTX 1650 with Max-Q Design",32,16,5,209715200,117.973560,112.969400,127.967000,5.864815,0.849075,0.841728,0.855616,0.005895,13.965675,13.958328,13.972216,0.005895,0.693100,5.638100,5.934700,0.850700,138.943596,8.447394,1.777646,246.992497,0.000000,0.000000,true
2048,2048,5,gaussian,cuda_separable,"NVIDIA GeForce GTX 1650 with Max-Q Design",32,16,5,83886080,117.973560,112.969400,127.967000,5.864815,0.758899,0.751168,0.779744,0.010725,16.889399,16.881668,16.910244,0.010725,0.439300,6.543300,6.764900,2.383000,155.453528,6.985066,0.711058,110.536523,0.000000,0.000000,true
2048,2048,5,sharpen,cuda_naive_global_memory,"NVIDIA GeForce GTX 1650 with Max-Q Design",8,8,5,209715200,121.922260,113.337300,135.430800,8.193983,1.632602,1.609472,1.716224,0.041874,16.174902,16.151772,16.258524,0.041874,0.322300,5.818700,7.523000,0.878300,74.679737,7.537744,1.720073,128.454607,0.000001,0.000000,true
2048,2048,5,sharpen,cuda_shared_memory_tiled,"NVIDIA GeForce GTX 1650 with Max-Q Design",8,8,5,209715200,121.922260,113.337300,135.430800,8.193983,1.249005,1.198176,1.339936,0.057788,13.595805,13.544976,13.686736,0.057788,0.757800,6.152800,4.618800,0.817400,97.615524,8.967638,1.720073,167.905838,0.000001,0.000000,true
2048,2048,5,sharpen,cuda_shared_constant_filter,"NVIDIA GeForce GTX 1650 with Max-Q Design",8,8,5,209715200,121.922260,113.337300,135.430800,8.193983,0.966323,0.956224,0.976448,0.007949,11.250523,11.240424,11.260648,0.007949,0.669100,4.057700,4.741200,0.816200,126.171306,10.837030,1.720073,217.023870,0.000001,0.000000,true
2048,2048,5,sharpen,cuda_multi_output,"NVIDIA GeForce GTX 1650 with Max-Q Design",8,8,5,209715200,121.922260,113.337300,135.430800,8.193983,1.627917,1.610464,1.674976,0.024132,16.717717,16.700264,16.764776,0.024132,1.531900,4.785700,7.728500,1.043700,74.894651,7.292997,1.720073,128.824275,0.000001,0.000000,true
2048,2048,5,sharpen,cuda_register_tiled,"NVIDIA GeForce GTX 1650 with Max-Q Design",8,8,5,209715200,121.922260,113.337300,135.430800,8.193983,1.477754,1.458336,1.523616,0.023762,14.711354,14.691936,14.757216,0.023762,0.290300,7.419600,4.718900,0.804800,82.505135,8.287630,1.720073,141.914864,0.000001,0.000000,true
2048,2048,5,sharpen,cuda_naive_global_memory,"NVIDIA GeForce GTX 1650 with Max-Q Design",16,16,5,209715200,121.922260,113.337300,135.430800,8.193983,1.065811,1.054592,1.089536,0.012805,12.543811,12.532592,12.567536,0.012805,1.365800,4.503900,4.639400,0.968900,114.393862,9.719714,1.720073,196.765805,0.000001,0.000000,true
2048,2048,5,sharpen,cuda_shared_memory_tiled,"NVIDIA GeForce GTX 1650 with Max-Q Design",16,16,5,209715200,121.922260,113.337300,135.430800,8.193983,1.147072,1.136832,1.165632,0.010058,12.778072,12.767832,12.796632,0.010058,0.516000,4.425000,5.535600,1.154400,106.289980,9.541522,1.720073,182.826535,0.000001,0.000000,true
2048,2048,5,sharpen,cuda_shared_constant_filter,"NVIDIA GeForce GTX 1650 with Max-Q Design",16,16,5,209715200,121.922260,113.337300,135.430800,8.193983,0.971123,0.966176,0.978944,0.004606,14.769223,14.764276,14.777044,0.004606,0.309200,5.744200,5.706600,2.038100,125.547676,8.255157,1.720073,215.951180,0.000001,0.000000,true
2048,2048,5,sharpen,cuda_multi_output,"NVIDIA GeForce GTX 1650 with Max-Q Design",16,16,5,209715200,121.922260,113.337300,135.430800,8.193983,0.996154,0.986016,1.022272,0.013335,16.793154,16.783016,16.819272,0.013335,0.317500,7.656200,7.098900,0.724400,122.393033,7.260236,1.720073,210.524965,0.000001,0.000000,true
2048,2048,5,sharpen,cuda_register_tiled,"NVIDIA GeForce GTX 1650 with Max-Q Design",16,16,5,209715200,121.922260,113.337300,135.430800,8.193983,0.855085,0.839296,0.880640,0.018980,14.576585,14.560796,14.602140,0.018980,0.639600,5.585700,6.420700,1.075500,142.584993,8.364254,1.720073,245.256611,0.000001,0.000000,true
2048,2048,5,sharpen,cuda_naive_global_memory,"NVIDIA GeForce GTX 1650 with Max-Q Design",32,8,5,209715200,121.922260,113.337300,135.430800,8.193983,1.012128,0.999424,1.044480,0.016424,12.155028,12.142324,12.187380,0.016424,0.550700,4.384500,4.884700,1.323000,120.461306,10.030603,1.720073,207.202252,0.000001,0.000000,true
2048,2048,5,sharpen,cuda_shared_memory_tiled,"NVIDIA GeForce GTX 1650 with Max-Q Design",32,8,5,209715200,121.922260,113.337300,135.430800,8.193983,1.011738,1.003232,1.026496,0.009073,12.509438,12.500932,12.524196,0.009073,0.423900,4.814700,5.109300,1.149800,120.507787,9.746422,1.720073,207.282203,0.000001,0.000000,true
2048,2048,5,sharpen,cuda_shared_constant_filter,"NVIDIA GeForce GTX 1650 with Max-Q Design",32,8,5,209715200,121.922260,113.337300,135.430800,8.193983,0.878746,0.870304,0.890752,0.007270,12.758946,12.750504,12.770952,0.007270,0.296700,5.263500,5.131400,1.188600,138.745800,9.555826,1.720073,238.652918,0.000001,0.000000,true
2048,2048,5,sharpen,cuda_multi_output,"NVIDIA GeForce GTX 1650 with Max-Q Design",32,8,5,209715200,121.922260,113.337300,135.430800,8.193983,0.964634,0.962464,0.967360,0.001893,14.142734,14.140564,14.145460,0.001893,0.295100,5.688100,5.734700,1.460200,126.392301,8.620841,1.720073,217.403998,0.000001,0.000000,true
2048,2048,5,sharpen,cuda_register_tiled,"NVIDIA GeForce GTX 1650 with Max-Q Design",32,8,5,209715200,121.922260,113.337300,135.430800,8.193983,0.809139,0.807360,0.813056,0.002131,17.440939,17.439160,17.444856,0.002131,0.298300,7.946900,7.589100,0.797500,150.681442,6.990579,1.720073,259.183095,0.000001,0.000000,true
2048,2048,5,sharpen,cuda_naive_global_memory,"NVIDIA GeForce GTX 1650 with Max-Q Design",32,16,5,209715200,121.922260,113.337300,135.430800,8.193983,1.085837,1.061120,1.143264,0.030704,13.614037,13.589320,13.671464,0.030704,1.585600,4.795500,5.360100,0.787000,112.284146,8.955629,1.720073,193.136940,0.000001,0.000000,true
2048,2048,5,sharpen,cuda_shared_memory_tiled,"NVIDIA GeForce GTX 1650 with Max-Q Design",32,16,5,209715200,121.922260,113.337300,135.430800,8.193983,1.121216,1.108736,1.158912,0.019013,13.145216,13.132736,13.182912,0.019013,1.454300,4.735000,4.907500,0.927200,108.741098,9.275029,1.720073,187.042638,0.000001,0.000000,true
2048,2048,5,sharpen,cuda_shared_constant_filter,"NVIDIA GeForce GTX 1650 with Max-Q Design",32,16,5,209715200,121.922260,113.337300,135.430800,8.193983,0.911040,0.907776,0.913344,0.002037,12.599540,12.596276,12.601844,0.002037,0.298400,5.313200,4.883700,1.193200,133.827559,9.676723,1.720073,230.193184,0.000001,0.000000,true
2048,2048,5,sharpen,cuda_multi_output,"NVIDIA GeForce GTX 1650 with Max-Q Design",32,16,5,209715200,121.922260,113.337300,135.430800,8.193983,0.980915,0.977408,0.990016,0.004596,12.727815,12.724308,12.736916,0.004596,0.368900,4.822400,5.139700,1.415900,124.294394,9.579198,1.720073,213.795443,0.000001,0.000000,true
2048,2048,5,sharpen,cuda_register_tiled,"NVIDIA GeForce GTX 1650 with Max-Q Design",32,16,5,209715200,121.922260,113.337300,135.430800,8.193983,0.826528,0.823840,0.829056,0.001843,13.747728,13.745040,13.750256,0.001843,0.392600,5.555900,5.667100,1.305600,147.511346,8.868539,1.720073,253.730299,0.000001,0.000000,true
2048,2048,5,sobel,cuda_naive_global_memory,"NVIDIA GeForce GTX 1650 with Max-Q Design",8,8,5,209715200,120.393040,113.753100,133.137500,6.672389,1.614259,1.581056,1.675264,0.035980,15.767659,15.734456,15.828664,0.035980,0.303900,4.910900,7.871600,1.067000,74.580984,7.635442,1.741921,129.914205,0.000000,0.000000,true
2048,2048,5,sobel,cuda_shared_memory_tiled,"NVIDIA GeForce GTX 1650 with Max-Q Design",8,8,5,209715200,120.393040,113.753100,133.137500,6.672389,1.180877,1.177312,1.187776,0.003783,15.068877,15.065312,15.075776,0.003783,0.754800,7.163100,5.120600,0.849500,101.952244,7.989517,1.741921,177.592785,0.000000,0.000000,true
2048,2048,5,sobel,cuda_shared_constant_filter,"NVIDIA GeForce GTX 1650 with Max-Q Design",8,8,5,209715200,120.393040,113.753100,133.137500,6.672389,0.956922,0.948224,0.966528,0.007279,17.546422,17.537724,17.556028,0.007279,0.480400,7.064300,8.169000,0.875800,125.812856,6.861401,1.741921,219.156094,0.000000,0.000000,true
2048,2048,5,sobel,cuda_multi_output,"NVIDIA GeForce GTX 1650 with Max-Q Design",8,8,5,209715200,120.393040,113.753100,133.137500,6.672389,1.650976,1.609088,1.703232,0.031302,17.827676,17.785788,17.879932,0.031302,2.097400,4.980100,8.272000,0.827200,72.922345,6.753154,1.741921,127.024985,0.000000,0.000000,true
2048,2048,5,sobel,cuda_register_tiled,"NVIDIA GeForce GTX 1650 with Max-Q Design",8,8,5,209715200,120.393040,113.753100,133.137500,6.672389,1.450106,1.433600,1.487424,0.020732,16.551906,16.535400,16.589224,0.020732,1.496300,4.901700,6.749600,1.954200,83.023637,7.273666,1.741921,144.620640,0.000000,0.000000,true
2048,2048,5,sobel,cuda_naive_global_memory,"NVIDIA GeForce GTX 1650 with Max-Q Design",16,16,5,209715200,120.393040,113.753100,133.137500,6.672389,1.084038,1.052992,1.143264,0.034158,19.447338,19.416292,19.506564,0.034158,0.882100,7.021200,9.020200,1.439800,111.059753,6.190721,1.741921,193.457349,0.000000,0.000000,true
2048,2048,5,sobel,cuda_shared_memory_tiled,"NVIDIA GeForce GTX 1650 with Max-Q Design",16,16,5,209715200,120.393040,113.753100,133.137500,6.672389,1.157958,1.137664,1.165536,0.010403,17.585858,17.565564,17.593436,0.010403,0.321900,8.580200,6.676400,0.849400,103.970092,6.846014,1.741921,181.107717,0.000000,0.000000,true
2048,2048,5,sobel,cuda_shared_constant_filter,"NVIDIA GeForce GTX 1650 with Max-Q Design",16,16,5,209715200,120.393040,113.753100,133.137500,6.672389,0.981990,0.961184,1.010496,0.020141,14.609890,14.589084,14.638396,0.020141,0.335600,5.470900,5.961400,1.860000,122.601036,8.240516,1.741921,213.561355,0.000000,0.000000,true
2048,2048,5,sobel,cuda_multi_output,"NVIDIA GeForce GTX 1650 with Max-Q Design",16,16,5,209715200,120.393040,113.753100,133.137500,6.672389,0.982022,0.973344,1.009600,0.013875,17.117522,17.108844,17.145100,0.013875,0.334600,8.072400,7.097000,0.631500,122.597038,7.033322,1.741921,213.554392,0.000000,0.000000,true
2048,2048,5,sobel,cuda_register_tiled,"NVIDIA GeForce GTX 1650 with Max-Q Design",16,16,5,209715200,120.393040,113.753100,133.137500,6.672389,0.846298,0.827712,0.897024,0.025962,12.645198,12.626612,12.695924,0.025962,0.484600,4.477400,5.496500,1.340400,142.258516,9.520851,1.741921,247.803137,0.000000,0.000000,true
2048,2048,5,sobel,cuda_naive_global_memory,"NVIDIA GeForce GTX 1650 with Max-Q Design",32,8,5,209715200,120.393040,113.753100,133.137500,6.672389,1.018656,1.002112,1.062272,0.022033,14.389456,14.372912,14.433072,0.022033,0.508400,5.291300,5.940300,1.630800,118.188123,8.366754,1.741921,205.874409,0.000000,0.000000,true
2048,2048,5,sobel,cuda_shared_memory_tiled,"NVIDIA GeForce GTX 1650 with Max-Q Design",32,8,5,209715200,120.393040,113.753100,133.137500,6.672389,1.014874,1.001472,1.047104,0.016515,17.356174,17.342772,17.388404,0.016515,0.326600,7.500300,7.720200,0.794200,118.628606,6.936612,1.741921,206.641694,0.000000,0.000000,true
2048,2048,5,sobel,cuda_shared_constant_filter,"NVIDIA GeForce GTX 1650 with Max-Q Design",32,8,5,209715200,120.393040,113.753100,133.137500,6.672389,0.876691,0.873152,0.883104,0.003451,11.497391,11.493852,11.503804,0.003451,0.445600,4.750700,4.692800,0.731600,137.326617,10.471335,1.741921,239.212159,0.000000,0.000000,true
2048,2048,5,sobel,cuda_multi_output,"NVIDIA GeForce GTX 1650 with Max-Q Design",32,8,5,209715200,120.393040,113.753100,133.137500,6.672389,0.983674,0.974656,1.003808,0.010296,12.568274,12.559256,12.588408,0.010296,0.869300,5.219500,4.821500,0.674300,122.391247,9.579123,1.741921,213.195920,0.000000,0.000000,true
2048,2048,5,sobel,cuda_register_tiled,"NVIDIA GeForce GTX 1650 with Max-Q Design",32,8,5,209715200,120.393040,113.753100,133.137500,6.672389,0.810573,0.804672,0.817152,0.004089,13.184773,13.178872,13.191352,0.004089,1.442500,4.325000,5.900000,0.706700,148.528351,9.131218,1.741921,258.724697,0.000000,0.000000,true
2048,2048,5,sobel,cuda_naive_global_memory,"NVIDIA GeForce GTX 1650 with Max-Q Design",32,16,5,209715200,120.393040,113.753100,133.137500,6.672389,1.079347,1.059200,1.128224,0.025854,14.279847,14.259700,14.328724,0.025854,1.553600,5.125500,5.217100,1.304300,111.542458,8.430975,1.741921,194.298182,0.000000,0.000000,true
2048,2048,5,sobel,cuda_shared_memory_tiled,"NVIDIA GeForce GTX 1650 with Max-Q Design",32,16,5,209715200,120.393040,113.753100,133.137500,6.672389,1.108128,1.100000,1.129952,0.011264,13.749728,13.741600,13.771552,0.011264,0.485900,4.846800,5.567100,1.741800,108.645430,8.756031,1.741921,189.251787,0.000000,0.000000,true
2048,2048,5,sobel,cuda_shared_constant_filter,"NVIDIA GeForce GTX 1650 with Max-Q Design",32,16,5,209715200,120.393040,113.753100,133.137500,6.672389,0.907578,0.901216,0.912384,0.004449,17.027378,17.021016,17.032184,0.004449,0.446900,7.871400,6.978600,0.822900,132.653166,7.070557,1.741921,231.071374,0.000000,0.000000,true
2048,2048,5,sobel,cuda_multi_output,"NVIDIA GeForce GTX 1650 with Max-Q Design",32,16,5,209715200,120.393040,113.753100,133.137500,6.672389,0.990963,0.972256,1.034240,0.022848,14.619363,14.600656,14.662640,0.022848,1.214500,6.124700,5.552300,0.736900,121.490930,8.235177,1.741921,211.627637,0.000000,0.000000,true
2048,2048,5,sobel,cuda_register_tiled,"NVIDIA GeForce GTX 1650 with Max-Q Design",32,16,5,209715200,120.393040,113.753100,133.137500,6.672389,0.827219,0.817472,0.835168,0.006642,13.147819,13.138072,13.155768,0.006642,1.219000,4.438200,5.955100,0.708300,145.539467,9.156883,1.741921,253.518297,0.000000,0.000000,true
2048,2048,7,box,cuda_naive_global_memory,"NVIDIA GeForce GTX 1650 with Max-Q Design",8,8,5,411041792,223.333860,209.606100,255.677100,16.626602,3.009344,2.966432,3.098880,0.048343,17.743744,17.700832,17.833280,0.048343,1.049300,6.995100,5.540400,1.149600,74.213468,12.586625,1.840481,136.588501,0.000000,0.000000,true
2048,2048,7,box,cuda_shared_memory_tiled,"NVIDIA GeForce GTX 1650 with Max-Q Design",8,8,5,411041792,223.333860,209.606100,255.677100,16.626602,2.057382,2.037760,2.117632,0.030345,15.637282,15.617660,15.697532,0.030345,1.087200,5.060600,6.698500,0.733600,108.552433,14.282140,1.840481,199.788723,0.000000,0.000000,true
2048,2048,7,box,cuda_shared_constant_filter,"NVIDIA GeForce GTX 1650 with Max-Q Design",8,8,5,411041792,223.333860,209.606100,255.677100,16.626602,1.533088,1.490272,1.663424,0.065643,15.511388,15.468572,15.641724,0.065643,0.818700,5.435000,6.228300,1.496300,145.675822,14.398058,1.840481,268.113625,0.000000,0.000000,true
2048,2048,7,box,cuda_multi_output,"NVIDIA GeForce GTX 1650 with Max-Q Design",8,8,5,411041792,223.333860,209.606100,255.677100,16.626602,3.015354,2.985632,3.071040,0.029707,18.057854,18.028132,18.113540,0.029707,0.629200,7.257700,6.149900,1.005700,74.065564,12.367686,1.840481,136.316285,0.000000,0.000000,true
2048,2048,7,box,cuda_register_tiled,"NVIDIA GeForce GTX 1650 with Max-Q Design",8,8,5,411041792,223.333860,209.606100,255.677100,16.626602,2.693779,2.680640,2.723168,0.015093,16.591179,16.578040,16.620568,0.015093,1.126100,5.820900,5.570900,1.379500,82.907263,13.461000,1.840481,152.589267,0.000000,0.000000,true
2048,2048,7,box,cuda_separable,"NVIDIA GeForce GTX 1650 with Max-Q Design",8,8,5,117440512,223.333860,209.606100,255.677100,16.626602,1.181562,1.175744,1.192896,0.006525,17.457962,17.452144,17.469296,0.006525,0.715900,7.780100,6.849800,0.930600,189.015843,12.792665,0.525852,99.394321,0.000000,0.000000,true
2048,2048,7,box,cuda_naive_global_memory,"NVIDIA GeForce GTX 1650 with Max-Q Design",16,16,5,411041792,223.333860,209.606100,255.677100,16.626602,1.854586,1.839104,1.903040,0.024454,16.151186,16.135704,16.199640,0.024454,0.987700,4.181100,8.118600,1.009200,120.422512,13.827707,1.840481,221.635381,0.000000,0.000000,true
2048,2048,7,box,cuda_shared_memory_tiled,"NVIDIA GeForce GTX 1650 with Max-Q Design",16,16,5,411041792,223.333860,209.606100,255.677100,16.626602,1.802573,1.772384,1.865984,0.033781,16.883173,16.852984,16.946584,0.033781,0.539100,6.020500,7.074600,1.446400,123.897276,13.228193,1.840481,228.030620,0.000000,0.000000,true
2048,2048,7,box,cuda_shared_constant_filter,"NVIDIA GeForce GTX 1650 with Max-Q Design",16,16,5,411041792,223.333860,209.606100,255.677100,16.626602,1.264358,1.259168,1.278144,0.007007,18.214358,18.209168,18.228144,0.007007,0.313300,8.040100,7.473200,1.123400,176.638095,12.261418,1.840481,325.099111,0.000000,0.000000,true
2048,2048,7,box,cuda_multi_output,"NVIDIA GeForce GTX 1650 with Max-Q Design",16,16,5,411041792,223.333860,209.606100,255.677100,16.626602,1.731136,1.721664,1.757888,0.013957,15.804436,15.794964,15.831188,0.013957,0.588800,4.877900,7.798600,0.808000,129.010005,14.131087,1.840481,237.440502,0.000000,0.000000,true
2048,2048,7,box,cuda_register_tiled,"NVIDIA GeForce GTX 1650 with Max-Q Design",16,16,5,411041792,223.333860,209.606100,255.677100,16.626602,1.470886,1.462368,1.476800,0.004705,13.982486,13.973968,13.988400,0.004705,0.669000,6.311600,4.625400,0.905600,151.836240,15.972400,1.840481,279.451760,0.000000,0.000000,true
2048,2048,7,box,cuda_separable,"NVIDIA GeForce GTX 1650 with Max-Q Design",16,16,5,117440512,223.333860,209.606100,255.677100,16.626602,0.925606,0.919328,0.935552,0.005346,12.593906,12.587628,12.603852,0.005346,0.775700,4.901900,4.633600,1.357100,241.283835,17.733486,0.525852,126.879538,0.000000,0.000000,true
2048,2048,7,box,cuda_naive_global_memory,"NVIDIA GeForce GTX 1650 with Max-Q Design",32,8,5,411041792,223.333860,209.606100,255.677100,16.626602,1.565798,1.550400,1.613824,0.024275,16.118298,16.102900,16.166324,0.024275,1.002200,4.688800,7.963200,0.898300,142.632576,13.855920,1.840481,262.512589,0.000000,0.000000,true
2048,2048,7,box,cuda_shared_memory_tiled,"NVIDIA GeForce GTX 1650 with Max-Q Design",32,8,5,411041792,223.333860,209.606100,255.677100,16.626602,1.374810,1.368480,1.386496,0.006115,14.698010,14.691680,14.709696,0.006115,0.678900,7.022100,4.853800,0.768400,162.447123,15.194837,1.840481,298.980891,0.000000,0.000000,true
2048,2048,7,box,cuda_shared_constant_filter,"NVIDIA GeForce GTX 1650 with Max-Q Design",32,8,5,411041792,223.333860,209.606100,255.677100,16.626602,1.050086,1.021856,1.125632,0.038364,12.923486,12.895256,12.999032,0.038364,0.693600,5.208800,5.149400,0.821600,212.681413,17.281239,1.840481,391.436163,0.000000,0.000000,true
2048,2048,7,box,cuda_multi_output,"NVIDIA GeForce GTX 1650 with Max-Q Design",32,8,5,411041792,223.333860,209.606100,255.677100,16.626602,1.724166,1.710016,1.761504,0.019912,17.046766,17.032616,17.084104,0.019912,1.204200,4.953100,8.341700,0.823600,129.531499,13.101245,1.840481,238.400301,0.000000,0.000000,true
2048,2048,7,box,cuda_register_tiled,"NVIDIA GeForce GTX 1650 with Max-Q Design",32,8,5,411041792,223.333860,209.606100,255.677100,16.626602,1.476000,1.447936,1.550336,0.037946,15.001200,14.973136,15.075536,0.037946,1.195600,5.984700,5.338700,1.006200,151.310201,14.887733,1.840481,278.483595,0.000000,0.000000,true
2048,2048,7,box,cuda_separable,"NVIDIA GeForce GTX 1650 with Max-Q Design",32,8,5,117440512,223.333860,209.606100,255.677100,16.626602,0.887968,0.880960,0.894976,0.005393,15.358168,15.351160,15.365176,0.005393,0.346600,5.777500,5.832000,2.514100,251.511157,14.541699,0.525852,132.257594,0.000000,0.000000,true
2048,2048,7,box,cuda_naive_global_memory,"NVIDIA GeForce GTX 1650 with Max-Q Design",32,16,5,411041792,223.333860,209.606100,255.677100,16.626602,1.764090,1.743296,1.827296,0.031840,15.694690,15.673896,15.757896,0.031840,0.295700,7.543800,5.236800,0.854300,126.600066,14.229900,1.840481,233.005053,0.000000,0.000000,true
2048,2048,7,box,cuda_shared_memory_tiled,"NVIDIA GeForce GTX 1650 with Max-Q Design",32,16,5,411041792,223.333860,209.606100,255.677100,16.626602,1.420077,1.402624,1.481984,0.030987,15.715077,15.697624,15.776984,0.030987,1.362100,5.087600,5.977400,1.867900,157.268860,14.211439,1.840481,289.450396,0.000000,0.000000,true
2048,2048,7,box,cuda_shared_constant_filter,"NVIDIA GeForce GTX 1650 with Max-Q Design",32,16,5,411041792,223.333860,209.606100,255.677100,16.626602,1.090003,1.069248,1.124064,0.020803,16.537503,16.516748,16.571564,0.020803,0.452900,7.922800,6.381200,0.690600,204.892852,13.504690,1.840481,377.101461,0.000000,0.000000,true
2048,2048,7,box,cuda_multi_output,"NVIDIA GeForce GTX 1650 with Max-Q Design",32,16,5,411041792,223.333860,209.606100,255.677100,16.626602,1.718918,1.703872,1.762048,0.022193,15.335218,15.320172,15.378348,0.022193,0.332400,5.656500,5.937200,1.690200,129.926973,14.563461,1.840481,239.128163,0.000000,0.000000,true
2048,2048,7,box,cuda_register_tiled,"NVIDIA GeForce GTX 1650 with Max-Q Design",32,16,5,411041792,223.333860,209.606100,255.677100,16.626602,1.483539,1.457856,1.540256,0.031425,19.677039,19.651356,19.733756,0.031425,0.295900,7.841400,7.982300,2.073900,150.541257,11.349973,1.840481,277.068368,0.000000,0.000000,true
2048,2048,7,box,cuda_separable,"NVIDIA GeForce GTX 1650 with Max-Q Design",32,16,5,117440512,223.333860,209.606100,255.677100,16.626602,0.994432,0.989568,1.007616,0.006657,17.214032,17.209168,17.227216,0.006657,0.602700,6.563300,7.772200,1.281400,224.584344,12.973942,0.525852,118.098081,0.000000,0.000000,true
2048,2048,7,gaussian,cuda_naive_global_memory,"NVIDIA GeForce GTX 1650 with Max-Q Design",8,8,5,411041792,211.651120,206.972500,216.716700,3.490086,2.856166,2.818656,2.913504,0.032939,15.478266,15.440756,15.535604,0.032939,0.765200,5.595500,4.895200,1.366200,74.103218,13.674084,1.942072,143.913813,0.000000,0.000000,true
2048,2048,7,gaussian,cuda_shared_memory_tiled,"NVIDIA GeForce GTX 1650 with Max-Q Design",8,8,5,411041792,211.651120,206.972500,216.716700,3.490086,2.006093,1.999616,2.021536,0.008000,16.545793,16.539316,16.561236,0.008000,1.173800,5.173800,7.353700,0.838400,105.504152,12.791839,1.942072,204.896698,0.000000,0.000000,true
2048,2048,7,gaussian,cuda_shared_constant_filter,"NVIDIA GeForce GTX 1650 with Max-Q Design",8,8,5,411041792,211.651120,206.972500,216.716700,3.490086,1.455558,1.437536,1.495200,0.020670,14.475458,14.457436,14.515100,0.020670,1.664100,4.885400,4.972500,1.497900,145.408883,14.621376,1.942072,282.394573,0.000000,0.000000,true
2048,2048,7,gaussian,cuda_multi_output,"NVIDIA GeForce GTX 1650 with Max-Q Design",8,8,5,411041792,211.651120,206.972500,216.716700,3.490086,2.866048,2.853504,2.896416,0.015508,17.306748,17.294204,17.337116,0.015508,0.301100,5.922600,6.295800,1.921200,73.847723,12.229399,1.942072,143.417623,0.000000,0.000000,true
2048,2048,7,gaussian,cuda_register_tiled,"NVIDIA GeForce GTX 1650 with Max-Q Design",8,8,5,411041792,211.651120,206.972500,216.716700,3.490086,2.589677,2.566752,2.646976,0.029205,18.944677,18.921752,19.001976,0.029205,0.324600,7.865000,7.455600,0.709800,81.728779,11.172063,1.942072,158.723204,0.000000,0.000000,true
2048,2048,7,gaussian,cuda_separable,"NVIDIA GeForce GTX 1650 with Max-Q Design",8,8,5,117440512,211.651120,206.972500,216.716700,3.490086,1.160198,1.152704,1.169344,0.005433,15.382598,15.375104,15.391744,0.005433,0.954700,6.833100,5.005400,1.429200,182.426664,13.759127,0.554878,101.224510,0.000000,0.000000,true
2048,2048,7,gaussian,cuda_naive_global_memory,"NVIDIA GeForce GTX 1650 with Max-Q Design",16,16,5,411041792,211.651120,206.972500,216.716700,3.490086,1.760518,1.750528,1.775616,0.008528,14.983518,14.973528,14.998616,0.008528,0.330000,4.574800,7.478800,0.839400,120.220909,14.125596,1.942072,233.477705,0.000000,0.000000,true
2048,2048,7,gaussian,cuda_shared_memory_tiled,"NVIDIA GeForce GTX 1650 with Max-Q Design",16,16,5,411041792,211.651120,206.972500,216.716700,3.490086,1.778502,1.773248,1.789888,0.006432,16.051802,16.046548,16.063188,0.006432,1.563200,4.929200,6.168400,1.612500,119.005249,13.185505,1.942072,231.116806,0.000000,0.000000,true
2048,2048,7,gaussian,cuda_shared_constant_filter,"NVIDIA GeForce GTX 1650 with Max-Q Design",16,16,5,411041792,211.651120,206.972500,216.716700,3.490086,1.273728,1.261568,1.298464,0.013453,16.084028,16.071868,16.108764,0.013453,0.292900,7.578600,6.225900,0.712900,166.166656,13.159087,1.942072,322.707670,0.000000,0.000000,true
2048,2048,7,gaussian,cuda_multi_output,"NVIDIA GeForce GTX 1650 with Max-Q Design",16,16,5,411041792,211.651120,206.972500,216.716700,3.490086,1.742976,1.726528,1.802240,0.029716,15.397076,15.380628,15.456340,0.029716,0.771200,5.939100,5.889500,1.054300,121.430885,13.746189,1.942072,235.827566,0.000000,0.000000,true
2048,2048,7,gaussian,cuda_register_tiled,"NVIDIA GeForce GTX 1650 with Max-Q Design",16,16,5,411041792,211.651120,206.972500,216.716700,3.490086,1.460333,1.455872,1.466112,0.003931,15.568533,15.564072,15.574312,0.003931,0.307000,7.274000,5.824500,0.702700,144.933481,13.594802,1.942072,281.471310,0.000000,0.000000,true
2048,2048,7,gaussian,cuda_separable,"NVIDIA GeForce GTX 1650 with Max-Q Design",16,16,5,117440512,211.651120,206.972500,216.716700,3.490086,0.914477,0.905824,0.931840,0.009332,22.525377,22.516724,22.542740,0.009332,6.190100,7.618400,6.809100,0.993300,231.445040,9.396119,0.554878,128.423719,0.000000,0.000000,true
2048,2048,7,gaussian,cuda_naive_global_memory,"NVIDIA GeForce GTX 1650 with Max-Q Design",32,8,5,411041792,211.651120,206.972500,216.716700,3.490086,1.578310,1.557984,1.615872,0.022917,15.410510,15.390184,15.448072,0.022917,0.818900,5.756400,5.333600,1.923300,134.099807,13.734206,1.942072,260.431531,0.000000,0.000000,true
2048,2048,7,gaussian,cuda_shared_memory_tiled,"NVIDIA GeForce GTX 1650 with Max-Q Design",32,8,5,411041792,211.651120,206.972500,216.716700,3.490086,1.359520,1.357600,1.364960,0.002785,16.093120,16.091200,16.098560,0.002785,0.404100,5.386900,8.148200,0.794400,155.680774,13.151652,1.942072,302.343330,0.000000,0.000000,true
2048,2048,7,gaussian,cuda_shared_constant_filter,"NVIDIA GeForce GTX 1650 with Max-Q Design",32,8,5,411041792,211.651120,206.972500,216.716700,3.490086,1.032147,1.015200,1.042432,0.009884,16.079147,16.062200,16.089432,0.009884,0.944300,7.593900,5.523100,0.985700,205.059047,13.163081,1.942072,398.239510,0.000000,0.000000,true
2048,2048,7,gaussian,cuda_multi_output,"NVIDIA GeForce GTX 1650 with Max-Q Design",32,8,5,411041792,211.651120,206.972500,216.716700,3.490086,1.714138,1.710080,1.725824,0.005902,16.152038,16.147980,16.163724,0.005902,1.167700,5.087000,7.373700,0.809500,123.473820,13.103679,1.942072,239.795093,0.000000,0.000000,true
2048,2048,7,gaussian,cuda_register_tiled,"NVIDIA GeForce GTX 1650 with Max-Q Design",32,8,5,411041792,211.651120,206.972500,216.716700,3.490086,1.470861,1.461984,1.485472,0.008057,14.916361,14.907484,14.930972,0.008057,1.308100,5.882900,4.936000,1.318500,143.896092,14.189193,1.942072,279.456625,0.000000,0.000000,true
2048,2048,7,gaussian,cuda_separable,"NVIDIA GeForce GTX 1650 with Max-Q Design",32,8,5,117440512,211.651120,206.972500,216.716700,3.490086,0.882886,0.880832,0.886784,0.002038,17.071986,17.069932,17.075884,0.002038,0.358300,6.862000,6.625000,2.343800,239.726335,12.397568,0.554878,133.018826,0.000000,0.000000,true
2048,2048,7,gaussian,cuda_naive_global_memory,"NVIDIA GeForce GTX 1650 with Max-Q Design",32,16,5,411041792,211.651120,206.972500,216.716700,3.490086,1.798970,1.765952,1.872416,0.042233,18.274570,18.241552,18.348016,0.042233,0.523300,7.322400,6.115000,2.514900,117.651304,11.581729,1.942072,228.487347,0.000000,0.000000,true
2048,2048,7,gaussian,cuda_shared_memory_tiled,"NVIDIA GeForce GTX 1650 with Max-Q Design",32,16,5,411041792,211.651120,206.972500,216.716700,3.490086,1.435571,1.425824,1.458176,0.012056,16.446371,16.436624,16.468976,0.012056,0.319800,7.662900,6.360100,0.668000,147.433385,12.869168,1.942072,286.326303,0.000000,0.000000,true
2048,2048,7,gaussian,cuda_shared_constant_filter,"NVIDIA GeForce GTX 1650 with Max-Q Design",32,16,5,411041792,211.651120,206.972500,216.716700,3.490086,1.104115,1.087456,1.142336,0.019924,12.548715,12.532056,12.586936,0.019924,1.290800,4.472300,4.612200,1.069300,191.692964,16.866358,1.942072,372.281609,0.000000,0.000000,true
2048,2048,7,gaussian,cuda_multi_output,"NVIDIA GeForce GTX 1650 with Max-Q Design",32,16,5,411041792,211.651120,206.972500,216.716700,3.490086,1.735290,1.717504,1.797952,0.031430,15.948390,15.930604,16.011052,0.031430,1.134200,4.268800,7.912800,0.897300,121.968758,13.271003,1.942072,236.872155,0.000000,0.000000,true
2048,2048,7,gaussian,cuda_register_tiled,"NVIDIA GeForce GTX 1650 with Max-Q Design",32,16,5,411041792,211.651120,206.972500,216.716700,3.490086,1.467245,1.462560,1.473280,0.004727,14.449845,14.445160,14.455880,0.004727,0.719600,6.574800,4.783900,0.904300,144.250719,14.647294,1.942072,280.145336,0.000000,0.000000,true
2048,2048,7,gaussian,cuda_separable,"NVIDIA GeForce GTX 1650 with Max-Q Design",32,16,5,117440512,211.651120,206.972500,216.716700,3.490086,1.016448,0.991200,1.062368,0.027600,18.875348,18.850100,18.921268,0.027600,0.753200,8.279400,7.889100,0.937200,208.226218,11.213098,0.554878,115.540110,0.000000,0.000000,true
2048,2048,7,sharpen,cuda_naive_global_memory,"NVIDIA GeForce GTX 1650 with Max-Q Design",8,8,5,411041792,219.954180,213.953100,226.786600,4.357718,2.835770,2.814528,2.880384,0.023074,17.866970,17.845728,17.911584,0.023074,0.302900,5.788200,6.622000,2.318100,77.564193,12.310660,1.868761,144.948938,0.000001,0.000000,true
2048,2048,7,sharpen,cuda_shared_memory_tiled,"NVIDIA GeForce GTX 1650 with Max-Q Design",8,8,5,411041792,219.954180,213.953100,226.786600,4.357718,1.958566,1.934336,1.985056,0.018965,17.754066,17.729836,17.780556,0.018965,0.384000,7.994700,5.747300,1.669500,112.303664,12.388947,1.868761,209.868706,0.000001,0.000000,true
2048,2048,7,sharpen,cuda_shared_constant_filter,"NVIDIA GeForce GTX 1650 with Max-Q Design",8,8,5,411041792,219.954180,213.953100,226.786600,4.357718,1.453818,1.439520,1.488640,0.017669,15.724618,15.710320,15.759440,0.017669,0.324600,8.275000,4.937000,0.734200,151.294206,13.987887,1.868761,282.732710,0.000001,0.000000,true
2048,2048,7,sharpen,cuda_multi_output,"NVIDIA GeForce GTX 1650 with Max-Q Design",8,8,5,411041792,219.954180,213.953100,226.786600,4.357718,2.923277,2.860704,3.013344,0.059539,14.197677,14.135104,14.287744,0.059539,1.138700,4.630000,4.583400,0.922300,75.242339,15.492266,1.868761,140.609948,0.000001,0.000000,true
2048,2048,7,sharpen,cuda_register_tiled,"NVIDIA GeForce GTX 1650 with Max-Q Design",8,8,5,411041792,219.954180,213.953100,226.786600,4.357718,2.674906,2.658304,2.705408,0.017415,13.518606,13.502004,13.549108,0.017415,0.450600,4.677100,4.769400,0.946600,82.228764,16.270478,1.868761,153.665907,0.000001,0.000000,true
2048,2048,7,sharpen,cuda_naive_global_memory,"NVIDIA GeForce GTX 1650 with Max-Q Design",16,16,5,411041792,219.954180,213.953100,226.786600,4.357718,1.792838,1.779712,1.808704,0.010936,15.818438,15.805312,15.834304,0.010936,1.381500,4.269100,7.586200,0.788800,122.684888,13.904924,1.868761,229.268734,0.000001,0.000000,true
2048,2048,7,sharpen,cuda_shared_memory_tiled,"NVIDIA GeForce GTX 1650 with Max-Q Design",16,16,5,411041792,219.954180,213.953100,226.786600,4.357718,1.814886,1.804288,1.830912,0.010923,15.948986,15.938388,15.965012,0.010923,0.616200,7.022900,5.535100,0.959900,121.194461,13.791107,1.868761,226.483482,0.000001,0.000000,true
2048,2048,7,sharpen,cuda_shared_constant_filter,"NVIDIA GeForce GTX 1650 with Max-Q Design",16,16,5,411041792,219.954180,213.953100,226.786600,4.357718,1.282688,1.271232,1.294336,0.008850,15.424988,15.413532,15.436636,0.008850,0.299200,5.540400,7.505900,0.796800,171.479097,14.259601,1.868761,320.453448,0.000001,0.000000,true
2048,2048,7,sharpen,cuda_multi_output,"NVIDIA GeForce GTX 1650 with Max-Q Design",16,16,5,411041792,219.954180,213.953100,226.786600,4.357718,1.745331,1.739520,1.751424,0.004764,15.741231,15.735420,15.747324,0.004764,0.582400,6.824400,5.171800,1.417300,126.024322,13.973124,1.868761,235.509337,0.000001,0.000000,true
2048,2048,7,sharpen,cuda_register_tiled,"NVIDIA GeForce GTX 1650 with Max-Q Design",16,16,5,411041792,219.954180,213.953100,226.786600,4.357718,1.485914,1.469728,1.526432,0.020840,15.839914,15.823728,15.880432,0.020840,0.285800,5.768600,7.591300,0.708300,148.026223,13.886072,1.868761,276.625632,0.000001,0.000000,true
2048,2048,7,sharpen,cuda_naive_global_memory,"NVIDIA GeForce GTX 1650 with Max-Q Design",32,8,5,411041792,219.954180,213.953100,226.786600,4.357718,1.561869,1.552256,1.583584,0.011168,16.605969,16.596356,16.627684,0.011168,0.959000,5.748600,7.237700,1.098800,140.827566,13.245489,1.868761,263.173063,0.000001,0.000000,true
2048,2048,7,sharpen,cuda_shared_memory_tiled,"NVIDIA GeForce GTX 1650 with Max-Q Design",32,8,5,411041792,219.954180,213.953100,226.786600,4.357718,1.391386,1.382368,1.413312,0.011543,16.052886,16.043868,16.074812,0.011543,0.292000,7.332400,6.123000,0.914100,158.082835,13.701847,1.868761,295.419035,0.000001,0.000000,true
2048,2048,7,sharpen,cuda_shared_constant_filter,"NVIDIA GeForce GTX 1650 with Max-Q Design",32,8,5,411041792,219.954180,213.953100,226.786600,4.357718,1.033485,1.019904,1.048736,0.011347,12.955885,12.942304,12.971136,0.011347,0.523400,5.758100,4.720000,0.920900,212.827689,16.977164,1.868761,397.724084,0.000001,0.000000,true
2048,2048,7,sharpen,cuda_multi_output,"NVIDIA GeForce GTX 1650 with Max-Q Design",32,8,5,411041792,219.954180,213.953100,226.786600,4.357718,1.765421,1.725088,1.815232,0.033917,16.734021,16.693688,16.783832,0.033917,1.903800,4.189100,8.056800,0.818900,124.590227,13.144132,1.868761,232.829356,0.000001,0.000000,true
2048,2048,7,sharpen,cuda_register_tiled,"NVIDIA GeForce GTX 1650 with Max-Q Design",32,8,5,411041792,219.954180,213.953100,226.786600,4.357718,1.449581,1.435616,1.479168,0.016503,14.139681,14.125716,14.169268,0.016503,0.480000,6.670700,4.694400,0.845000,151.736404,15.555809,1.868761,283.559073,0.000001,0.000000,true
2048,2048,7,sharpen,cuda_naive_global_memory,"NVIDIA GeForce GTX 1650 with Max-Q Design",32,16,5,411041792,219.954180,213.953100,226.786600,4.357718,1.741734,1.735264,1.752128,0.005725,16.309634,16.303164,16.320028,0.005725,1.297700,4.725600,7.745300,0.799300,126.284571,13.486150,1.868761,235.995681,0.000001,0.000000,true
2048,2048,7,sharpen,cuda_shared_memory_tiled,"NVIDIA GeForce GTX 1650 with Max-Q Design",32,16,5,411041792,219.954180,213.953100,226.786600,4.357718,1.432237,1.407872,1.482624,0.027531,15.139737,15.115372,15.190124,0.027531,0.291900,7.444200,5.219000,0.752400,153.573891,14.528270,1.868761,286.992897,0.000001,0.000000,true
2048,2048,7,sharpen,cuda_shared_constant_filter,"NVIDIA GeForce GTX 1650 with Max-Q Design",32,16,5,411041792,219.954180,213.953100,226.786600,4.357718,1.088998,1.074880,1.106528,0.011596,12.769498,12.755380,12.787028,0.011596,1.619000,4.303500,4.924900,0.833100,201.978421,17.224966,1.868761,377.449395,0.000001,0.000000,true
2048,2048,7,sharpen,cuda_multi_output,"NVIDIA GeForce GTX 1650 with Max-Q Design",32,16,5,411041792,219.954180,213.953100,226.786600,4.357718,1.712896,1.702048,1.743552,0.015478,15.193196,15.182348,15.223852,0.015478,0.323600,4.604600,7.739800,0.812300,128.410704,14.477150,1.868761,239.968915,0.000001,0.000000,true
2048,2048,7,sharpen,cuda_register_tiled,"NVIDIA GeForce GTX 1650 with Max-Q Design",32,16,5,411041792,219.954180,213.953100,226.786600,4.357718,1.476493,1.458240,1.519424,0.022693,14.448593,14.430340,14.491524,0.022693,0.734100,6.871100,4.665500,0.701400,148.970711,15.223225,1.868761,278.390654,0.000001,0.000000,true
2048,2048,7,sobel,cuda_naive_global_memory,"NVIDIA GeForce GTX 1650 with Max-Q Design",8,8,5,411041792,214.011160,208.300200,233.956000,9.979654,2.863923,2.816576,2.943936,0.053652,15.498923,15.451576,15.578936,0.053652,0.595800,4.834200,5.460000,1.745000,74.726570,13.808131,1.920656,143.524027,0.000000,0.000000,true
2048,2048,7,sobel,cuda_shared_memory_tiled,"NVIDIA GeForce GTX 1650 with Max-Q Design",8,8,5,411041792,214.011160,208.300200,233.956000,9.979654,1.978042,1.945472,2.064768,0.045746,17.875142,17.842572,17.961868,0.045746,0.414400,8.525100,5.758200,1.199400,108.193458,11.972557,1.920656,207.802400,0.000000,0.000000,true
2048,2048,7,sobel,cuda_shared_constant_filter,"NVIDIA GeForce GTX 1650 with Max-Q Design",8,8,5,411041792,214.011160,208.300200,233.956000,9.979654,1.456166,1.441792,1.472512,0.011634,16.675466,16.661092,16.691812,0.011634,0.327300,7.930800,6.132000,0.829200,146.968892,12.833894,1.920656,282.276665,0.000000,0.000000,true
2048,2048,7,sobel,cuda_multi_output,"NVIDIA GeForce GTX 1650 with Max-Q Design",8,8,5,411041792,214.011160,208.300200,233.956000,9.979654,2.869088,2.854464,2.905728,0.019149,19.838688,19.824064,19.875328,0.019149,0.566400,7.294300,8.143700,0.965200,74.592052,10.787566,1.920656,143.265663,0.000000,0.000000,true
2048,2048,7,sobel,cuda_register_tiled,"NVIDIA GeForce GTX 1650 with Max-Q Design",8,8,5,411041792,214.011160,208.300200,233.956000,9.979654,2.603642,2.576960,2.635776,0.021878,14.547042,14.520360,14.579176,0.021878,0.619900,4.938500,5.528800,0.856200,82.196857,14.711662,1.920656,157.871876,0.000000,0.000000,true
2048,2048,7,sobel,cuda_naive_global_memory,"NVIDIA GeForce GTX 1650 with Max-Q Design",16,16,5,411041792,214.011160,208.300200,233.956000,9.979654,1.791053,1.768224,1.845216,0.028483,15.509153,15.486324,15.563316,0.028483,0.354000,7.309900,5.203500,0.850700,119.489029,13.799023,1.920656,229.497306,0.000000,0.000000,true
2048,2048,7,sobel,cuda_shared_memory_tiled,"NVIDIA GeForce GTX 1650 with Max-Q Design",16,16,5,411041792,214.011160,208.300200,233.956000,9.979654,1.847731,1.804288,2.019648,0.085959,15.053331,15.009888,15.225248,0.085959,0.529100,4.593500,7.154800,0.928200,115.823751,14.216864,1.920656,222.457569,0.000000,0.000000,true
2048,2048,7,sobel,cuda_shared_constant_filter,"NVIDIA GeForce GTX 1650 with Max-Q Design",16,16,5,411041792,214.011160,208.300200,233.956000,9.979654,1.288230,1.268640,1.302784,0.011850,13.915130,13.895540,13.929684,0.011850,0.353800,6.425600,5.026800,0.820700,166.128013,15.379745,1.920656,319.074745,0.000000,0.000000,true
2048,2048,7,sobel,cuda_multi_output,"NVIDIA GeForce GTX 1650 with Max-Q Design",16,16,5,411041792,214.011160,208.300200,233.956000,9.979654,1.748205,1.736704,1.787904,0.019901,15.538405,15.526904,15.578104,0.019901,0.292100,4.882200,7.731300,0.884600,122.417671,13.773046,1.920656,235.122219,0.000000,0.000000,true
2048,2048,7,sobel,cuda_register_tiled,"NVIDIA GeForce GTX 1650 with Max-Q Design",16,16,5,411041792,214.011160,208.300200,233.956000,9.979654,1.506144,1.473536,1.538272,0.022382,13.875244,13.842636,13.907372,0.022382,0.391200,5.896800,4.809100,1.272000,142.092095,15.423956,1.920656,272.910018,0.000000,0.000000,true
2048,2048,7,sobel,cuda_naive_global_memory,"NVIDIA GeForce GTX 1650 with Max-Q Design",32,8,5,411041792,214.011160,208.300200,233.956000,9.979654,1.555322,1.549312,1.564256,0.005081,15.571322,15.565312,15.580256,0.005081,0.473100,5.085100,7.605300,0.852500,137.599298,13.743930,1.920656,264.280900,0.000000,0.000000,true
2048,2048,7,sobel,cuda_shared_memory_tiled,"NVIDIA GeForce GTX 1650 with Max-Q Design",32,8,5,411041792,214.011160,208.300200,233.956000,9.979654,1.391482,1.372512,1.427456,0.018915,14.503082,14.484112,14.539056,0.018915,0.512600,6.760400,4.804400,1.034200,153.800925,14.756254,1.920656,295.398651,0.000000,0.000000,true
2048,2048,7,sobel,cuda_shared_constant_filter,"NVIDIA GeForce GTX 1650 with Max-Q Design",32,8,5,411041792,214.011160,208.300200,233.956000,9.979654,1.047264,1.021472,1.095680,0.032139,12.644664,12.618872,12.693080,0.032139,0.614800,4.584700,5.202300,1.195600,204.352636,16.925018,1.920656,392.491092,0.000000,0.000000,true
2048,2048,7,sobel,cuda_multi_output,"NVIDIA GeForce GTX 1650 with Max-Q Design",32,8,5,411041792,214.011160,208.300200,233.956000,9.979654,1.752813,1.726752,1.797504,0.031148,15.471413,15.445352,15.516104,0.031148,0.501900,7.096800,5.296500,0.823400,122.095844,13.832684,1.920656,234.504100,0.000000,0.000000,true
2048,2048,7,sobel,cuda_register_tiled,"NVIDIA GeForce GTX 1650 with Max-Q Design",32,8,5,411041792,214.011160,208.300200,233.956000,9.979654,1.487078,1.451808,1.569536,0.041989,51.515378,51.480108,51.597836,0.041989,1.222600,7.442700,10.528800,30.834200,143.913838,4.154316,1.920656,276.408958,0.000000,0.000000,true
2048,2048,7,sobel,cuda_naive_global_memory,"NVIDIA GeForce GTX 1650 with Max-Q Design",32,16,5,411041792,214.011160,208.300200,233.956000,9.979654,1.824646,1.746336,1.955840,0.073000,27.985046,27.906736,28.116240,0.073000,9.547600,8.426000,6.796200,1.390600,117.289114,7.647340,1.920656,225.272026,0.000000,0.000000,true
2048,2048,7,sobel,cuda_shared_memory_tiled,"NVIDIA GeForce GTX 1650 with Max-Q Design",32,16,5,411041792,214.011160,208.300200,233.956000,9.979654,1.429421,1.416864,1.447936,0.013397,15.281421,15.268864,15.299936,0.013397,0.423000,7.181300,5.662400,0.585300,149.718792,14.004664,1.920656,287.558278,0.000000,0.000000,true
2048,2048,7,sobel,cuda_shared_constant_filter,"NVIDIA GeForce GTX 1650 with Max-Q Design",32,16,5,411041792,214.011160,208.300200,233.956000,9.979654,1.090566,1.081344,1.104960,0.008712,13.271466,13.262244,13.285860,0.008712,1.646000,4.603500,5.056200,0.875200,196.238542,16.125660,1.920656,376.906709,0.000000,0.000000,true
2048,2048,7,sobel,cuda_multi_output,"NVIDIA GeForce GTX 1650 with Max-Q Design",32,16,5,411041792,214.011160,208.300200,233.956000,9.979654,1.709286,1.703712,1.722144,0.006996,15.293886,15.288312,15.306744,0.006996,0.320900,4.776700,7.812700,0.674300,125.204974,13.993249,1.920656,240.475669,0.000000,0.000000,true
2048,2048,7,sobel,cuda_register_tiled,"NVIDIA GeForce GTX 1650 with Max-Q Design",32,16,5,411041792,214.011160,208.300200,233.956000,9.979654,1.481901,1.463168,1.500288,0.011853,14.958201,14.939468,14.976588,0.011853,1.733500,5.131000,5.503900,1.107900,144.416659,14.307280,1.920656,277.374704,0.000000,0.000000,true
2048,2048,11,box,cuda_naive_global_memory,"NVIDIA GeForce GTX 1650 with Max-Q Design",8,8,5,1015021568,484.750060,476.791000,500.416500,8.181244,29.184601,29.136992,29.247295,0.047261,80.154401,80.106792,80.217095,0.047261,0.438200,28.182700,21.333700,1.015200,16.609789,6.047704,2.093907,34.779354,0.000000,0.000000,true
2048,2048,11,box,cuda_shared_memory_tiled,"NVIDIA GeForce GTX 1650 with Max-Q Design",8,8,5,1015021568,484.750060,476.791000,500.416500,8.181244,7.873677,7.830848,7.958912,0.045859,34.148877,34.106048,34.234112,0.045859,0.501700,17.300300,7.749300,0.723900,61.565907,14.195198,2.093907,128.913287,0.000000,0.000000,true
2048,2048,11,box,cuda_shared_constant_filter,"NVIDIA GeForce GTX 1650 with Max-Q Design",8,8,5,1015021568,484.750060,476.791000,500.416500,8.181244,5.547501,5.481952,5.594112,0.038733,20.043301,19.977752,20.089912,0.038733,0.542100,7.725700,5.339000,0.889000,87.381702,24.185141,2.093907,182.969161,0.000000,0.000000,true
2048,2048,11,box,cuda_multi_output,"NVIDIA GeForce GTX 1650 with Max-Q Design",8,8,5,1015021568,484.750060,476.791000,500.416500,8.181244,10.509152,7.471296,12.046080,1.864231,25.022252,21.984396,26.559180,1.864231,0.293400,6.518300,6.936500,0.764900,46.126468,19.372759,2.093907,96.584536,0.000000,0.000000,true
2048,2048,11,box,cuda_register_tiled,"NVIDIA GeForce GTX 1650 with Max-Q Design",8,8,5,1015021568,484.750060,476.791000,500.416500,8.181244,6.347520,6.300224,6.435776,0.048800,19.724620,19.677324,19.812876,0.048800,0.393900,6.176600,6.218500,0.588100,76.368417,24.575888,2.093907,159.908367,0.000000,0.000000,true
2048,2048,11,box,cuda_separable,"NVIDIA GeForce GTX 1650 with Max-Q Design",8,8,5,184549376,484.750060,476.791000,500.416500,8.181244,1.524160,1.501888,1.548416,0.015148,16.569260,16.546988,16.593516,0.015148,1.790500,5.136300,7.068800,1.049500,318.044076,29.255987,0.380710,121.082679,0.000000,0.000000,true
2048,2048,11,box,cuda_naive_global_memory,"NVIDIA GeForce GTX 1650 with Max-Q Design",16,16,5,1015021568,484.750060,476.791000,500.416500,8.181244,4.170099,4.131648,4.232288,0.036015,20.834599,20.796148,20.896788,0.036015,0.266400,7.771000,8.016800,0.610300,116.244252,23.266589,2.093907,243.404660,0.000000,0.000000,true
2048,2048,11,box,cuda_shared_memory_tiled,"NVIDIA GeForce GTX 1650 with Max-Q Design",16,16,5,1015021568,484.750060,476.791000,500.416500,8.181244,4.963366,4.943808,4.992864,0.018360,18.294166,18.274608,18.323664,0.018360,0.539200,6.688000,5.458200,0.645400,97.665580,26.497521,2.093907,204.502647,0.000000,0.000000,true
2048,2048,11,box,cuda_shared_constant_filter,"NVIDIA GeForce GTX 1650 with Max-Q Design",16,16,5,1015021568,484.750060,476.791000,500.416500,8.181244,2.951635,2.920384,3.000320,0.029538,25.364935,25.333684,25.413620,0.029538,12.699400,4.115200,4.808400,0.790300,164.231022,19.111031,2.093907,343.884494,0.000000,0.000000,true
2048,2048,11,box,cuda_multi_output,"NVIDIA GeForce GTX 1650 with Max-Q Design",16,16,5,1015021568,484.750060,476.791000,500.416500,8.181244,4.430566,4.324608,4.688608,0.134360,15.803466,15.697508,16.061508,0.134360,0.999900,4.977400,4.811700,0.583900,109.410404,30.673654,2.093907,229.095216,0.000000,0.000000,true
2048,2048,11,box,cuda_register_tiled,"NVIDIA GeForce GTX 1650 with Max-Q Design",16,16,5,1015021568,484.750060,476.791000,500.416500,8.181244,3.717517,3.659776,3.868672,0.079511,17.752917,17.695176,17.904072,0.079511,0.710100,4.755000,7.169100,1.401200,130.396199,27.305376,2.093907,273.037520,0.000000,0.000000,true
2048,2048,11,box,cuda_separable,"NVIDIA GeForce GTX 1650 with Max-Q Design",16,16,5,184549376,484.750060,476.791000,500.416500,8.181244,1.205805,1.188800,1.247584,0.021918,13.844005,13.827000,13.885784,0.021918,1.101500,5.698800,4.808600,1.029300,402.013717,35.015161,0.380710,153.050792,0.000000,0.000000,true
2048,2048,11,box,cuda_naive_global_memory,"NVIDIA GeForce GTX 1650 with Max-Q Design",32,8,5,1015021568,484.750060,476.791000,500.416500,8.181244,3.122106,3.091456,3.166048,0.028176,15.017806,14.987156,15.061748,0.028176,0.957200,4.502300,5.312400,1.123800,155.263826,32.278355,2.093907,325.108020,0.000000,0.000000,true
2048,2048,11,box,cuda_shared_memory_tiled,"NVIDIA GeForce GTX 1650 with Max-Q Design",32,8,5,1015021568,484.750060,476.791000,500.416500,8.181244,3.209805,3.141152,3.260608,0.045962,17.739105,17.670452,17.789908,0.045962,0.310700,6.225500,7.173800,0.819300,151.021665,27.326636,2.093907,316.225328,0.000000,0.000000,true
2048,2048,11,box,cuda_shared_constant_filter,"NVIDIA GeForce GTX 1650 with Max-Q Design",32,8,5,1015021568,484.750060,476.791000,500.416500,8.181244,1.736531,1.734080,1.740672,0.002207,16.964531,16.962080,16.968672,0.002207,1.148400,5.803000,6.273900,2.002700,279.148491,28.574327,2.093907,584.510993,0.000000,0.000000,true
2048,2048,11,box,cuda_multi_output,"NVIDIA GeForce GTX 1650 with Max-Q Design",32,8,5,1015021568,484.750060,476.791000,500.416500,8.181244,4.392397,4.330368,4.552864,0.084569,21.845797,21.783768,22.006264,0.084569,0.305000,8.187100,8.037300,0.924000,110.361171,22.189626,2.093907,231.086035,0.000000,0.000000,true
2048,2048,11,box,cuda_register_tiled,"NVIDIA GeForce GTX 1650 with Max-Q Design",32,8,5,1015021568,484.750060,476.791000,500.416500,8.181244,3.645984,3.610624,3.742848,0.049276,19.313184,19.277824,19.410048,0.049276,0.864900,6.277100,7.697400,0.827800,132.954523,25.099438,2.093907,278.394412,0.000000,0.000000,true
2048,2048,11,box,cuda_separable,"NVIDIA GeForce GTX 1650 with Max-Q Design",32,8,5,184549376,484.750060,476.791000,500.416500,8.181244,1.082118,1.065568,1.120960,0.020162,15.903218,15.886668,15.942060,0.020162,1.434200,6.140200,6.031500,1.215200,447.963969,30.481255,0.380710,170.544529,0.000000,0.000000,true
2048,2048,11,box,cuda_naive_global_memory,"NVIDIA GeForce GTX 1650 with Max-Q Design",32,16,5,1015021568,484.750060,476.791000,500.416500,8.181244,3.140928,3.123328,3.159008,0.015106,19.857528,19.839928,19.875608,0.015106,0.562100,10.256700,5.209700,0.688100,154.333389,24.411400,2.093907,323.159771,0.000000,0.000000,true
2048,2048,11,box,cuda_shared_memory_tiled,"NVIDIA GeForce GTX 1650 with Max-Q Design",32,16,5,1015021568,484.750060,476.791000,500.416500,8.181244,3.407565,3.285120,3.575456,0.111189,18.344765,18.222320,18.512656,0.111189,1.425600,4.642600,7.741100,1.127900,142.257034,26.424436,2.093907,297.873007,0.000000,0.000000,true
2048,2048,11,box,cuda_shared_constant_filter,"NVIDIA GeForce GTX 1650 with Max-Q Design",32,16,5,1015021568,484.750060,476.791000,500.416500,8.181244,1.725683,1.665248,1.831040,0.060731,15.718083,15.657648,15.823440,0.060731,0.549800,7.419700,4.942400,1.080500,280.903268,30.840278,2.093907,588.185332,0.000000,0.000000,true
2048,2048,11,box,cuda_multi_output,"NVIDIA GeForce GTX 1650 with Max-Q Design",32,16,5,1015021568,484.750060,476.791000,500.416500,8.181244,4.183917,4.150976,4.233536,0.032016,15.047917,15.014976,15.097536,0.032016,0.300700,5.204600,4.666100,0.692600,115.860350,32.213765,2.093907,242.600804,0.000000,0.000000,true
2048,2048,11,box,cuda_register_tiled,"NVIDIA GeForce GTX 1650 with Max-Q Design",32,16,5,1015021568,484.750060,476.791000,500.416500,8.181244,3.792768,3.664192,3.909664,0.091454,17.232668,17.104092,17.349564,0.091454,0.543600,4.575200,7.514700,0.806400,127.809048,28.129716,2.093907,267.620266,0.000000,0.000000,true
2048,2048,11,box,cuda_separable,"NVIDIA GeForce GTX 1650 with Max-Q Design",32,16,5,184549376,484.750060,476.791000,500.416500,8.181244,1.229459,1.200032,1.295456,0.034142,13.581059,13.551632,13.647056,0.034142,0.957500,5.070600,4.966000,1.357500,394.279090,35.693097,0.380710,150.106139,0.000000,0.000000,true
2048,2048,11,gaussian,cuda_naive_global_memory,"NVIDIA GeForce GTX 1650 with Max-Q Design",8,8,5,1015021568,482.360080,467.964400,498.946100,9.897359,34.172691,34.168610,34.174561,0.002146,84.503391,84.499310,84.505261,0.002146,0.307600,28.126700,20.822500,1.073900,14.115367,5.708174,2.104282,29.702711,0.000000,0.000000,true
2048,2048,11,gaussian,cuda_shared_memory_tiled,"NVIDIA GeForce GTX 1650 with Max-Q Design",8,8,5,1015021568,482.360080,467.964400,498.946100,9.897359,7.867584,7.823168,8.011776,0.072395,24.297084,24.252668,24.441276,0.072395,2.202600,8.792600,4.718500,0.715800,61.309810,19.852591,2.104282,129.013122,0.000000,0.000000,true
2048,2048,11,gaussian,cuda_shared_constant_filter,"NVIDIA GeForce GTX 1650 with Max-Q Design",8,8,5,1015021568,482.360080,467.964400,498.946100,9.897359,5.550381,5.482496,5.595840,0.047178,20.597081,20.529196,20.642540,0.047178,1.297700,5.517900,7.553600,0.677500,86.905765,23.418857,2.104282,182.874225,0.000000,0.000000,true
2048,2048,11,gaussian,cuda_multi_output,"NVIDIA GeForce GTX 1650 with Max-Q Design",8,8,5,1015021568,482.360080,467.964400,498.946100,9.897359,10.243597,7.560544,11.822464,1.938618,24.269597,21.586544,25.848464,1.938618,0.879200,7.116800,5.245000,0.785000,47.088937,19.875076,2.104282,99.088397,0.000000,0.000000,true
2048,2048,11,gaussian,cuda_register_tiled,"NVIDIA GeForce GTX 1650 with Max-Q Design",8,8,5,1015021568,482.360080,467.964400,498.946100,9.897359,6.425894,6.319392,6.561920,0.094273,21.398594,21.292092,21.534620,0.094273,1.250200,5.937300,6.647900,1.137300,75.065049,22.541671,2.104282,157.958021,0.000000,0.000000,true
2048,2048,11,gaussian,cuda_separable,"NVIDIA GeForce GTX 1650 with Max-Q Design",8,8,5,184549376,482.360080,467.964400,498.946100,9.897359,1.510400,1.501184,1.518432,0.006558,15.870000,15.860784,15.878032,0.006558,0.920200,7.178200,5.270800,0.990400,319.359166,30.394460,0.382597,122.185764,0.000000,0.000000,true
2048,2048,11,gaussian,cuda_naive_global_memory,"NVIDIA GeForce GTX 1650 with Max-Q Design",16,16,5,1015021568,482.360080,467.964400,498.946100,9.897359,4.227066,4.147424,4.384896,0.089121,17.752766,17.673124,17.910596,0.089121,1.180800,6.004300,5.613700,0.726900,114.112275,27.170982,2.104282,240.124391,0.000000,0.000000,true
2048,2048,11,gaussian,cuda_shared_memory_tiled,"NVIDIA GeForce GTX 1650 with Max-Q Design",16,16,5,1015021568,482.360080,467.964400,498.946100,9.897359,4.404614,4.327264,4.485120,0.063894,22.208714,22.131364,22.289220,0.063894,1.091200,7.998900,8.005100,0.708900,109.512443,21.719406,2.104282,230.445048,0.000000,0.000000,true
2048,2048,11,gaussian,cuda_shared_constant_filter,"NVIDIA GeForce GTX 1650 with Max-Q Design",16,16,5,1015021568,482.360080,467.964400,498.946100,9.897359,2.984768,2.928032,3.049312,0.050801,16.296368,16.239632,16.360912,0.050801,1.267800,5.972600,5.472800,0.598400,161.607227,29.599238,2.104282,340.067156,0.000000,0.000000,true
2048,2048,11,gaussian,cuda_multi_output,"NVIDIA GeForce GTX 1650 with Max-Q Design",16,16,5,1015021568,482.360080,467.964400,498.946100,9.897359,4.356429,4.252480,4.610752,0.132340,15.846629,15.742680,16.100952,0.132340,0.544300,4.941300,5.393900,0.610700,110.723737,30.439287,2.104282,232.993952,0.000000,0.000000,true
2048,2048,11,gaussian,cuda_register_tiled,"NVIDIA GeForce GTX 1650 with Max-Q Design",16,16,5,1015021568,482.360080,467.964400,498.946100,9.897359,3.764493,3.662432,4.026400,0.135795,18.120693,18.018632,18.382600,0.135795,1.302100,4.647800,7.043700,1.362600,128.134149,26.619296,2.104282,269.630365,0.000000,0.000000,true
2048,2048,11,gaussian,cuda_separable,"NVIDIA GeForce GTX 1650 with Max-Q Design",16,16,5,184549376,482.360080,467.964400,498.946100,9.897359,1.197933,1.179648,1.220608,0.017454,14.894133,14.875848,14.916808,0.017454,0.752800,5.011400,5.792900,2.139100,402.660378,32.385912,0.382597,154.056533,0.000000,0.000000,true
2048,2048,11,gaussian,cuda_naive_global_memory,"NVIDIA GeForce GTX 1650 with Max-Q Design",32,8,5,1015021568,482.360080,467.964400,498.946100,9.897359,3.115590,3.094240,3.132256,0.016951,18.506290,18.484940,18.522956,0.016951,0.316500,8.220700,5.957200,0.896300,154.821405,26.064655,2.104282,325.787874,0.000000,0.000000,true
2048,2048,11,gaussian,cuda_shared_memory_tiled,"NVIDIA GeForce GTX 1650 with Max-Q Design",32,8,5,1015021568,482.360080,467.964400,498.946100,9.897359,3.190067,3.141632,3.253696,0.047993,18.109667,18.061232,18.173296,0.047993,1.535900,4.722200,6.410700,2.250800,151.206871,26.635502,2.104282,318.181877,0.000000,0.000000,true
2048,2048,11,gaussian,cuda_shared_constant_filter,"NVIDIA GeForce GTX 1650 with Max-Q Design",32,8,5,1015021568,482.360080,467.964400,498.946100,9.897359,1.849133,1.818400,1.896480,0.026235,17.280633,17.249900,17.327980,0.026235,0.598700,7.986400,6.007700,0.838700,260.857457,27.913334,2.104282,548.917616,0.000000,0.000000,true
2048,2048,11,gaussian,cuda_multi_output,"NVIDIA GeForce GTX 1650 with Max-Q Design",32,8,5,1015021568,482.360080,467.964400,498.946100,9.897359,4.267194,4.203488,4.363776,0.066116,21.935494,21.871788,22.032076,0.066116,0.321200,8.344300,8.140200,0.862600,113.039183,21.989935,2.104282,237.866303,0.000000,0.000000,true
2048,2048,11,gaussian,cuda_register_tiled,"NVIDIA GeForce GTX 1650 with Max-Q Design",32,8,5,1015021568,482.360080,467.964400,498.946100,9.897359,3.708544,3.645728,3.805184,0.068668,19.084444,19.021628,19.181084,0.068668,0.440000,6.014500,8.013600,0.907800,130.067240,25.275040,2.104282,273.698135,0.000000,0.000000,true
2048,2048,11,gaussian,cuda_separable,"NVIDIA GeForce GTX 1650 with Max-Q Design",32,8,5,184549376,482.360080,467.964400,498.946100,9.897359,1.073862,1.062368,1.099776,0.013650,17.928662,17.917168,17.954576,0.013650,0.830800,8.228200,6.046700,1.749100,449.182387,26.904410,0.382597,171.855700,0.000000,0.000000,true
2048,2048,11,gaussian,cuda_naive_global_memory,"NVIDIA GeForce GTX 1650 with Max-Q Design",32,16,5,1015021568,482.360080,467.964400,498.946100,9.897359,3.199590,3.145760,3.293696,0.052674,19.201890,19.148060,19.295996,0.052674,0.350500,7.661500,7.096600,0.893700,150.756822,25.120448,2.104282,317.234846,0.000000,0.000000,true
2048,2048,11,gaussian,cuda_shared_memory_tiled,"NVIDIA GeForce GTX 1650 with Max-Q Design",32,16,5,1015021568,482.360080,467.964400,498.946100,9.897359,3.199078,3.125248,3.308384,0.087292,18.709178,18.635348,18.818484,0.087292,1.395700,5.562800,7.452800,1.098800,150.780949,25.782002,2.104282,317.285617,0.000000,0.000000,true
2048,2048,11,gaussian,cuda_shared_constant_filter,"NVIDIA GeForce GTX 1650 with Max-Q Design",32,16,5,1015021568,482.360080,467.964400,498.946100,9.897359,1.761632,1.728000,1.810112,0.029465,17.407532,17.373900,17.456012,0.029465,0.992800,5.962200,7.476500,1.214400,273.814325,27.709849,2.104282,576.182517,0.000000,0.000000,true
2048,2048,11,gaussian,cuda_multi_output,"NVIDIA GeForce GTX 1650 with Max-Q Design",32,16,5,1015021568,482.360080,467.964400,498.946100,9.897359,4.251590,4.206880,4.303328,0.032791,21.842990,21.798280,21.894728,0.032791,0.620800,7.579200,8.539100,0.852300,113.454035,22.083061,2.104282,238.739268,0.000000,0.000000,true
2048,2048,11,gaussian,cuda_register_tiled,"NVIDIA GeForce GTX 1650 with Max-Q Design",32,16,5,1015021568,482.360080,467.964400,498.946100,9.897359,3.712038,3.647296,3.794144,0.053446,18.765438,18.700696,18.847544,0.053446,0.720200,5.758600,7.846900,0.727700,129.944797,25.704706,2.104282,273.440480,0.000000,0.000000,true
2048,2048,11,gaussian,cuda_separable,"NVIDIA GeForce GTX 1650 with Max-Q Design",32,16,5,184549376,482.360080,467.964400,498.946100,9.897359,1.194714,1.191360,1.198304,0.002339,16.108714,16.105360,16.112304,0.002339,1.378500,6.696600,5.589900,1.249000,403.745361,29.944047,0.382597,154.471644,0.000000,0.000000,true
2048,2048,11,sharpen,cuda_naive_global_memory,"NVIDIA GeForce GTX 1650 with Max-Q Design",8,8,5,1015021568,535.893660,521.390500,557.902600,14.040711,34.176192,34.166622,34.187263,0.006858,84.530992,84.521422,84.542063,0.006858,0.304500,28.500500,20.642800,0.907000,15.680321,6.339612,1.894073,29.699669,0.000001,0.000000,true
2048,2048,11,sharpen,cuda_shared_memory_tiled,"NVIDIA GeForce GTX 1650 with Max-Q Design",8,8,5,1015021568,535.893660,521.390500,557.902600,14.040711,7.857529,7.820544,7.928992,0.042770,19.644129,19.607144,19.715592,0.042770,0.706900,5.284100,5.043800,0.751800,68.201292,27.280092,1.894073,129.178207,0.000001,0.000000,true
2048,2048,11,sharpen,cuda_shared_constant_filter,"NVIDIA GeForce GTX 1650 with Max-Q Design",8,8,5,1015021568,535.893660,521.390500,557.902600,14.040711,5.518867,5.476224,5.619680,0.051662,19.522767,19.480124,19.623580,0.051662,0.376100,5.818000,6.430000,1.379800,97.102113,27.449677,1.894073,183.918465,0.000001,0.000000,true
2048,2048,11,sharpen,cuda_multi_output,"NVIDIA GeForce GTX 1650 with Max-Q Design",8,8,5,1015021568,535.893660,521.390500,557.902600,14.040711,9.773446,7.298272,11.816960,1.988628,26.355046,23.879872,28.398560,1.988628,0.304600,8.267100,7.223200,0.786700,54.831595,20.333626,1.894073,103.855029,0.000001,0.000000,true
2048,2048,11,sharpen,cuda_register_tiled,"NVIDIA GeForce GTX 1650 with Max-Q Design",8,8,5,1015021568,535.893660,521.390500,557.902600,14.040711,6.466400,6.366848,6.576128,0.076963,18.775800,18.676248,18.885528,0.076963,0.570900,5.867100,5.240600,0.630800,82.873570,28.541722,1.894073,156.968570,0.000001,0.000000,true
2048,2048,11,sharpen,cuda_naive_global_memory,"NVIDIA GeForce GTX 1650 with Max-Q Design",16,16,5,1015021568,535.893660,521.390500,557.902600,14.040711,4.244243,4.166112,4.337600,0.058997,17.897443,17.819312,17.990800,0.058997,1.205600,5.078400,6.721800,0.647400,126.263654,29.942470,1.894073,239.152544,0.000001,0.000000,true
2048,2048,11,sharpen,cuda_shared_memory_tiled,"NVIDIA GeForce GTX 1650 with Max-Q Design",16,16,5,1015021568,535.893660,521.390500,557.902600,14.040711,4.392301,4.323872,4.513088,0.073333,15.835901,15.767472,15.956688,0.073333,1.133800,4.975600,4.810400,0.523800,122.007505,33.840428,1.894073,231.091088,0.000001,0.000000,true
2048,2048,11,sharpen,cuda_shared_constant_filter,"NVIDIA GeForce GTX 1650 with Max-Q Design",16,16,5,1015021568,535.893660,521.390500,557.902600,14.040711,3.000301,2.945536,3.150560,0.075693,15.509001,15.454236,15.659260,0.075693,0.732200,5.643200,4.976400,1.156900,178.613315,34.553719,1.894073,338.306608,0.000001,0.000000,true
2048,2048,11,sharpen,cuda_multi_output,"NVIDIA GeForce GTX 1650 with Max-Q Design",16,16,5,1015021568,535.893660,521.390500,557.902600,14.040711,4.221926,4.175584,4.370432,0.074738,15.646526,15.600184,15.795032,0.074738,0.277700,5.310600,4.975000,0.861300,126.931079,34.250009,1.894073,240.416695,0.000001,0.000000,true
2048,2048,11,sharpen,cuda_register_tiled,"NVIDIA GeForce GTX 1650 with Max-Q Design",16,16,5,1015021568,535.893660,521.390500,557.902600,14.040711,3.794624,3.658368,3.944448,0.097448,17.503224,17.366968,17.653048,0.097448,1.192000,4.682200,7.101900,0.732500,141.224443,30.616854,1.894073,267.489366,0.000001,0.000000,true
2048,2048,11,sharpen,cuda_naive_global_memory,"NVIDIA GeForce GTX 1650 with Max-Q Design",32,8,5,1015021568,535.893660,521.390500,557.902600,14.040711,3.157434,3.131392,3.207616,0.028305,15.606634,15.580592,15.656816,0.028305,0.524000,6.107800,4.915000,0.902400,169.724440,34.337556,1.894073,321.470434,0.000001,0.000000,true
2048,2048,11,sharpen,cuda_shared_memory_tiled,"NVIDIA GeForce GTX 1650 with Max-Q Design",32,8,5,1015021568,535.893660,521.390500,557.902600,14.040711,3.302867,3.197088,3.401376,0.065815,16.508167,16.402388,16.606676,0.065815,0.724300,4.714600,6.090200,1.676200,162.251048,32.462335,1.894073,307.315285,0.000001,0.000000,true
2048,2048,11,sharpen,cuda_shared_constant_filter,"NVIDIA GeForce GTX 1650 with Max-Q Design",32,8,5,1015021568,535.893660,521.390500,557.902600,14.040711,1.746669,1.726400,1.775328,0.017444,16.077669,16.057400,16.106328,0.017444,0.541100,7.397300,5.513000,0.879600,306.808970,33.331552,1.894073,581.118503,0.000001,0.000000,true
2048,2048,11,sharpen,cuda_multi_output,"NVIDIA GeForce GTX 1650 with Max-Q Design",32,8,5,1015021568,535.893660,521.390500,557.902600,14.040711,4.326138,4.271936,4.406848,0.048563,17.172738,17.118536,17.253448,0.048563,0.416700,5.826000,4.989000,1.614900,123.873465,31.206070,1.894073,234.625352,0.000001,0.000000,true
2048,2048,11,sharpen,cuda_register_tiled,"NVIDIA GeForce GTX 1650 with Max-Q Design",32,8,5,1015021568,535.893660,521.390500,557.902600,14.040711,3.716512,3.645440,3.793216,0.059057,16.374412,16.303340,16.451116,0.059057,0.413500,5.743300,5.722100,0.779000,144.192635,32.727506,1.894073,273.111338,0.000001,0.000000,true
2048,2048,11,sharpen,cuda_naive_global_memory,"NVIDIA GeForce GTX 1650 with Max-Q Design",32,16,5,1015021568,535.893660,521.390500,557.902600,14.040711,3.295674,3.238880,3.353856,0.045039,16.040574,15.983780,16.098756,0.045039,1.216900,4.901900,5.719900,0.906200,162.605198,33.408634,1.894073,307.986072,0.000001,0.000000,true
2048,2048,11,sharpen,cuda_shared_memory_tiled,"NVIDIA GeForce GTX 1650 with Max-Q Design",32,16,5,1015021568,535.893660,521.390500,557.902600,14.040711,3.166522,3.122816,3.220128,0.042324,18.269222,18.225516,18.322828,0.042324,0.320000,6.377700,7.655600,0.749400,169.237330,29.333141,1.894073,320.547812,0.000001,0.000000,true
2048,2048,11,sharpen,cuda_shared_constant_filter,"NVIDIA GeForce GTX 1650 with Max-Q Design",32,16,5,1015021568,535.893660,521.390500,557.902600,14.040711,1.701773,1.670592,1.791968,0.045623,15.561673,15.530492,15.651868,0.045623,1.033400,6.056700,5.954600,0.815200,314.903175,34.436764,1.894073,596.449516,0.000001,0.000000,true
2048,2048,11,sharpen,cuda_multi_output,"NVIDIA GeForce GTX 1650 with Max-Q Design",32,16,5,1015021568,535.893660,521.390500,557.902600,14.040711,4.367622,4.260480,4.462592,0.089722,21.023422,20.916280,21.118392,0.089722,0.425500,7.894700,7.572400,0.763200,122.696882,25.490315,1.894073,232.396819,0.000001,0.000000,true
2048,2048,11,sharpen,cuda_register_tiled,"NVIDIA GeForce GTX 1650 with Max-Q Design",32,16,5,1015021568,535.893660,521.390500,557.902600,14.040711,3.650394,3.603872,3.730912,0.051707,17.429694,17.383172,17.510212,0.051707,0.537700,6.723400,5.420300,1.097900,146.804351,30.746017,1.894073,278.058118,0.000001,0.000000,true
2048,2048,11,sobel,cuda_naive_global_memory,"NVIDIA GeForce GTX 1650 with Max-Q Design",8,8,5,1015021568,490.395980,471.732400,514.686600,14.232322,34.178835,34.173183,34.185440,0.005209,84.507235,84.501583,84.513840,0.005209,0.587300,28.068200,20.668000,1.004900,14.347943,5.803006,2.069800,29.697372,0.000000,0.000000,true
2048,2048,11,sobel,cuda_shared_memory_tiled,"NVIDIA GeForce GTX 1650 with Max-Q Design",8,8,5,1015021568,490.395980,471.732400,514.686600,14.232322,7.837779,7.817472,7.854112,0.011795,30.800979,30.780672,30.817312,0.011795,1.174600,13.794300,7.230700,0.763600,62.568231,15.921441,2.069800,129.503720,0.000000,0.000000,true
2048,2048,11,sobel,cuda_shared_constant_filter,"NVIDIA GeForce GTX 1650 with Max-Q Design",8,8,5,1015021568,490.395980,471.732400,514.686600,14.232322,5.615232,5.526432,5.682176,0.056321,21.283432,21.194632,21.350376,0.056321,0.322100,6.682400,8.066800,0.596900,87.333163,23.041208,2.069800,180.762176,0.000000,0.000000,true
2048,2048,11,sobel,cuda_multi_output,"NVIDIA GeForce GTX 1650 with Max-Q Design",8,8,5,1015021568,490.395980,471.732400,514.686600,14.232322,10.466566,7.506112,11.816416,1.751454,24.182466,21.222012,25.532316,1.751454,0.412700,7.635700,4.974500,0.693000,46.853569,20.278990,2.069800,96.977513,0.000000,0.000000,true
2048,2048,11,sobel,cuda_register_tiled,"NVIDIA GeForce GTX 1650 with Max-Q Design",8,8,5,1015021568,490.395980,471.732400,514.686600,14.232322,6.404966,6.358272,6.535552,0.067893,18.257466,18.210772,18.388052,0.067893,1.490800,4.439400,5.215400,0.706900,76.564957,26.860024,2.069800,158.474143,0.000000,0.000000,true
2048,2048,11,sobel,cuda_naive_global_memory,"NVIDIA GeForce GTX 1650 with Max-Q Design",16,16,5,1015021568,490.395980,471.732400,514.686600,14.232322,4.249357,4.167680,4.371424,0.067562,18.390457,18.308780,18.512524,0.067562,0.412300,8.219500,4.608100,0.901200,115.404756,26.665786,2.069800,238.864757,0.000000,0.000000,true
2048,2048,11,sobel,cuda_shared_memory_tiled,"NVIDIA GeForce GTX 1650 with Max-Q Design",16,16,5,1015021568,490.395980,471.732400,514.686600,14.232322,4.449114,4.364288,4.583264,0.076245,15.645714,15.560888,15.779864,0.076245,0.673000,4.437600,5.378500,0.707500,110.223300,31.343791,2.069800,228.140180,0.000000,0.000000,true
2048,2048,11,sobel,cuda_shared_constant_filter,"NVIDIA GeForce GTX 1650 with Max-Q Design",16,16,5,1015021568,490.395980,471.732400,514.686600,14.232322,2.911501,2.893984,2.955744,0.023887,13.521701,13.504184,13.565944,0.023887,0.795300,4.281700,4.757700,0.775500,168.434088,36.267330,2.069800,348.624865,0.000000,0.000000,true
2048,2048,11,sobel,cuda_multi_output,"NVIDIA GeForce GTX 1650 with Max-Q Design",16,16,5,1015021568,490.395980,471.732400,514.686600,14.232322,4.452775,4.386496,4.663104,0.105767,15.668875,15.602596,15.879204,0.105767,1.444500,4.369000,4.755300,0.647300,110.132677,31.297460,2.069800,227.952609,0.000000,0.000000,true
2048,2048,11,sobel,cuda_register_tiled,"NVIDIA GeForce GTX 1650 with Max-Q Design",16,16,5,1015021568,490.395980,471.732400,514.686600,14.232322,3.693338,3.658688,3.824576,0.065641,17.482538,17.447888,17.613776,0.065641,0.906200,5.092200,6.222500,1.568300,132.778542,28.050618,2.069800,274.825018,0.000000,0.000000,true
2048,2048,11,sobel,cuda_naive_global_memory,"NVIDIA GeForce GTX 1650 with Max-Q Design",32,8,5,1015021568,490.395980,471.732400,514.686600,14.232322,3.254880,3.244032,3.265856,0.008718,17.386580,17.375732,17.397556,0.008718,0.298700,7.959000,5.290700,0.583300,150.664842,28.205431,2.069800,311.846080,0.000000,0.000000,true
2048,2048,11,sobel,cuda_shared_memory_tiled,"NVIDIA GeForce GTX 1650 with Max-Q Design",32,8,5,1015021568,490.395980,471.732400,514.686600,14.232322,3.183718,3.129536,3.258304,0.042029,18.726018,18.671836,18.800604,0.042029,0.321200,6.204900,5.509100,3.507100,154.032461,26.187947,2.069800,318.816378,0.000000,0.000000,true
2048,2048,11,sobel,cuda_shared_constant_filter,"NVIDIA GeForce GTX 1650 with Max-Q Design",32,8,5,1015021568,490.395980,471.732400,514.686600,14.232322,1.802669,1.774752,1.908736,0.053051,14.362269,14.334352,14.468336,0.053051,0.288600,6.616000,4.818500,0.836500,272.038867,34.144743,2.069800,563.066029,0.000000,0.000000,true
2048,2048,11,sobel,cuda_multi_output,"NVIDIA GeForce GTX 1650 with Max-Q Design",32,8,5,1015021568,490.395980,471.732400,514.686600,14.232322,4.406765,4.341664,4.492832,0.056375,16.923965,16.858864,17.010032,0.056375,0.805600,4.548700,6.185700,0.977200,111.282540,28.976424,2.069800,230.332594,0.000000,0.000000,true
2048,2048,11,sobel,cuda_register_tiled,"NVIDIA GeForce GTX 1650 with Max-Q Design",32,8,5,1015021568,490.395980,471.732400,514.686600,14.232322,3.645062,3.610112,3.698560,0.037466,17.866262,17.831312,17.919760,0.037466,0.690700,4.483800,8.226000,0.820700,134.537060,27.448157,2.069800,278.464799,0.000000,0.000000,true
2048,2048,11,sobel,cuda_naive_global_memory,"NVIDIA GeForce GTX 1650 with Max-Q Design",32,16,5,1015021568,490.395980,471.732400,514.686600,14.232322,3.266586,3.189152,3.356096,0.064902,18.604386,18.526952,18.693896,0.064902,0.923000,5.996000,7.339700,1.079100,150.124942,26.359160,2.069800,310.728596,0.000000,0.000000,true
2048,2048,11,sobel,cuda_shared_memory_tiled,"NVIDIA GeForce GTX 1650 with Max-Q Design",32,16,5,1015021568,490.395980,471.732400,514.686600,14.232322,3.160845,3.150624,3.175360,0.009177,17.858845,17.848624,17.873360,0.009177,0.286400,6.928300,6.678700,0.804600,155.147126,27.459558,2.069800,321.123512,0.000000,0.000000,true
2048,2048,11,sobel,cuda_shared_constant_filter,"NVIDIA GeForce GTX 1650 with Max-Q Design",32,16,5,1015021568,490.395980,471.732400,514.686600,14.232322,1.710893,1.681408,1.751296,0.026657,16.960293,16.930808,17.000696,0.026657,0.759200,6.072900,6.025200,2.392100,286.631620,28.914358,2.069800,593.270108,0.000000,0.000000,true
2048,2048,11,sobel,cuda_multi_output,"NVIDIA GeForce GTX 1650 with Max-Q Design",32,16,5,1015021568,490.395980,471.732400,514.686600,14.232322,4.172333,4.150144,4.200448,0.021567,20.969833,20.947644,20.997948,0.021567,0.475000,7.107700,8.395900,0.818900,117.535201,23.385784,2.069800,243.274351,0.000000,0.000000,true
2048,2048,11,sobel,cuda_register_tiled,"NVIDIA GeForce GTX 1650 with Max-Q Design",32,16,5,1015021568,490.395980,471.732400,514.686600,14.232322,3.723552,3.641952,3.799040,0.066899,18.857352,18.775752,18.932840,0.066899,0.688600,6.669800,5.867900,1.907500,131.701122,26.005559,2.069800,272.594973,0.000000,0.000000,true
