image_width,image_height,filter_size,filter_type,version,device_name,block_width,block_height,repeat_count,estimated_operations,cpu_time_ms,cpu_min_time_ms,cpu_max_time_ms,cpu_stddev_time_ms,gpu_kernel_time_ms,gpu_kernel_min_time_ms,gpu_kernel_max_time_ms,gpu_kernel_stddev_time_ms,gpu_total_time_ms,gpu_total_min_time_ms,gpu_total_max_time_ms,gpu_total_stddev_time_ms,gpu_allocation_time_ms,gpu_host_to_device_time_ms,gpu_device_to_host_time_ms,gpu_free_time_ms,kernel_speedup,total_speedup,cpu_gflops,gpu_kernel_gflops,max_abs_error,mean_abs_error,passed
512,512,3,box,cuda_naive_global_memory,"NVIDIA GeForce RTX 4070 Laptop GPU",8,8,5,4718592,2.203500,2.183700,2.266000,0.031473,0.027424,0.018336,0.047104,0.011444,1.476424,1.467336,1.496104,0.011444,0.285200,0.607800,0.177500,0.378500,80.349328,1.492457,2.141408,172.060676,0.000000,0.000000,true
512,512,3,box,cuda_shared_memory_tiled,"NVIDIA GeForce RTX 4070 Laptop GPU",8,8,5,4718592,2.203500,2.183700,2.266000,0.031473,0.015770,0.013312,0.017408,0.001389,0.972370,0.969912,0.974008,0.001389,0.170700,0.357800,0.157600,0.270500,139.730875,2.266114,2.141408,299.220780,0.000000,0.000000,true
512,512,3,box,cuda_shared_constant_filter,"NVIDIA GeForce RTX 4070 Laptop GPU",8,8,5,4718592,2.203500,2.183700,2.266000,0.031473,0.024595,0.017408,0.049248,0.012343,1.050395,1.043208,1.075048,0.012343,0.193700,0.347800,0.154300,0.330000,89.590652,2.097782,2.141408,191.850118,0.000000,0.000000,true
512,512,3,box,cuda_multi_output,"NVIDIA GeForce RTX 4070 Laptop GPU",8,8,5,4718592,2.203500,2.183700,2.266000,0.031473,0.015360,0.015360,0.015360,0.000000,0.943960,0.943960,0.943960,0.000000,0.156300,0.337100,0.151500,0.283700,143.457035,2.334315,2.141408,307.200008,0.000000,0.000000,true
512,512,3,box,cuda_register_tiled,"NVIDIA GeForce RTX 4070 Laptop GPU",8,8,5,4718592,2.203500,2.183700,2.266000,0.031473,0.017818,0.013312,0.031744,0.006993,0.967718,0.963212,0.981644,0.006993,0.181100,0.346100,0.159100,0.263600,123.669855,2.277007,2.141408,264.827588,0.000000,0.000000,true
512,512,3,box,cuda_separable,"NVIDIA GeForce RTX 4070 Laptop GPU",8,8,5,3145728,2.203500,2.183700,2.266000,0.031473,0.020064,0.019456,0.020480,0.000497,0.919264,0.918656,0.919680,0.000497,0.163100,0.321200,0.138300,0.276600,109.823568,2.397026,1.427605,156.784695,0.000000,0.000000,true
512,512,3,box,cuda_naive_global_memory,"NVIDIA GeForce RTX 4070 Laptop GPU",16,16,5,4718592,2.203500,2.183700,2.266000,0.031473,0.014285,0.013312,0.015360,0.000656,0.949785,0.948812,0.950860,0.000656,0.134600,0.363200,0.164500,0.273200,154.254872,2.319999,2.141408,330.322581,0.000000,0.000000,true
512,512,3,box,cuda_shared_memory_tiled,"NVIDIA GeForce RTX 4070 Laptop GPU",16,16,5,4718592,2.203500,2.183700,2.266000,0.031473,0.015962,0.015360,0.016384,0.000492,0.935762,0.935160,0.936184,0.000492,0.130900,0.385000,0.131500,0.272400,138.050073,2.354766,2.141408,295.621497,0.000000,0.000000,true
512,512,3,box,cuda_shared_constant_filter,"NVIDIA GeForce RTX 4070 Laptop GPU",16,16,5,4718592,2.203500,2.183700,2.266000,0.031473,0.020026,0.014336,0.040800,0.010416,0.960826,0.955136,0.981600,0.010416,0.139900,0.352900,0.145100,0.302900,110.034155,2.293340,2.141408,235.627993,0.000000,0.000000,true
512,512,3,box,cuda_multi_output,"NVIDIA GeForce RTX 4070 Laptop GPU",16,16,5,4718592,2.203500,2.183700,2.266000,0.031473,0.021728,0.016384,0.038912,0.008619,0.867928,0.862584,0.885112,0.008619,0.125300,0.313400,0.141600,0.265900,101.412925,2.538805,2.141408,217.166424,0.000000,0.000000,true
512,512,3,box,cuda_register_tiled,"NVIDIA GeForce RTX 4070 Laptop GPU",16,16,5,4718592,2.203500,2.183700,2.266000,0.031473,0.012454,0.011264,0.013312,0.000728,0.914454,0.913264,0.915312,0.000728,0.116900,0.354600,0.161900,0.268600,176.925421,2.409634,2.141408,378.869469,0.000000,0.000000,true
512,512,3,box,cuda_separable,"NVIDIA GeForce RTX 4070 Laptop GPU",16,16,5,3145728,2.203500,2.183700,2.266000,0.031473,0.036160,0.023360,0.040960,0.006478,0.852560,0.839760,0.857360,0.006478,0.177500,0.256800,0.144000,0.238100,60.937500,2.584569,1.427605,86.994690,0.000000,0.000000,true
512,512,3,box,cuda_naive_global_memory,"NVIDIA GeForce RTX 4070 Laptop GPU",32,8,5,4718592,2.203500,2.183700,2.266000,0.031473,0.025395,0.013312,0.044032,0.014001,1.109895,1.097812,1.128532,0.014001,0.211800,0.380100,0.180500,0.312100,86.768366,1.985323,2.141408,185.806453,0.000000,0.000000,true
512,512,3,box,cuda_shared_memory_tiled,"NVIDIA GeForce RTX 4070 Laptop GPU",32,8,5,4718592,2.203500,2.183700,2.266000,0.031473,0.016166,0.015360,0.016384,0.000404,0.840066,0.839260,0.840284,0.000404,0.125700,0.325500,0.129300,0.243400,136.301219,2.623007,2.141408,291.876488,0.000000,0.000000,true
512,512,3,box,cuda_shared_constant_filter,"NVIDIA GeForce RTX 4070 Laptop GPU",32,8,5,4718592,2.203500,2.183700,2.266000,0.031473,0.019187,0.014144,0.036864,0.008872,1.062187,1.057144,1.079864,0.008872,0.130800,0.384600,0.183600,0.344000,114.842184,2.074493,2.141408,245.923944,0.000000,0.000000,true
512,512,3,box,cuda_multi_output,"NVIDIA GeForce RTX 4070 Laptop GPU",32,8,5,4718592,2.203500,2.183700,2.266000,0.031473,0.013722,0.013312,0.015360,0.000819,0.922322,0.921912,0.923960,0.000819,0.132800,0.327300,0.133700,0.314800,160.586231,2.389080,2.141408,343.880602,0.000000,0.000000,true
512,512,3,box,cuda_register_tiled,"NVIDIA GeForce RTX 4070 Laptop GPU",32,8,5,4718592,2.203500,2.183700,2.266000,0.031473,0.017581,0.012288,0.035840,0.009138,0.925081,0.919788,0.943340,0.009138,0.193500,0.289300,0.137500,0.287200,125.335592,2.381954,2.141408,268.394610,0.000000,0.000000,true
512,512,3,box,cuda_separable,"NVIDIA GeForce RTX 4070 Laptop GPU",32,8,5,3145728,2.203500,2.183700,2.266000,0.031473,0.032986,0.016384,0.070656,0.021125,0.844786,0.828184,0.882456,0.021125,0.157200,0.298400,0.137100,0.219100,66.801876,2.608354,1.427605,95.366704,0.000000,0.000000,true
512,512,3,box,cuda_naive_global_memory,"NVIDIA GeForce RTX 4070 Laptop GPU",32,16,5,4718592,2.203500,2.183700,2.266000,0.031473,0.014496,0.014336,0.015136,0.000320,0.961796,0.961636,0.962436,0.000320,0.125700,0.374900,0.146800,0.299900,152.007449,2.291026,2.141408,325.509931,0.000000,0.000000,true
512,512,3,box,cuda_shared_memory_tiled,"NVIDIA GeForce RTX 4070 Laptop GPU",32,16,5,4718592,2.203500,2.183700,2.266000,0.031473,0.020672,0.015360,0.038912,0.009128,0.861672,0.856360,0.879912,0.009128,0.155800,0.299600,0.131900,0.253700,106.593463,2.557238,2.141408,228.260068,0.000000,0.000000,true
512,512,3,box,cuda_shared_constant_filter,"NVIDIA GeForce RTX 4070 Laptop GPU",32,16,5,4718592,2.203500,2.183700,2.266000,0.031473,0.022938,0.017408,0.040960,0.009034,1.064938,1.059408,1.082960,0.009034,0.173600,0.324500,0.206400,0.337500,96.064977,2.069135,2.141408,205.714286,0.000000,0.000000,true
512,512,3,box,cuda_multi_output,"NVIDIA GeForce RTX 4070 Laptop GPU",32,16,5,4718592,2.203500,2.183700,2.266000,0.031473,0.018637,0.013312,0.036864,0.009122,0.833437,0.828112,0.851664,0.009122,0.150500,0.285100,0.137500,0.241700,118.233815,2.643872,2.141408,253.186808,0.000000,0.000000,true
512,512,3,box,cuda_register_tiled,"NVIDIA GeForce RTX 4070 Laptop GPU",32,16,5,4718592,2.203500,2.183700,2.266000,0.031473,0.016563,0.011264,0.033792,0.008639,0.874463,0.869164,0.891692,0.008639,0.147200,0.305900,0.129600,0.275200,133.035885,2.519832,2.141408,284.884077,0.000000,0.000000,true
512,512,3,box,cuda_separable,"NVIDIA GeForce RTX 4070 Laptop GPU",32,16,5,3145728,2.203500,2.183700,2.266000,0.031473,0.024154,0.016384,0.052224,0.014055,0.947454,0.939684,0.975524,0.014055,0.134800,0.364300,0.132600,0.291600,91.228637,2.325708,1.427605,130.238474,0.000000,0.000000,true
512,512,3,gaussian,cuda_naive_global_memory,"NVIDIA GeForce RTX 4070 Laptop GPU",8,8,5,4718592,2.206300,2.179400,2.284500,0.039388,0.019238,0.015296,0.033792,0.007288,1.150438,1.146496,1.164992,0.007288,0.205400,0.428300,0.182000,0.315500,114.682095,1.917791,2.138690,245.269462,0.000000,0.000000,true
512,512,3,gaussian,cuda_shared_memory_tiled,"NVIDIA GeForce RTX 4070 Laptop GPU",8,8,5,4718592,2.206300,2.179400,2.284500,0.039388,0.023552,0.018432,0.039936,0.008218,0.895852,0.890732,0.912236,0.008218,0.177000,0.274500,0.139200,0.281600,93.677822,2.462795,2.138690,200.347831,0.000000,0.000000,true
512,512,3,gaussian,cuda_shared_constant_filter,"NVIDIA GeForce RTX 4070 Laptop GPU",8,8,5,4718592,2.206300,2.179400,2.284500,0.039388,0.028416,0.015360,0.056128,0.016796,1.090816,1.077760,1.118528,0.016796,0.113500,0.458800,0.150400,0.339700,77.642877,2.022614,2.138690,166.054054,0.000000,0.000000,true
512,512,3,gaussian,cuda_multi_output,"NVIDIA GeForce RTX 4070 Laptop GPU",8,8,5,4718592,2.206300,2.179400,2.284500,0.039388,0.021261,0.014208,0.047104,0.012931,0.887661,0.880608,0.913504,0.012931,0.122500,0.345100,0.132000,0.266800,103.773141,2.485521,2.138690,221.938591,0.000000,0.000000,true
512,512,3,gaussian,cuda_register_tiled,"NVIDIA GeForce RTX 4070 Laptop GPU",8,8,5,4718592,2.206300,2.179400,2.284500,0.039388,0.013926,0.013312,0.014336,0.000502,1.003326,1.002712,1.003736,0.000502,0.160700,0.314200,0.185300,0.329200,158.425723,2.198985,2.138690,338.823528,0.000000,0.000000,true
512,512,3,gaussian,cuda_separable,"NVIDIA GeForce RTX 4070 Laptop GPU",8,8,5,3145728,2.206300,2.179400,2.284500,0.039388,0.030080,0.019328,0.072704,0.021312,0.874580,0.863828,0.917204,0.021312,0.129500,0.340500,0.130900,0.243600,73.347740,2.522697,1.425793,104.578724,0.000000,0.000000,true
512,512,3,gaussian,cuda_naive_global_memory,"NVIDIA GeForce RTX 4070 Laptop GPU",16,16,5,4718592,2.206300,2.179400,2.284500,0.039388,0.020480,0.014336,0.045056,0.012288,1.017580,1.011436,1.042156,0.012288,0.140700,0.411000,0.134400,0.311000,107.729491,2.168183,2.138690,230.399997,0.000000,0.000000,true
512,512,3,gaussian,cuda_shared_memory_tiled,"NVIDIA GeForce RTX 4070 Laptop GPU",16,16,5,4718592,2.206300,2.179400,2.284500,0.039388,0.018618,0.018336,0.019456,0.000421,0.914418,0.914136,0.915256,0.000421,0.153400,0.331400,0.165400,0.245600,118.506143,2.412793,2.138690,253.447917,0.000000,0.000000,true
512,512,3,gaussian,cuda_shared_constant_filter,"NVIDIA GeForce RTX 4070 Laptop GPU",16,16,5,4718592,2.206300,2.179400,2.284500,0.039388,0.028870,0.016384,0.054272,0.014477,0.956270,0.943784,0.981672,0.014477,0.193000,0.333000,0.140100,0.261300,76.420831,2.307193,2.138690,163.440476,0.000000,0.000000,true
512,512,3,gaussian,cuda_multi_output,"NVIDIA GeForce RTX 4070 Laptop GPU",16,16,5,4718592,2.206300,2.179400,2.284500,0.039388,0.028672,0.012288,0.065536,0.020755,0.889072,0.872688,0.925936,0.020755,0.156500,0.324300,0.133200,0.246400,76.949636,2.481576,2.138690,164.571426,0.000000,0.000000,true
512,512,3,gaussian,cuda_register_tiled,"NVIDIA GeForce RTX 4070 Laptop GPU",16,16,5,4718592,2.206300,2.179400,2.284500,0.039388,0.018227,0.012288,0.040960,0.011373,0.873227,0.867288,0.895960,0.011373,0.161800,0.277900,0.132800,0.282500,121.044373,2.526605,2.138690,258.876404,0.000000,0.000000,true
512,512,3,gaussian,cuda_separable,"NVIDIA GeForce RTX 4070 Laptop GPU",16,16,5,3145728,2.206300,2.179400,2.284500,0.039388,0.026419,0.016384,0.065536,0.019562,1.117519,1.107484,1.156636,0.019562,0.131900,0.495100,0.194300,0.269800,83.511234,1.974284,1.425793,119.069767,0.000000,0.000000,true
512,512,3,gaussian,cuda_naive_global_memory,"NVIDIA GeForce RTX 4070 Laptop GPU",32,8,5,4718592,2.206300,2.179400,2.284500,0.039388,0.019194,0.013312,0.038912,0.009881,0.906394,0.900512,0.926112,0.009881,0.112800,0.322800,0.134900,0.316700,114.949778,2.434152,2.138690,245.841953,0.000000,0.000000,true
512,512,3,gaussian,cuda_shared_memory_tiled,"NVIDIA GeForce RTX 4070 Laptop GPU",32,8,5,4718592,2.206300,2.179400,2.284500,0.039388,0.030291,0.015264,0.063488,0.019547,0.936291,0.921264,0.969488,0.019547,0.165500,0.345000,0.134200,0.261300,72.836337,2.356425,2.138690,155.774353,0.000000,0.000000,true
512,512,3,gaussian,cuda_shared_constant_filter,"NVIDIA GeForce RTX 4070 Laptop GPU",32,8,5,4718592,2.206300,2.179400,2.284500,0.039388,0.031277,0.014336,0.064320,0.021006,1.019677,1.002736,1.052720,0.021006,0.112900,0.356300,0.135300,0.383900,70.541104,2.163725,2.138690,150.865562,0.000000,0.000000,true
512,512,3,gaussian,cuda_multi_output,"NVIDIA GeForce RTX 4070 Laptop GPU",32,8,5,4718592,2.206300,2.179400,2.284500,0.039388,0.027034,0.013312,0.047104,0.016392,0.994334,0.980612,1.014404,0.016392,0.176700,0.362400,0.137400,0.290800,81.613250,2.218873,2.138690,174.545452,0.000000,0.000000,true
512,512,3,gaussian,cuda_register_tiled,"NVIDIA GeForce RTX 4070 Laptop GPU",32,8,5,4718592,2.206300,2.179400,2.284500,0.039388,0.020890,0.012288,0.054272,0.016696,0.937690,0.929088,0.971072,0.016696,0.119900,0.367900,0.137900,0.291100,105.617148,2.352911,2.138690,225.882351,0.000000,0.000000,true
512,512,3,gaussian,cuda_separable,"NVIDIA GeForce RTX 4070 Laptop GPU",32,8,5,3145728,2.206300,2.179400,2.284500,0.039388,0.029485,0.016384,0.050144,0.015661,1.038585,1.025484,1.059244,0.015661,0.157500,0.461300,0.133100,0.257200,74.828385,2.124333,1.425793,106.689818,0.000000,0.000000,true
512,512,3,gaussian,cuda_naive_global_memory,"NVIDIA GeForce RTX 4070 Laptop GPU",32,16,5,4718592,2.206300,2.179400,2.284500,0.039388,0.027354,0.014336,0.048896,0.015682,0.942554,0.929536,0.964096,0.015682,0.136900,0.342600,0.139200,0.296500,80.658487,2.340769,2.138690,172.503509,0.000000,0.000000,true
512,512,3,gaussian,cuda_shared_memory_tiled,"NVIDIA GeForce RTX 4070 Laptop GPU",32,16,5,4718592,2.206300,2.179400,2.284500,0.039388,0.026624,0.015360,0.070656,0.022020,0.934824,0.923560,0.978856,0.022020,0.156700,0.366900,0.133400,0.251200,82.868840,2.360123,2.138690,177.230769,0.000000,0.000000,true
512,512,3,gaussian,cuda_shared_constant_filter,"NVIDIA GeForce RTX 4070 Laptop GPU",32,16,5,4718592,2.206300,2.179400,2.284500,0.039388,0.027027,0.014336,0.076768,0.024874,0.956427,0.943736,1.006168,0.024874,0.147700,0.317900,0.132200,0.331600,81.632575,2.306814,2.138690,174.586782,0.000000,0.000000,true
512,512,3,gaussian,cuda_multi_output,"NVIDIA GeForce RTX 4070 Laptop GPU",32,16,5,4718592,2.206300,2.179400,2.284500,0.039388,0.019034,0.012288,0.040896,0.010958,0.905334,0.898588,0.927196,0.010958,0.147400,0.347300,0.158600,0.233000,115.916065,2.437002,2.138690,247.908543,0.000000,0.000000,true
512,512,3,gaussian,cuda_register_tiled,"NVIDIA GeForce RTX 4070 Laptop GPU",32,16,5,4718592,2.206300,2.179400,2.284500,0.039388,0.018675,0.011264,0.043264,0.012317,0.864775,0.857364,0.889364,0.012317,0.114000,0.288700,0.144700,0.298700,118.140633,2.551299,2.138690,252.666204,0.000000,0.000000,true
512,512,3,gaussian,cuda_separable,"NVIDIA GeForce RTX 4070 Laptop GPU",32,16,5,3145728,2.206300,2.179400,2.284500,0.039388,0.031533,0.017408,0.083936,0.026218,1.011333,0.997208,1.063736,0.026218,0.142900,0.348000,0.152400,0.336500,69.968415,2.181577,1.425793,99.760505,0.000000,0.000000,true
512,512,3,sharpen,cuda_naive_global_memory,"NVIDIA GeForce RTX 4070 Laptop GPU",8,8,5,4718592,2.214260,2.175500,2.315200,0.051136,0.031539,0.015360,0.043008,0.013231,1.063839,1.047660,1.075308,0.013231,0.195200,0.451200,0.137400,0.248500,70.206601,2.081386,2.131002,149.610392,0.000001,0.000000,true
512,512,3,sharpen,cuda_shared_memory_tiled,"NVIDIA GeForce RTX 4070 Laptop GPU",8,8,5,4718592,2.214260,2.175500,2.315200,0.051136,0.021299,0.015360,0.035840,0.007452,1.245699,1.239760,1.260240,0.007452,0.141900,0.443000,0.185300,0.454200,103.959772,1.777524,2.131002,221.538460,0.000001,0.000000,true
512,512,3,sharpen,cuda_shared_constant_filter,"NVIDIA GeForce RTX 4070 Laptop GPU",8,8,5,4718592,2.214260,2.175500,2.315200,0.051136,0.028461,0.017408,0.067584,0.019586,0.885561,0.874508,0.924684,0.019586,0.167400,0.303500,0.137400,0.248800,77.800342,2.500404,2.131002,165.792668,0.000001,0.000000,true
512,512,3,sharpen,cuda_multi_output,"NVIDIA GeForce RTX 4070 Laptop GPU",8,8,5,4718592,2.214260,2.175500,2.315200,0.051136,0.023110,0.015360,0.052224,0.014563,1.240010,1.232260,1.269124,0.014563,0.137600,0.417100,0.176200,0.486000,95.812276,1.785679,2.131002,204.176131,0.000001,0.000000,true
512,512,3,sharpen,cuda_register_tiled,"NVIDIA GeForce RTX 4070 Laptop GPU",8,8,5,4718592,2.214260,2.175500,2.315200,0.051136,0.018432,0.013312,0.035840,0.008737,1.130232,1.125112,1.147640,0.008737,0.170700,0.323900,0.248700,0.368500,120.131293,1.959120,2.131002,255.999999,0.000001,0.000000,true
512,512,3,sharpen,cuda_naive_global_memory,"NVIDIA GeForce RTX 4070 Laptop GPU",16,16,5,4718592,2.214260,2.175500,2.315200,0.051136,0.015482,0.014112,0.018432,0.001550,1.531382,1.530012,1.534332,0.001550,0.211000,0.835100,0.135000,0.334800,143.025267,1.445923,2.131002,304.787099,0.000001,0.000000,true
512,512,3,sharpen,cuda_shared_memory_tiled,"NVIDIA GeForce RTX 4070 Laptop GPU",16,16,5,4718592,2.214260,2.175500,2.315200,0.051136,0.020058,0.015360,0.036864,0.008415,0.879058,0.874360,0.895864,0.008415,0.156900,0.276500,0.137300,0.288300,110.395062,2.518902,2.131002,235.252074,0.000001,0.000000,true
512,512,3,sharpen,cuda_shared_constant_filter,"NVIDIA GeForce RTX 4070 Laptop GPU",16,16,5,4718592,2.214260,2.175500,2.315200,0.051136,0.022938,0.014336,0.056320,0.016696,1.114338,1.105736,1.147720,0.016696,0.151400,0.563400,0.146300,0.230300,96.534075,1.987064,2.131002,205.714285,0.000001,0.000000,true
512,512,3,sharpen,cuda_multi_output,"NVIDIA GeForce RTX 4070 Laptop GPU",16,16,5,4718592,2.214260,2.175500,2.315200,0.051136,0.022886,0.016384,0.046080,0.011621,0.981786,0.975284,1.004980,0.011621,0.181400,0.312200,0.156000,0.309300,96.750034,2.255338,2.131002,206.174494,0.000001,0.000000,true
512,512,3,sharpen,cuda_register_tiled,"NVIDIA GeForce RTX 4070 Laptop GPU",16,16,5,4718592,2.214260,2.175500,2.315200,0.051136,0.017389,0.012192,0.031744,0.007225,1.036889,1.031692,1.051244,0.007225,0.138400,0.334400,0.160100,0.386600,127.338287,2.135485,2.131002,271.358116,0.000001,0.000000,true
512,512,3,sharpen,cuda_naive_global_memory,"NVIDIA GeForce RTX 4070 Laptop GPU",32,8,5,4718592,2.214260,2.175500,2.315200,0.051136,0.020064,0.013312,0.042976,0.011474,0.977764,0.971012,1.000676,0.011474,0.124400,0.332200,0.161400,0.339700,110.359849,2.264616,2.131002,235.177035,0.000001,0.000000,true
512,512,3,sharpen,cuda_shared_memory_tiled,"NVIDIA GeForce RTX 4070 Laptop GPU",32,8,5,4718592,2.214260,2.175500,2.315200,0.051136,0.028243,0.016384,0.045056,0.012191,1.006443,0.994584,1.023256,0.012191,0.193100,0.349200,0.154300,0.281600,78.399756,2.200084,2.131002,167.070020,0.000001,0.000000,true
512,512,3,sharpen,cuda_shared_constant_filter,"NVIDIA GeForce RTX 4070 Laptop GPU",32,8,5,4718592,2.214260,2.175500,2.315200,0.051136,0.017114,0.016384,0.018208,0.000894,1.000914,1.000184,1.002008,0.000894,0.144500,0.334800,0.143400,0.361100,129.385983,2.212239,2.131002,275.721760,0.000001,0.000000,true
512,512,3,sharpen,cuda_multi_output,"NVIDIA GeForce RTX 4070 Laptop GPU",32,8,5,4718592,2.214260,2.175500,2.315200,0.051136,0.013510,0.010240,0.015360,0.001759,1.018910,1.015640,1.020760,0.001759,0.188300,0.365000,0.144200,0.307900,163.893003,2.173165,2.131002,349.256280,0.000001,0.000000,true
512,512,3,sharpen,cuda_register_tiled,"NVIDIA GeForce RTX 4070 Laptop GPU",32,8,5,4718592,2.214260,2.175500,2.315200,0.051136,0.013901,0.012160,0.016384,0.001690,0.961401,0.959660,0.963884,0.001690,0.135200,0.351900,0.142900,0.317500,159.290112,2.303160,2.131002,339.447513,0.000001,0.000000,true
512,512,3,sharpen,cuda_naive_global_memory,"NVIDIA GeForce RTX 4070 Laptop GPU",32,16,5,4718592,2.214260,2.175500,2.315200,0.051136,0.014541,0.014336,0.015360,0.000410,1.061241,1.061036,1.062060,0.000410,0.200800,0.436500,0.133400,0.276000,152.279103,2.086482,2.131002,324.507040,0.000001,0.000000,true
512,512,3,sharpen,cuda_shared_memory_tiled,"NVIDIA GeForce RTX 4070 Laptop GPU",32,16,5,4718592,2.214260,2.175500,2.315200,0.051136,0.016915,0.016128,0.019456,0.001274,1.026615,1.025828,1.029156,0.001274,0.116700,0.389000,0.138300,0.365700,130.903567,2.156855,2.131002,278.955734,0.000001,0.000000,true
512,512,3,sharpen,cuda_shared_constant_filter,"NVIDIA GeForce RTX 4070 Laptop GPU",32,16,5,4718592,2.214260,2.175500,2.315200,0.051136,0.021299,0.014336,0.046080,0.012397,1.010999,1.004036,1.035780,0.012397,0.192100,0.343700,0.138400,0.315500,103.959773,2.190170,2.131002,221.538462,0.000001,0.000000,true
512,512,3,sharpen,cuda_multi_output,"NVIDIA GeForce RTX 4070 Laptop GPU",32,16,5,4718592,2.214260,2.175500,2.315200,0.051136,0.015725,0.013312,0.017184,0.001338,0.922825,0.920412,0.924284,0.001338,0.127500,0.335900,0.137900,0.305800,140.813238,2.399437,2.131002,300.073261,0.000001,0.000000,true
512,512,3,sharpen,cuda_register_tiled,"NVIDIA GeForce RTX 4070 Laptop GPU",32,16,5,4718592,2.214260,2.175500,2.315200,0.051136,0.016339,0.012288,0.030624,0.007181,1.090739,1.086688,1.105024,0.007181,0.196600,0.478600,0.135200,0.264000,135.518260,2.030054,2.131002,288.789653,0.000001,0.000000,true
512,512,3,sobel,cuda_naive_global_memory,"NVIDIA GeForce RTX 4070 Laptop GPU",8,8,5,4718592,2.214800,2.178600,2.308000,0.047495,0.018605,0.017408,0.020480,0.001011,1.118305,1.117108,1.120180,0.001011,0.276500,0.327400,0.146900,0.348900,119.044547,1.980498,2.130482,253.622290,0.000000,0.000000,true
512,512,3,sobel,cuda_shared_memory_tiled,"NVIDIA GeForce RTX 4070 Laptop GPU",8,8,5,4718592,2.214800,2.178600,2.308000,0.047495,0.040947,0.015360,0.105472,0.034626,1.035647,1.010060,1.100172,0.034626,0.145600,0.428900,0.139300,0.280900,54.089169,2.138566,2.130482,115.236011,0.000000,0.000000,true
512,512,3,sobel,cuda_shared_constant_filter,"NVIDIA GeForce RTX 4070 Laptop GPU",8,8,5,4718592,2.214800,2.178600,2.308000,0.047495,0.018432,0.017408,0.019456,0.000648,0.980532,0.979508,0.981556,0.000648,0.151600,0.315800,0.140800,0.353900,120.160588,2.258774,2.130482,255.999996,0.000000,0.000000,true
512,512,3,sobel,cuda_multi_output,"NVIDIA GeForce RTX 4070 Laptop GPU",8,8,5,4718592,2.214800,2.178600,2.308000,0.047495,0.024371,0.013312,0.064512,0.020081,1.055071,1.044012,1.095212,0.020081,0.214200,0.383700,0.156300,0.276500,90.877758,2.099195,2.130482,193.613446,0.000000,0.000000,true
512,512,3,sobel,cuda_register_tiled,"NVIDIA GeForce RTX 4070 Laptop GPU",8,8,5,4718592,2.214800,2.178600,2.308000,0.047495,0.021862,0.012288,0.051200,0.014814,0.899062,0.889488,0.928400,0.014814,0.115300,0.349200,0.135500,0.277200,101.306354,2.463455,2.130482,215.831384,0.000000,0.000000,true
512,512,3,sobel,cuda_naive_global_memory,"NVIDIA GeForce RTX 4070 Laptop GPU",16,16,5,4718592,2.214800,2.178600,2.308000,0.047495,0.025805,0.013312,0.049152,0.014901,0.977405,0.964912,1.000752,0.014901,0.149800,0.415000,0.130800,0.256000,85.828991,2.266001,2.130482,182.857138,0.000000,0.000000,true
512,512,3,sobel,cuda_shared_memory_tiled,"NVIDIA GeForce RTX 4070 Laptop GPU",16,16,5,4718592,2.214800,2.178600,2.308000,0.047495,0.026214,0.015360,0.069632,0.021709,1.016414,1.005560,1.059832,0.021709,0.126800,0.306900,0.144500,0.412000,84.487915,2.179032,2.130482,180.000000,0.000000,0.000000,true
512,512,3,sobel,cuda_shared_constant_filter,"NVIDIA GeForce RTX 4070 Laptop GPU",16,16,5,4718592,2.214800,2.178600,2.308000,0.047495,0.014310,0.011264,0.016384,0.001710,0.941310,0.938264,0.943384,0.001710,0.159500,0.372800,0.134600,0.260100,154.768558,2.352890,2.130482,329.731659,0.000000,0.000000,true
512,512,3,sobel,cuda_multi_output,"NVIDIA GeForce RTX 4070 Laptop GPU",16,16,5,4718592,2.214800,2.178600,2.308000,0.047495,0.018586,0.013312,0.037760,0.009597,0.885986,0.880712,0.905160,0.009597,0.136000,0.279800,0.130800,0.320800,119.167527,2.499815,2.130482,253.884296,0.000000,0.000000,true
512,512,3,sobel,cuda_register_tiled,"NVIDIA GeForce RTX 4070 Laptop GPU",16,16,5,4718592,2.214800,2.178600,2.308000,0.047495,0.026797,0.012224,0.083968,0.028588,0.983997,0.969424,1.041168,0.028588,0.145800,0.406900,0.134500,0.270000,82.651660,2.250820,2.130482,176.087892,0.000000,0.000000,true
512,512,3,sobel,cuda_naive_global_memory,"NVIDIA GeForce RTX 4070 Laptop GPU",32,8,5,4718592,2.214800,2.178600,2.308000,0.047495,0.025581,0.013312,0.051200,0.015147,0.941581,0.929312,0.967200,0.015147,0.147500,0.324300,0.135900,0.308300,86.580561,2.352214,2.130482,184.458344,0.000000,0.000000,true
512,512,3,sobel,cuda_shared_memory_tiled,"NVIDIA GeForce RTX 4070 Laptop GPU",32,8,5,4718592,2.214800,2.178600,2.308000,0.047495,0.022323,0.015360,0.047104,0.012414,1.061623,1.054660,1.086404,0.012414,0.142600,0.420900,0.135100,0.340700,99.215166,2.086239,2.130482,211.376146,0.000000,0.000000,true
512,512,3,sobel,cuda_shared_constant_filter,"NVIDIA GeForce RTX 4070 Laptop GPU",32,8,5,4718592,2.214800,2.178600,2.308000,0.047495,0.028851,0.013312,0.056320,0.018171,0.990751,0.975212,1.018220,0.018171,0.124300,0.344800,0.157100,0.335700,76.766304,2.235475,2.130482,163.549245,0.000000,0.000000,true
512,512,3,sobel,cuda_multi_output,"NVIDIA GeForce RTX 4070 Laptop GPU",32,8,5,4718592,2.214800,2.178600,2.308000,0.047495,0.019014,0.013312,0.038912,0.009976,0.987114,0.981412,1.007012,0.009976,0.195400,0.357100,0.161500,0.254100,116.480143,2.243712,2.130482,248.158873,0.000000,0.000000,true
512,512,3,sobel,cuda_register_tiled,"NVIDIA GeForce RTX 4070 Laptop GPU",32,8,5,4718592,2.214800,2.178600,2.308000,0.047495,0.022918,0.011264,0.064416,0.020763,0.987318,0.975664,1.028816,0.020763,0.137300,0.371900,0.139700,0.315500,96.638510,2.243248,2.130482,205.886626,0.000000,0.000000,true
512,512,3,sobel,cuda_naive_global_memory,"NVIDIA GeForce RTX 4070 Laptop GPU",32,16,5,4718592,2.214800,2.178600,2.308000,0.047495,0.020653,0.014336,0.042912,0.011155,1.058753,1.052436,1.081012,0.011155,0.180900,0.429000,0.135600,0.292600,107.239697,2.091895,2.130482,228.472267,0.000000,0.000000,true
512,512,3,sobel,cuda_shared_memory_tiled,"NVIDIA GeForce RTX 4070 Laptop GPU",32,16,5,4718592,2.214800,2.178600,2.308000,0.047495,0.022093,0.015360,0.046080,0.012000,0.980293,0.973560,1.004280,0.012000,0.138700,0.314300,0.134400,0.370800,100.249854,2.259325,2.130482,213.580531,0.000000,0.000000,true
512,512,3,sobel,cuda_shared_constant_filter,"NVIDIA GeForce RTX 4070 Laptop GPU",32,16,5,4718592,2.214800,2.178600,2.308000,0.047495,0.028832,0.014336,0.082944,0.027064,0.952532,0.938036,1.006644,0.027064,0.209400,0.307700,0.143100,0.263500,76.817426,2.325171,2.130482,163.658160,0.000000,0.000000,true
512,512,3,sobel,cuda_multi_output,"NVIDIA GeForce RTX 4070 Laptop GPU",32,16,5,4718592,2.214800,2.178600,2.308000,0.047495,0.014336,0.013312,0.015360,0.000648,0.830436,0.829412,0.831460,0.000648,0.113900,0.311300,0.131000,0.259900,154.492187,2.667033,2.130482,329.142857,0.000000,0.000000,true
512,512,3,sobel,cuda_register_tiled,"NVIDIA GeForce RTX 4070 Laptop GPU",32,16,5,4718592,2.214800,2.178600,2.308000,0.047495,0.018022,0.012288,0.038912,0.010455,1.005722,0.999988,1.026612,0.010455,0.134100,0.389700,0.141200,0.322700,122.891514,2.202198,2.130482,261.818185,0.000000,0.000000,true
512,512,5,box,cuda_naive_global_memory,"NVIDIA GeForce RTX 4070 Laptop GPU",8,8,5,13107200,4.853460,4.840900,4.896300,0.021475,0.028058,0.023552,0.045056,0.008508,1.083458,1.078952,1.100456,0.008508,0.248700,0.374300,0.138300,0.294100,172.982005,4.479603,2.700589,467.153275,0.000000,0.000000,true
512,512,5,box,cuda_shared_memory_tiled,"NVIDIA GeForce RTX 4070 Laptop GPU",8,8,5,13107200,4.853460,4.840900,4.896300,0.021475,0.023302,0.022336,0.023552,0.000483,0.888302,0.887336,0.888552,0.000483,0.116000,0.336200,0.144700,0.268100,208.281546,5.463747,2.700589,562.482823,0.000000,0.000000,true
512,512,5,box,cuda_shared_constant_filter,"NVIDIA GeForce RTX 4070 Laptop GPU",8,8,5,13107200,4.853460,4.840900,4.896300,0.021475,0.026419,0.020480,0.048128,0.010864,0.919519,0.913580,0.941228,0.010864,0.185400,0.316500,0.138200,0.253000,183.709575,5.278258,2.700589,496.124031,0.000000,0.000000,true
512,512,5,box,cuda_multi_output,"NVIDIA GeForce RTX 4070 Laptop GPU",8,8,5,13107200,4.853460,4.840900,4.896300,0.021475,0.024173,0.023552,0.025600,0.000814,0.888073,0.887452,0.889500,0.000814,0.113400,0.302800,0.130200,0.317500,200.781867,5.465160,2.700589,542.229273,0.000000,0.000000,true
512,512,5,box,cuda_register_tiled,"NVIDIA GeForce RTX 4070 Laptop GPU",8,8,5,13107200,4.853460,4.840900,4.896300,0.021475,0.023533,0.022528,0.025568,0.001110,0.955433,0.954428,0.957468,0.001110,0.166000,0.362700,0.141700,0.261500,206.242351,5.079855,2.700589,556.975795,0.000000,0.000000,true
512,512,5,box,cuda_separable,"NVIDIA GeForce RTX 4070 Laptop GPU",8,8,5,5242880,4.853460,4.840900,4.896300,0.021475,0.029030,0.018432,0.036864,0.008694,0.826130,0.815532,0.833964,0.008694,0.145600,0.274000,0.131800,0.245700,167.185430,5.874932,1.080236,180.599644,0.000000,0.000000,true
512,512,5,box,cuda_naive_global_memory,"NVIDIA GeForce RTX 4070 Laptop GPU",16,16,5,13107200,4.853460,4.840900,4.896300,0.021475,0.022726,0.022528,0.023520,0.000397,0.972026,0.971828,0.972820,0.000397,0.231400,0.311200,0.151200,0.255500,213.560439,4.993136,2.700589,576.738942,0.000000,0.000000,true
512,512,5,box,cuda_shared_memory_tiled,"NVIDIA GeForce RTX 4070 Laptop GPU",16,16,5,13107200,4.853460,4.840900,4.896300,0.021475,0.023315,0.022528,0.023552,0.000398,0.904815,0.904028,0.905052,0.000398,0.116300,0.316900,0.132500,0.315800,208.167202,5.364035,2.700589,562.174027,0.000000,0.000000,true
512,512,5,box,cuda_shared_constant_filter,"NVIDIA GeForce RTX 4070 Laptop GPU",16,16,5,13107200,4.853460,4.840900,4.896300,0.021475,0.019866,0.018432,0.020480,0.000819,0.945666,0.944232,0.946280,0.000819,0.165900,0.343800,0.160200,0.255900,244.314800,5.132322,2.700589,659.793826,0.000000,0.000000,true
512,512,5,box,cuda_multi_output,"NVIDIA GeForce RTX 4070 Laptop GPU",16,16,5,13107200,4.853460,4.840900,4.896300,0.021475,0.025190,0.024576,0.026624,0.000819,0.884590,0.883976,0.886024,0.000819,0.148600,0.272400,0.138100,0.300300,192.671015,5.486675,2.700589,520.325196,0.000000,0.000000,true
512,512,5,box,cuda_register_tiled,"NVIDIA GeForce RTX 4070 Laptop GPU",16,16,5,13107200,4.853460,4.840900,4.896300,0.021475,0.023930,0.017408,0.045056,0.010611,0.924430,0.917908,0.945556,0.010611,0.141700,0.354500,0.157900,0.246400,202.822445,5.250221,2.700589,547.740036,0.000000,0.000000,true
512,512,5,box,cuda_separable,"NVIDIA GeForce RTX 4070 Laptop GPU",16,16,5,5242880,4.853460,4.840900,4.896300,0.021475,0.025312,0.014336,0.041984,0.010685,0.892112,0.881136,0.908784,0.010685,0.120500,0.324600,0.130900,0.290800,191.745418,5.440416,1.080236,207.130215,0.000000,0.000000,true
512,512,5,box,cuda_naive_global_memory,"NVIDIA GeForce RTX 4070 Laptop GPU",32,8,5,13107200,4.853460,4.840900,4.896300,0.021475,0.021914,0.021504,0.023552,0.000819,1.052214,1.051804,1.053852,0.000819,0.208600,0.358300,0.162400,0.301000,221.481637,4.612619,2.700589,598.130842,0.000000,0.000000,true
512,512,5,box,cuda_shared_memory_tiled,"NVIDIA GeForce RTX 4070 Laptop GPU",32,8,5,13107200,4.853460,4.840900,4.896300,0.021475,0.023309,0.022528,0.024576,0.000760,0.838009,0.837228,0.839276,0.000760,0.129900,0.293800,0.130000,0.261000,208.224357,5.791658,2.700589,562.328378,0.000000,0.000000,true
512,512,5,box,cuda_shared_constant_filter,"NVIDIA GeForce RTX 4070 Laptop GPU",32,8,5,13107200,4.853460,4.840900,4.896300,0.021475,0.026419,0.020480,0.048128,0.010864,1.082019,1.076080,1.103728,0.010864,0.152900,0.404400,0.159400,0.338900,183.709575,4.485558,2.700589,496.124031,0.000000,0.000000,true
512,512,5,box,cuda_multi_output,"NVIDIA GeForce RTX 4070 Laptop GPU",32,8,5,13107200,4.853460,4.840900,4.896300,0.021475,0.022118,0.021504,0.022528,0.000502,0.994818,0.994204,0.995228,0.000502,0.117900,0.395300,0.137600,0.321900,219.430881,4.878740,2.700589,592.592592,0.000000,0.000000,true
512,512,5,box,cuda_register_tiled,"NVIDIA GeForce RTX 4070 Laptop GPU",32,8,5,13107200,4.853460,4.840900,4.896300,0.021475,0.018022,0.017408,0.019456,0.000819,0.896222,0.895608,0.897656,0.000819,0.152600,0.333400,0.154400,0.237800,269.301534,5.415464,2.700589,727.272722,0.000000,0.000000,true
512,512,5,box,cuda_separable,"NVIDIA GeForce RTX 4070 Laptop GPU",32,8,5,5242880,4.853460,4.840900,4.896300,0.021475,0.027603,0.017248,0.043008,0.012552,0.979203,0.968848,0.994608,0.012552,0.164000,0.301600,0.143600,0.342400,175.829616,4.956540,1.080236,189.937401,0.000000,0.000000,true
512,512,5,box,cuda_naive_global_memory,"NVIDIA GeForce RTX 4070 Laptop GPU",32,16,5,13107200,4.853460,4.840900,4.896300,0.021475,0.027386,0.022400,0.044032,0.008334,0.966486,0.961500,0.983132,0.008334,0.163100,0.383100,0.134400,0.258500,177.226718,5.021761,2.700589,478.616501,0.000000,0.000000,true
512,512,5,box,cuda_shared_memory_tiled,"NVIDIA GeForce RTX 4070 Laptop GPU",32,16,5,13107200,4.853460,4.840900,4.896300,0.021475,0.024371,0.023552,0.024576,0.000410,0.983471,0.982652,0.983676,0.000410,0.117600,0.320100,0.185500,0.335900,199.147348,4.935030,2.700589,537.815108,0.000000,0.000000,true
512,512,5,box,cuda_shared_constant_filter,"NVIDIA GeForce RTX 4070 Laptop GPU",32,16,5,13107200,4.853460,4.840900,4.896300,0.021475,0.021491,0.019456,0.026624,0.002596,0.890491,0.888456,0.895624,0.002596,0.150500,0.342200,0.132500,0.243800,225.834763,5.450318,2.700589,609.886845,0.000000,0.000000,true
512,512,5,box,cuda_multi_output,"NVIDIA GeForce RTX 4070 Laptop GPU",32,16,5,13107200,4.853460,4.840900,4.896300,0.021475,0.022893,0.022528,0.023488,0.000448,0.951893,0.951528,0.952488,0.000448,0.110500,0.311500,0.131800,0.375200,212.008143,5.098746,2.700589,572.546828,0.000000,0.000000,true
512,512,5,box,cuda_register_tiled,"NVIDIA GeForce RTX 4070 Laptop GPU",32,16,5,13107200,4.853460,4.840900,4.896300,0.021475,0.024166,0.018432,0.045056,0.010455,0.888866,0.883132,0.909756,0.010455,0.154500,0.336700,0.131600,0.241900,200.835044,5.460281,2.700589,542.372882,0.000000,0.000000,true
512,512,5,box,cuda_separable,"NVIDIA GeForce RTX 4070 Laptop GPU",32,16,5,5242880,4.853460,4.840900,4.896300,0.021475,0.031117,0.022464,0.049152,0.011031,0.976717,0.968064,0.994752,0.011031,0.166900,0.287100,0.138500,0.353100,155.975550,4.969158,1.080236,168.490333,0.000000,0.000000,true
512,512,5,gaussian,cuda_naive_global_memory,"NVIDIA GeForce RTX 4070 Laptop GPU",8,8,5,13107200,4.859560,4.822100,4.903200,0.026666,0.027443,0.026624,0.029696,0.001194,1.157743,1.156924,1.159996,0.001194,0.291300,0.378300,0.141400,0.319300,177.077017,4.197442,2.697199,477.611941,0.000000,0.000000,true
512,512,5,gaussian,cuda_shared_memory_tiled,"NVIDIA GeForce RTX 4070 Laptop GPU",8,8,5,13107200,4.859560,4.822100,4.903200,0.026666,0.022912,0.022400,0.023552,0.000525,0.902212,0.901700,0.902852,0.000525,0.156000,0.310800,0.133500,0.279000,212.096717,5.386273,2.697199,572.067036,0.000000,0.000000,true
512,512,5,gaussian,cuda_shared_constant_filter,"NVIDIA GeForce RTX 4070 Laptop GPU",8,8,5,13107200,4.859560,4.822100,4.903200,0.026666,0.024576,0.020480,0.039936,0.007690,0.958376,0.954280,0.973736,0.007690,0.124500,0.364000,0.131400,0.313900,197.736008,5.070619,2.697199,533.333347,0.000000,0.000000,true
512,512,5,gaussian,cuda_multi_output,"NVIDIA GeForce RTX 4070 Laptop GPU",8,8,5,13107200,4.859560,4.822100,4.903200,0.026666,0.025395,0.024576,0.028672,0.001638,1.015595,1.014776,1.018872,0.001638,0.196200,0.390800,0.139400,0.263800,191.357416,4.784938,2.697199,516.129017,0.000000,0.000000,true
512,512,5,gaussian,cuda_register_tiled,"NVIDIA GeForce RTX 4070 Laptop GPU",8,8,5,13107200,4.859560,4.822100,4.903200,0.026666,0.023104,0.022528,0.024384,0.000753,1.033304,1.032728,1.034584,0.000753,0.135700,0.374800,0.136700,0.363000,210.334140,4.702934,2.697199,567.313017,0.000000,0.000000,true
512,512,5,gaussian,cuda_separable,"NVIDIA GeForce RTX 4070 Laptop GPU",8,8,5,5242880,4.859560,4.822100,4.903200,0.026666,0.024122,0.018400,0.045056,0.010476,0.835422,0.829700,0.856356,0.010476,0.141800,0.309700,0.135700,0.224100,201.460931,5.816895,1.078880,217.352083,0.000000,0.000000,true
512,512,5,gaussian,cuda_naive_global_memory,"NVIDIA GeForce RTX 4070 Laptop GPU",16,16,5,13107200,4.859560,4.822100,4.903200,0.026666,0.023923,0.021504,0.026624,0.002232,1.028123,1.025704,1.030824,0.002232,0.117900,0.418200,0.136200,0.331900,203.131688,4.726632,2.697199,547.886570,0.000000,0.000000,true
512,512,5,gaussian,cuda_shared_memory_tiled,"NVIDIA GeForce RTX 4070 Laptop GPU",16,16,5,13107200,4.859560,4.822100,4.903200,0.026666,0.022938,0.022528,0.024576,0.000819,0.867738,0.867328,0.869376,0.000819,0.163800,0.293100,0.137000,0.250900,211.860000,5.600264,2.697199,571.428564,0.000000,0.000000,true
512,512,5,gaussian,cuda_shared_constant_filter,"NVIDIA GeForce RTX 4070 Laptop GPU",16,16,5,13107200,4.859560,4.822100,4.903200,0.026666,0.025306,0.019456,0.045984,0.010345,0.990606,0.984756,1.011284,0.010345,0.153800,0.343100,0.133900,0.334500,192.034967,4.905646,2.697199,517.956505,0.000000,0.000000,true
512,512,5,gaussian,cuda_multi_output,"NVIDIA GeForce RTX 4070 Laptop GPU",16,16,5,13107200,4.859560,4.822100,4.903200,0.026666,0.022093,0.021504,0.022528,0.000483,0.869093,0.868504,0.869528,0.000483,0.145300,0.306200,0.150700,0.244800,219.961256,5.591532,2.697199,593.279263,0.000000,0.000000,true
512,512,5,gaussian,cuda_register_tiled,"NVIDIA GeForce RTX 4070 Laptop GPU",16,16,5,13107200,4.859560,4.822100,4.903200,0.026666,0.029862,0.017408,0.076800,0.023472,1.056362,1.043908,1.103300,0.023472,0.171400,0.312400,0.133500,0.409200,162.731725,4.600277,2.697199,438.919833,0.000000,0.000000,true
512,512,5,gaussian,cuda_separable,"NVIDIA GeForce RTX 4070 Laptop GPU",16,16,5,5242880,4.859560,4.822100,4.903200,0.026666,0.036429,0.017408,0.055296,0.015742,0.980529,0.961508,0.999396,0.015742,0.150000,0.316400,0.143600,0.334100,133.398848,4.956060,1.078880,143.921292,0.000000,0.000000,true
512,512,5,gaussian,cuda_naive_global_memory,"NVIDIA GeForce RTX 4070 Laptop GPU",32,8,5,13107200,4.859560,4.822100,4.903200,0.026666,0.022259,0.021504,0.023328,0.000691,0.969859,0.969104,0.970928,0.000691,0.144500,0.326900,0.187500,0.288700,218.316921,5.010583,2.697199,588.844164,0.000000,0.000000,true
512,512,5,gaussian,cuda_shared_memory_tiled,"NVIDIA GeForce RTX 4070 Laptop GPU",32,8,5,13107200,4.859560,4.822100,4.903200,0.026666,0.026586,0.025600,0.028480,0.001052,0.895886,0.894900,0.897780,0.001052,0.138400,0.318700,0.142000,0.270200,182.789181,5.424309,2.697199,493.018781,0.000000,0.000000,true
512,512,5,gaussian,cuda_shared_constant_filter,"NVIDIA GeForce RTX 4070 Laptop GPU",32,8,5,13107200,4.859560,4.822100,4.903200,0.026666,0.020454,0.019456,0.021504,0.000650,0.939654,0.938656,0.940704,0.000650,0.164200,0.339600,0.144400,0.271000,237.580182,5.171646,2.697199,640.801012,0.000000,0.000000,true
512,512,5,gaussian,cuda_multi_output,"NVIDIA GeForce RTX 4070 Laptop GPU",32,8,5,13107200,4.859560,4.822100,4.903200,0.026666,0.022938,0.021504,0.025600,0.001533,0.855438,0.854004,0.858100,0.001533,0.113900,0.301000,0.132900,0.284700,211.860003,5.680788,2.697199,571.428573,0.000000,0.000000,true
512,512,5,gaussian,cuda_register_tiled,"NVIDIA GeForce RTX 4070 Laptop GPU",32,8,5,13107200,4.859560,4.822100,4.903200,0.026666,0.018419,0.017440,0.019360,0.000607,0.948019,0.947040,0.948960,0.000607,0.114800,0.368800,0.145200,0.300800,263.831212,5.126014,2.697199,711.605260,0.000000,0.000000,true
512,512,5,gaussian,cuda_separable,"NVIDIA GeForce RTX 4070 Laptop GPU",32,8,5,5242880,4.859560,4.822100,4.903200,0.026666,0.039494,0.022528,0.049152,0.008999,0.913094,0.896128,0.922752,0.008999,0.156600,0.301300,0.159400,0.256300,123.044281,5.322078,1.078880,132.749960,0.000000,0.000000,true
512,512,5,gaussian,cuda_naive_global_memory,"NVIDIA GeForce RTX 4070 Laptop GPU",32,16,5,13107200,4.859560,4.822100,4.903200,0.026666,0.022528,0.021504,0.023552,0.000648,0.883328,0.882304,0.884352,0.000648,0.138300,0.277800,0.179500,0.265200,215.712001,5.501422,2.697199,581.818177,0.000000,0.000000,true
512,512,5,gaussian,cuda_shared_memory_tiled,"NVIDIA GeForce RTX 4070 Laptop GPU",32,16,5,13107200,4.859560,4.822100,4.903200,0.026666,0.023962,0.023552,0.024576,0.000502,0.974262,0.973852,0.974876,0.000502,0.145400,0.305500,0.251700,0.247700,202.806151,4.987942,2.697199,547.008532,0.000000,0.000000,true
512,512,5,gaussian,cuda_shared_constant_filter,"NVIDIA GeForce RTX 4070 Laptop GPU",32,16,5,13107200,4.859560,4.822100,4.903200,0.026666,0.023552,0.022528,0.024576,0.000648,1.001552,1.000528,1.002576,0.000648,0.159200,0.326400,0.142100,0.350300,206.333216,4.852030,2.697199,556.521727,0.000000,0.000000,true
512,512,5,gaussian,cuda_multi_output,"NVIDIA GeForce RTX 4070 Laptop GPU",32,16,5,13107200,4.859560,4.822100,4.903200,0.026666,0.026598,0.025600,0.027648,0.000648,0.904898,0.903900,0.905948,0.000648,0.177900,0.288900,0.145400,0.266100,182.701219,5.370282,2.697199,492.781530,0.000000,0.000000,true
512,512,5,gaussian,cuda_register_tiled,"NVIDIA GeForce RTX 4070 Laptop GPU",32,16,5,13107200,4.859560,4.822100,4.903200,0.026666,0.018842,0.018432,0.020480,0.000819,1.046542,1.046132,1.048180,0.000819,0.116700,0.415100,0.198800,0.297100,257.916519,4.643447,2.697199,695.652158,0.000000,0.000000,true
512,512,5,gaussian,cuda_separable,"NVIDIA GeForce RTX 4070 Laptop GPU",32,16,5,5242880,4.859560,4.822100,4.903200,0.026666,0.033997,0.018432,0.046080,0.012780,0.867397,0.851832,0.879480,0.012780,0.151300,0.287400,0.136300,0.258400,142.941687,5.602465,1.078880,154.216866,0.000000,0.000000,true
512,512,5,sharpen,cuda_naive_global_memory,"NVIDIA GeForce RTX 4070 Laptop GPU",8,8,5,13107200,4.848700,4.823700,4.900900,0.028040,0.024570,0.023552,0.025600,0.000648,1.156670,1.155652,1.157700,0.000648,0.203100,0.454600,0.141700,0.332700,197.345497,4.191949,2.703240,533.472249,0.000001,0.000000,true
512,512,5,sharpen,cuda_shared_memory_tiled,"NVIDIA GeForce RTX 4070 Laptop GPU",8,8,5,13107200,4.848700,4.823700,4.900900,0.028040,0.022938,0.021504,0.023552,0.000819,0.909438,0.908004,0.910052,0.000819,0.159700,0.317000,0.149800,0.260000,211.386541,5.331537,2.703240,571.428564,0.000001,0.000000,true
512,512,5,sharpen,cuda_shared_constant_filter,"NVIDIA GeForce RTX 4070 Laptop GPU",8,8,5,13107200,4.848700,4.823700,4.900900,0.028040,0.021485,0.020384,0.022528,0.000938,1.043285,1.042184,1.044328,0.000938,0.188400,0.364600,0.186400,0.282400,225.680481,4.647532,2.703240,610.068512,0.000001,0.000000,true
512,512,5,sharpen,cuda_multi_output,"NVIDIA GeForce RTX 4070 Laptop GPU",8,8,5,13107200,4.848700,4.823700,4.900900,0.028040,0.024166,0.023552,0.025600,0.000819,0.824566,0.823952,0.826000,0.000819,0.117600,0.322700,0.131100,0.229000,200.638073,5.880303,2.703240,542.372873,0.000001,0.000000,true
512,512,5,sharpen,cuda_register_tiled,"NVIDIA GeForce RTX 4070 Laptop GPU",8,8,5,13107200,4.848700,4.823700,4.900900,0.028040,0.022643,0.021504,0.023424,0.000715,1.008543,1.007404,1.009324,0.000715,0.111500,0.376300,0.185500,0.312600,214.134929,4.807627,2.703240,578.858114,0.000001,0.000000,true
512,512,5,sharpen,cuda_naive_global_memory,"NVIDIA GeForce RTX 4070 Laptop GPU",16,16,5,13107200,4.848700,4.823700,4.900900,0.028040,0.021504,0.020480,0.022528,0.000648,0.921504,0.920480,0.922528,0.000648,0.119400,0.333300,0.131800,0.315500,225.478982,5.261724,2.703240,609.523814,0.000001,0.000000,true
512,512,5,sharpen,cuda_shared_memory_tiled,"NVIDIA GeForce RTX 4070 Laptop GPU",16,16,5,13107200,4.848700,4.823700,4.900900,0.028040,0.022938,0.022528,0.023552,0.000502,0.907338,0.906928,0.907952,0.000502,0.111200,0.353800,0.142100,0.277300,211.386541,5.343876,2.703240,571.428564,0.000001,0.000000,true
512,512,5,sharpen,cuda_shared_constant_filter,"NVIDIA GeForce RTX 4070 Laptop GPU",16,16,5,13107200,4.848700,4.823700,4.900900,0.028040,0.024371,0.019456,0.041984,0.008842,0.857171,0.852256,0.874784,0.008842,0.161800,0.291700,0.134500,0.244800,198.952047,5.656630,2.703240,537.815141,0.000001,0.000000,true
512,512,5,sharpen,cuda_multi_output,"NVIDIA GeForce RTX 4070 Laptop GPU",16,16,5,13107200,4.848700,4.823700,4.900900,0.028040,0.022272,0.021504,0.023552,0.000755,0.919572,0.918804,0.920852,0.000755,0.110000,0.392300,0.138200,0.256800,217.703843,5.272779,2.703240,588.505745,0.000001,0.000000,true
512,512,5,sharpen,cuda_register_tiled,"NVIDIA GeForce RTX 4070 Laptop GPU",16,16,5,13107200,4.848700,4.823700,4.900900,0.028040,0.017997,0.017408,0.019392,0.000790,0.897497,0.896908,0.898892,0.000790,0.128800,0.364600,0.157000,0.229100,269.420114,5.402471,2.703240,728.307242,0.000001,0.000000,true
512,512,5,sharpen,cuda_naive_global_memory,"NVIDIA GeForce RTX 4070 Laptop GPU",32,8,5,13107200,4.848700,4.823700,4.900900,0.028040,0.022074,0.021504,0.022528,0.000468,0.836174,0.835604,0.836628,0.000468,0.104500,0.287600,0.138600,0.283400,219.660589,5.798676,2.703240,593.795301,0.000001,0.000000,true
512,512,5,sharpen,cuda_shared_memory_tiled,"NVIDIA GeForce RTX 4070 Laptop GPU",32,8,5,13107200,4.848700,4.823700,4.900900,0.028040,0.023341,0.022528,0.024544,0.000756,0.928241,0.927428,0.929444,0.000756,0.134400,0.331700,0.131200,0.307600,207.734950,5.223537,2.703240,561.557435,0.000001,0.000000,true
512,512,5,sharpen,cuda_shared_constant_filter,"NVIDIA GeForce RTX 4070 Laptop GPU",32,8,5,13107200,4.848700,4.823700,4.900900,0.028040,0.024909,0.019456,0.041824,0.008488,0.919009,0.913556,0.935924,0.008488,0.149800,0.325000,0.161600,0.257700,194.658112,5.276010,2.703240,526.207604,0.000001,0.000000,true
512,512,5,sharpen,cuda_multi_output,"NVIDIA GeForce RTX 4070 Laptop GPU",32,8,5,13107200,4.848700,4.823700,4.900900,0.028040,0.025376,0.024576,0.026624,0.000762,0.896676,0.895876,0.897924,0.000762,0.176200,0.305100,0.141100,0.248900,191.074241,5.407416,2.703240,516.519541,0.000001,0.000000,true
512,512,5,sharpen,cuda_register_tiled,"NVIDIA GeForce RTX 4070 Laptop GPU",32,8,5,13107200,4.848700,4.823700,4.900900,0.028040,0.021888,0.018208,0.035936,0.007025,0.941888,0.938208,0.955936,0.007025,0.102100,0.313700,0.133000,0.371200,221.523200,5.147852,2.703240,598.830385,0.000001,0.000000,true
512,512,5,sharpen,cuda_naive_global_memory,"NVIDIA GeForce RTX 4070 Laptop GPU",32,16,5,13107200,4.848700,4.823700,4.900900,0.028040,0.022528,0.021504,0.024576,0.001122,1.000028,0.999004,1.002076,0.001122,0.182400,0.353400,0.167500,0.274200,215.229934,4.848564,2.703240,581.818177,0.000001,0.000000,true
512,512,5,sharpen,cuda_shared_memory_tiled,"NVIDIA GeForce RTX 4070 Laptop GPU",32,16,5,13107200,4.848700,4.823700,4.900900,0.028040,0.024288,0.023552,0.024576,0.000381,0.918788,0.918052,0.919076,0.000381,0.114600,0.335200,0.142800,0.301900,199.633559,5.277278,2.703240,539.657432,0.000001,0.000000,true
512,512,5,sharpen,cuda_shared_constant_filter,"NVIDIA GeForce RTX 4070 Laptop GPU",32,16,5,13107200,4.848700,4.823700,4.900900,0.028040,0.026605,0.019456,0.051200,0.012315,0.932205,0.925056,0.956800,0.012315,0.172700,0.355000,0.134800,0.243100,182.249071,5.201325,2.703240,492.662986,0.000001,0.000000,true
512,512,5,sharpen,cuda_multi_output,"NVIDIA GeForce RTX 4070 Laptop GPU",32,16,5,13107200,4.848700,4.823700,4.900900,0.028040,0.022906,0.022432,0.023552,0.000503,0.915006,0.914532,0.915652,0.000503,0.105800,0.301800,0.135200,0.349300,211.681859,5.299093,2.703240,572.226877,0.000001,0.000000,true
512,512,5,sharpen,cuda_register_tiled,"NVIDIA GeForce RTX 4070 Laptop GPU",32,16,5,13107200,4.848700,4.823700,4.900900,0.028040,0.019219,0.018432,0.020320,0.000716,0.868319,0.867532,0.869420,0.000716,0.131400,0.361700,0.133300,0.222700,252.284175,5.584006,2.703240,681.984684,0.000001,0.000000,true
512,512,5,sobel,cuda_naive_global_memory,"NVIDIA GeForce RTX 4070 Laptop GPU",8,8,5,13107200,4.854900,4.821700,4.925800,0.036342,0.024518,0.023552,0.026560,0.001102,1.158918,1.157952,1.160960,0.001102,0.194100,0.437700,0.141700,0.360900,198.010473,4.189165,2.699788,534.586269,0.000000,0.000000,true
512,512,5,sobel,cuda_shared_memory_tiled,"NVIDIA GeForce RTX 4070 Laptop GPU",8,8,5,13107200,4.854900,4.821700,4.925800,0.036342,0.026624,0.025600,0.028672,0.001122,0.924424,0.923400,0.926472,0.001122,0.187200,0.313100,0.145200,0.252300,182.350513,5.251811,2.699788,492.307698,0.000000,0.000000,true
512,512,5,sobel,cuda_shared_constant_filter,"NVIDIA GeForce RTX 4070 Laptop GPU",8,8,5,13107200,4.854900,4.821700,4.925800,0.036342,0.024781,0.019456,0.040960,0.008125,0.959981,0.954656,0.976160,0.008125,0.101800,0.308800,0.158300,0.366300,195.913776,5.057289,2.699788,528.925632,0.000000,0.000000,true
512,512,5,sobel,cuda_multi_output,"NVIDIA GeForce RTX 4070 Laptop GPU",8,8,5,13107200,4.854900,4.821700,4.925800,0.036342,0.024141,0.023552,0.024576,0.000483,0.870641,0.870052,0.871076,0.000483,0.144700,0.329000,0.137800,0.235000,201.107664,5.576238,2.699788,542.948026,0.000000,0.000000,true
512,512,5,sobel,cuda_register_tiled,"NVIDIA GeForce RTX 4070 Laptop GPU",8,8,5,13107200,4.854900,4.821700,4.925800,0.036342,0.023514,0.022528,0.025600,0.001123,0.970714,0.969728,0.972800,0.001123,0.132700,0.360000,0.135800,0.318700,206.472000,5.001372,2.699788,557.430597,0.000000,0.000000,true
512,512,5,sobel,cuda_naive_global_memory,"NVIDIA GeForce RTX 4070 Laptop GPU",16,16,5,13107200,4.854900,4.821700,4.925800,0.036342,0.022323,0.021504,0.023552,0.000766,0.947923,0.947104,0.949152,0.000766,0.156300,0.401700,0.133000,0.234600,217.482260,5.121617,2.699788,587.155960,0.000000,0.000000,true
512,512,5,sobel,cuda_shared_memory_tiled,"NVIDIA GeForce RTX 4070 Laptop GPU",16,16,5,13107200,4.854900,4.821700,4.925800,0.036342,0.022938,0.022528,0.023552,0.000502,0.861338,0.860928,0.861952,0.000502,0.108600,0.311700,0.153600,0.264500,211.656840,5.636466,2.699788,571.428564,0.000000,0.000000,true
512,512,5,sobel,cuda_shared_constant_filter,"NVIDIA GeForce RTX 4070 Laptop GPU",16,16,5,13107200,4.854900,4.821700,4.925800,0.036342,0.025395,0.019456,0.041984,0.008404,0.933295,0.927356,0.949884,0.008404,0.197600,0.322100,0.136300,0.251900,191.173925,5.201891,2.699788,516.129039,0.000000,0.000000,true
512,512,5,sobel,cuda_multi_output,"NVIDIA GeForce RTX 4070 Laptop GPU",16,16,5,13107200,4.854900,4.821700,4.925800,0.036342,0.021677,0.020480,0.022528,0.000734,0.848177,0.846980,0.849028,0.000734,0.113000,0.308700,0.131800,0.273000,223.967560,5.723925,2.699788,604.664894,0.000000,0.000000,true
512,512,5,sobel,cuda_register_tiled,"NVIDIA GeForce RTX 4070 Laptop GPU",16,16,5,13107200,4.854900,4.821700,4.925800,0.036342,0.021504,0.020480,0.022528,0.000648,0.915404,0.914380,0.916428,0.000648,0.162000,0.316300,0.145400,0.270200,225.767301,5.303560,2.699788,609.523814,0.000000,0.000000,true
512,512,5,sobel,cuda_naive_global_memory,"NVIDIA GeForce RTX 4070 Laptop GPU",32,8,5,13107200,4.854900,4.821700,4.925800,0.036342,0.021658,0.021248,0.022528,0.000446,0.985458,0.985048,0.986328,0.000446,0.106800,0.362700,0.130400,0.363900,224.166114,4.926544,2.699788,605.200949,0.000000,0.000000,true
512,512,5,sobel,cuda_shared_memory_tiled,"NVIDIA GeForce RTX 4070 Laptop GPU",32,8,5,13107200,4.854900,4.821700,4.925800,0.036342,0.025190,0.022528,0.029696,0.002475,0.955090,0.952428,0.959596,0.002475,0.138800,0.396900,0.137400,0.256800,192.728180,5.083184,2.699788,520.325196,0.000000,0.000000,true
512,512,5,sobel,cuda_shared_constant_filter,"NVIDIA GeForce RTX 4070 Laptop GPU",32,8,5,13107200,4.854900,4.821700,4.925800,0.036342,0.025165,0.020352,0.043008,0.008931,0.818965,0.814152,0.836808,0.008931,0.111400,0.324300,0.133200,0.224900,192.924245,5.928094,2.699788,520.854532,0.000000,0.000000,true
512,512,5,sobel,cuda_multi_output,"NVIDIA GeForce RTX 4070 Laptop GPU",32,8,5,13107200,4.854900,4.821700,4.925800,0.036342,0.022118,0.021504,0.022528,0.000502,0.926618,0.926004,0.927028,0.000502,0.119100,0.380000,0.150200,0.255200,219.495985,5.239374,2.699788,592.592592,0.000000,0.000000,true
512,512,5,sobel,cuda_register_tiled,"NVIDIA GeForce RTX 4070 Laptop GPU",32,8,5,13107200,4.854900,4.821700,4.925800,0.036342,0.018189,0.017408,0.018432,0.000397,0.843989,0.843208,0.844232,0.000397,0.116300,0.329200,0.130100,0.250200,266.917000,5.752328,2.699788,720.619271,0.000000,0.000000,true
512,512,5,sobel,cuda_naive_global_memory,"NVIDIA GeForce RTX 4070 Laptop GPU",32,16,5,13107200,4.854900,4.821700,4.925800,0.036342,0.023347,0.022528,0.024576,0.000766,0.919647,0.918828,0.920876,0.000766,0.129200,0.341700,0.148600,0.276800,207.943561,5.279090,2.699788,561.403498,0.000000,0.000000,true
512,512,5,sobel,cuda_shared_memory_tiled,"NVIDIA GeForce RTX 4070 Laptop GPU",32,16,5,13107200,4.854900,4.821700,4.925800,0.036342,0.023962,0.023552,0.024576,0.000502,0.806362,0.805952,0.806976,0.000502,0.120500,0.304400,0.129200,0.228300,202.611673,6.020748,2.699788,547.008532,0.000000,0.000000,true
512,512,5,sobel,cuda_shared_constant_filter,"NVIDIA GeForce RTX 4070 Laptop GPU",32,16,5,13107200,4.854900,4.821700,4.925800,0.036342,0.021050,0.020256,0.022528,0.000857,0.948550,0.947756,0.950028,0.000857,0.119800,0.384800,0.136800,0.286100,230.640965,5.118235,2.699788,622.681674,0.000000,0.000000,true
512,512,5,sobel,cuda_multi_output,"NVIDIA GeForce RTX 4070 Laptop GPU",32,16,5,13107200,4.854900,4.821700,4.925800,0.036342,0.023552,0.022528,0.026624,0.001586,0.954152,0.953128,0.957224,0.001586,0.171600,0.326500,0.134900,0.297600,206.135359,5.088183,2.699788,556.521736,0.000000,0.000000,true
512,512,5,sobel,cuda_register_tiled,"NVIDIA GeForce RTX 4070 Laptop GPU",32,16,5,13107200,4.854900,4.821700,4.925800,0.036342,0.018406,0.018304,0.018432,0.000051,0.867606,0.867504,0.867632,0.000051,0.147000,0.307700,0.131800,0.262700,263.761511,5.595740,2.699788,712.100121,0.000000,0.000000,true
512,512,7,box,cuda_naive_global_memory,"NVIDIA GeForce RTX 4070 Laptop GPU",8,8,5,25690112,9.125660,9.089600,9.154200,0.023461,0.039117,0.037888,0.040960,0.001003,1.105617,1.104388,1.107460,0.001003,0.211000,0.400600,0.137300,0.317600,233.292606,8.253909,2.815151,656.753942,0.000000,0.000000,true
512,512,7,box,cuda_shared_memory_tiled,"NVIDIA GeForce RTX 4070 Laptop GPU",8,8,5,25690112,9.125660,9.089600,9.154200,0.023461,0.033946,0.032768,0.035584,0.000910,1.085546,1.084368,1.087184,0.000910,0.152300,0.402500,0.131100,0.365700,268.831896,8.406519,2.815151,756.802415,0.000000,0.000000,true
512,512,7,box,cuda_shared_constant_filter,"NVIDIA GeForce RTX 4070 Laptop GPU",8,8,5,25690112,9.125660,9.089600,9.154200,0.023461,0.025805,0.025600,0.026624,0.000410,0.884805,0.884600,0.885624,0.000410,0.175900,0.315200,0.133000,0.234900,353.641966,10.313755,2.815151,995.555578,0.000000,0.000000,true
512,512,7,box,cuda_multi_output,"NVIDIA GeForce RTX 4070 Laptop GPU",8,8,5,25690112,9.125660,9.089600,9.154200,0.023461,0.038893,0.037888,0.039936,0.000649,1.109793,1.108788,1.110836,0.000649,0.108600,0.369800,0.256000,0.336500,234.636233,8.222850,2.815151,660.536455,0.000000,0.000000,true
512,512,7,box,cuda_register_tiled,"NVIDIA GeForce RTX 4070 Laptop GPU",8,8,5,25690112,9.125660,9.089600,9.154200,0.023461,0.035603,0.034816,0.037728,0.001134,0.923303,0.922516,0.925428,0.001134,0.171700,0.318300,0.161300,0.236400,256.315720,9.883709,2.815151,721.567486,0.000000,0.000000,true
512,512,7,box,cuda_separable,"NVIDIA GeForce RTX 4070 Laptop GPU",8,8,5,7340032,9.125660,9.089600,9.154200,0.023461,0.029254,0.020480,0.045056,0.009922,1.006154,0.997380,1.021956,0.009922,0.112500,0.353300,0.248800,0.262300,311.941452,9.069841,0.804329,250.903522,0.000000,0.000000,true
512,512,7,box,cuda_naive_global_memory,"NVIDIA GeForce RTX 4070 Laptop GPU",16,16,5,25690112,9.125660,9.089600,9.154200,0.023461,0.031725,0.030720,0.032768,0.000649,0.863125,0.862120,0.864168,0.000649,0.149100,0.301400,0.135100,0.245800,287.650676,10.572816,2.815151,809.780124,0.000000,0.000000,true
512,512,7,box,cuda_shared_memory_tiled,"NVIDIA GeForce RTX 4070 Laptop GPU",16,16,5,25690112,9.125660,9.089600,9.154200,0.023461,0.036000,0.034816,0.036864,0.000722,1.089400,1.088216,1.090264,0.000722,0.152000,0.305900,0.148000,0.447500,253.490551,8.376776,2.815151,713.614209,0.000000,0.000000,true
512,512,7,box,cuda_shared_constant_filter,"NVIDIA GeForce RTX 4070 Laptop GPU",16,16,5,25690112,9.125660,9.089600,9.154200,0.023461,0.028058,0.026624,0.029696,0.001044,1.023458,1.022024,1.025096,0.001044,0.196300,0.340300,0.144000,0.314800,325.247346,8.916500,2.815151,915.620432,0.000000,0.000000,true
512,512,7,box,cuda_multi_output,"NVIDIA GeForce RTX 4070 Laptop GPU",16,16,5,25690112,9.125660,9.089600,9.154200,0.023461,0.033587,0.032768,0.034816,0.000766,1.064787,1.063968,1.066016,0.000766,0.200400,0.385500,0.178400,0.266900,271.700527,8.570407,2.815151,764.878044,0.000000,0.000000,true
512,512,7,box,cuda_register_tiled,"NVIDIA GeForce RTX 4070 Laptop GPU",16,16,5,25690112,9.125660,9.089600,9.154200,0.023461,0.041542,0.025600,0.101376,0.029924,0.858442,0.842500,0.918276,0.029924,0.112800,0.327900,0.130100,0.246100,219.670990,10.630486,2.815151,618.407036,0.000000,0.000000,true
512,512,7,box,cuda_separable,"NVIDIA GeForce RTX 4070 Laptop GPU",16,16,5,7340032,9.125660,9.089600,9.154200,0.023461,0.024403,0.019456,0.041152,0.008384,0.968403,0.963456,0.985152,0.008384,0.129500,0.370000,0.156500,0.288000,373.953423,9.423410,0.804329,300.781542,0.000000,0.000000,true
512,512,7,box,cuda_naive_global_memory,"NVIDIA GeForce RTX 4070 Laptop GPU",32,8,5,25690112,9.125660,9.089600,9.154200,0.023461,0.032358,0.031744,0.032768,0.000502,0.877658,0.877044,0.878068,0.000502,0.127000,0.329200,0.135200,0.253900,282.018272,10.397736,2.815151,793.924056,0.000000,0.000000,true
512,512,7,box,cuda_shared_memory_tiled,"NVIDIA GeForce RTX 4070 Laptop GPU",32,8,5,25690112,9.125660,9.089600,9.154200,0.023461,0.033792,0.032768,0.034816,0.000648,0.959892,0.958868,0.960916,0.000648,0.118600,0.368000,0.165700,0.273800,270.053857,9.506965,2.815151,760.242418,0.000000,0.000000,true
512,512,7,box,cuda_shared_constant_filter,"NVIDIA GeForce RTX 4070 Laptop GPU",32,8,5,25690112,9.125660,9.089600,9.154200,0.023461,0.024986,0.024576,0.026624,0.000819,0.901786,0.901376,0.903424,0.000819,0.154300,0.271000,0.144700,0.306800,365.236767,10.119545,2.815151,1028.196695,0.000000,0.000000,true
512,512,7,box,cuda_multi_output,"NVIDIA GeForce RTX 4070 Laptop GPU",32,8,5,25690112,9.125660,9.089600,9.154200,0.023461,0.032973,0.032768,0.033792,0.000410,1.090273,1.090068,1.091092,0.000410,0.113500,0.440800,0.195000,0.308000,276.763272,8.370070,2.815151,779.130435,0.000000,0.000000,true
512,512,7,box,cuda_register_tiled,"NVIDIA GeForce RTX 4070 Laptop GPU",32,8,5,25690112,9.125660,9.089600,9.154200,0.023461,0.029683,0.028672,0.031680,0.001098,0.893983,0.892972,0.895980,0.001098,0.150800,0.285500,0.140500,0.287500,307.435179,10.207865,2.815151,865.476491,0.000000,0.000000,true
512,512,7,box,cuda_separable,"NVIDIA GeForce RTX 4070 Laptop GPU",32,8,5,7340032,9.125660,9.089600,9.154200,0.023461,0.032902,0.019456,0.044896,0.011110,0.976602,0.963156,0.988596,0.011110,0.121100,0.400500,0.198300,0.223800,277.355456,9.344294,0.804329,223.085007,0.000000,0.000000,true
512,512,7,box,cuda_naive_global_memory,"NVIDIA GeForce RTX 4070 Laptop GPU",32,16,5,25690112,9.125660,9.089600,9.154200,0.023461,0.032563,0.031744,0.032768,0.000410,0.844863,0.844044,0.845068,0.000410,0.113300,0.312900,0.130700,0.255400,280.244572,10.801346,2.815151,788.930821,0.000000,0.000000,true
512,512,7,box,cuda_shared_memory_tiled,"NVIDIA GeForce RTX 4070 Laptop GPU",32,16,5,25690112,9.125660,9.089600,9.154200,0.023461,0.035021,0.033792,0.038912,0.001986,0.969121,0.967892,0.973012,0.001986,0.106000,0.376300,0.128900,0.322900,260.578285,9.416432,2.815151,733.567253,0.000000,0.000000,true
512,512,7,box,cuda_shared_constant_filter,"NVIDIA GeForce RTX 4070 Laptop GPU",32,16,5,25690112,9.125660,9.089600,9.154200,0.023461,0.025600,0.024576,0.027648,0.001122,0.924900,0.923876,0.926948,0.001122,0.170000,0.347300,0.135600,0.246400,356.471092,9.866645,2.815151,1003.519996,0.000000,0.000000,true
512,512,7,box,cuda_multi_output,"NVIDIA GeForce RTX 4070 Laptop GPU",32,16,5,25690112,9.125660,9.089600,9.154200,0.023461,0.034566,0.033792,0.035840,0.000760,0.891466,0.890692,0.892740,0.000760,0.120700,0.327200,0.134200,0.274800,264.003771,10.236684,2.815151,743.210512,0.000000,0.000000,true
512,512,7,box,cuda_register_tiled,"NVIDIA GeForce RTX 4070 Laptop GPU",32,16,5,25690112,9.125660,9.089600,9.154200,0.023461,0.027443,0.026624,0.028672,0.000766,0.877343,0.876524,0.878572,0.000766,0.180700,0.290000,0.135600,0.243600,332.529006,10.401471,2.815151,936.119404,0.000000,0.000000,true
512,512,7,box,cuda_separable,"NVIDIA GeForce RTX 4070 Laptop GPU",32,16,5,7340032,9.125660,9.089600,9.154200,0.023461,0.022266,0.021504,0.022528,0.000387,1.536266,1.535504,1.536528,0.000387,0.123500,0.875900,0.159900,0.354700,409.854663,5.940158,0.804329,329.657947,0.000000,0.000000,true
512,512,7,gaussian,cuda_naive_global_memory,"NVIDIA GeForce RTX 4070 Laptop GPU",8,8,5,25690112,9.150120,9.128700,9.176300,0.017458,0.039322,0.037888,0.040960,0.001044,1.085522,1.084088,1.087160,0.001044,0.209800,0.385400,0.134000,0.317000,232.699590,8.429238,2.807626,653.333347,0.000000,0.000000,true
512,512,7,gaussian,cuda_shared_memory_tiled,"NVIDIA GeForce RTX 4070 Laptop GPU",8,8,5,25690112,9.150120,9.128700,9.176300,0.017458,0.034611,0.033792,0.035840,0.000766,1.002911,1.002092,1.004140,0.000766,0.142900,0.392100,0.155100,0.278200,264.368755,9.123559,2.807626,742.248509,0.000000,0.000000,true
512,512,7,gaussian,cuda_shared_constant_filter,"NVIDIA GeForce RTX 4070 Laptop GPU",8,8,5,25690112,9.150120,9.128700,9.176300,0.017458,0.025587,0.024576,0.026624,0.000648,0.852287,0.851276,0.853324,0.000648,0.122600,0.320600,0.133500,0.250000,357.605365,10.735958,2.807626,1004.022011,0.000000,0.000000,true
512,512,7,gaussian,cuda_multi_output,"NVIDIA GeForce RTX 4070 Laptop GPU",8,8,5,25690112,9.150120,9.128700,9.176300,0.017458,0.039322,0.038912,0.039936,0.000502,1.018322,1.017912,1.018936,0.000502,0.127400,0.403500,0.171100,0.277000,232.699594,8.985491,2.807626,653.333360,0.000000,0.000000,true
512,512,7,gaussian,cuda_register_tiled,"NVIDIA GeForce RTX 4070 Laptop GPU",8,8,5,25690112,9.150120,9.128700,9.176300,0.017458,0.035226,0.034816,0.035840,0.000502,0.890526,0.890116,0.891140,0.000502,0.120000,0.319900,0.130200,0.285200,259.757671,10.274966,2.807626,729.302310,0.000000,0.000000,true
512,512,7,gaussian,cuda_separable,"NVIDIA GeForce RTX 4070 Laptop GPU",8,8,5,7340032,9.150120,9.128700,9.176300,0.017458,0.035821,0.021504,0.052224,0.011986,1.041321,1.027004,1.057724,0.011986,0.120700,0.408300,0.178700,0.297800,255.441531,8.787033,0.802179,204.909773,0.000000,0.000000,true
512,512,7,gaussian,cuda_naive_global_memory,"NVIDIA GeForce RTX 4070 Laptop GPU",16,16,5,25690112,9.150120,9.128700,9.176300,0.017458,0.032358,0.031744,0.032768,0.000502,0.882558,0.881944,0.882968,0.000502,0.150300,0.315900,0.138400,0.245600,282.774181,10.367722,2.807626,793.924056,0.000000,0.000000,true
512,512,7,gaussian,cuda_shared_memory_tiled,"NVIDIA GeForce RTX 4070 Laptop GPU",16,16,5,25690112,9.150120,9.128700,9.176300,0.017458,0.033773,0.033696,0.033792,0.000038,0.964773,0.964696,0.964792,0.000038,0.123100,0.374500,0.170600,0.262800,270.931636,9.484223,2.807626,760.674623,0.000000,0.000000,true
512,512,7,gaussian,cuda_shared_constant_filter,"NVIDIA GeForce RTX 4070 Laptop GPU",16,16,5,25690112,9.150120,9.128700,9.176300,0.017458,0.030106,0.024576,0.051200,0.010555,0.832006,0.826476,0.853100,0.010555,0.124700,0.297600,0.130600,0.249000,303.934150,10.997666,2.807626,853.333330,0.000000,0.000000,true
512,512,7,gaussian,cuda_multi_output,"NVIDIA GeForce RTX 4070 Laptop GPU",16,16,5,25690112,9.150120,9.128700,9.176300,0.017458,0.039885,0.037888,0.041984,0.001487,1.026585,1.024588,1.028684,0.001487,0.167900,0.305700,0.151600,0.361500,229.413713,8.913165,2.807626,644.107835,0.000000,0.000000,true
512,512,7,gaussian,cuda_register_tiled,"NVIDIA GeForce RTX 4070 Laptop GPU",16,16,5,25690112,9.150120,9.128700,9.176300,0.017458,0.044237,0.026624,0.112640,0.034205,0.976537,0.958924,1.044940,0.034205,0.206600,0.309400,0.138600,0.277700,206.844075,9.369969,2.807626,580.740740,0.000000,0.000000,true
512,512,7,gaussian,cuda_separable,"NVIDIA GeForce RTX 4070 Laptop GPU",16,16,5,7340032,9.150120,9.128700,9.176300,0.017458,0.030310,0.020480,0.052224,0.012865,1.016010,1.006180,1.037924,0.012865,0.215500,0.308100,0.169300,0.292800,301.880544,9.005931,0.802179,242.162164,0.000000,0.000000,true
512,512,7,gaussian,cuda_naive_global_memory,"NVIDIA GeForce RTX 4070 Laptop GPU",32,8,5,25690112,9.150120,9.128700,9.176300,0.017458,0.032154,0.031744,0.032768,0.000502,0.861454,0.861044,0.862068,0.000502,0.129600,0.304400,0.130900,0.264400,284.575291,10.621721,2.807626,798.980899,0.000000,0.000000,true
512,512,7,gaussian,cuda_shared_memory_tiled,"NVIDIA GeForce RTX 4070 Laptop GPU",32,8,5,25690112,9.150120,9.128700,9.176300,0.017458,0.034202,0.033792,0.035840,0.000819,0.969802,0.969392,0.971440,0.000819,0.124200,0.374300,0.183600,0.253500,267.534849,9.435043,2.807626,751.137716,0.000000,0.000000,true
512,512,7,gaussian,cuda_shared_constant_filter,"NVIDIA GeForce RTX 4070 Laptop GPU",32,8,5,25690112,9.150120,9.128700,9.176300,0.017458,0.024954,0.024416,0.026624,0.000837,0.887154,0.886616,0.888824,0.000837,0.116000,0.335700,0.133100,0.277400,366.685362,10.314020,2.807626,1029.515244,0.000000,0.000000,true
512,512,7,gaussian,cuda_multi_output,"NVIDIA GeForce RTX 4070 Laptop GPU",32,8,5,25690112,9.150120,9.128700,9.176300,0.017458,0.033133,0.032768,0.033792,0.000452,1.086033,1.085668,1.086692,0.000452,0.116000,0.461600,0.188800,0.286500,276.165011,8.425270,2.807626,775.367980,0.000000,0.000000,true
512,512,7,gaussian,cuda_register_tiled,"NVIDIA GeForce RTX 4070 Laptop GPU",32,8,5,25690112,9.150120,9.128700,9.176300,0.017458,0.026419,0.025600,0.026624,0.000410,0.855419,0.854600,0.855624,0.000410,0.139500,0.294300,0.139900,0.255300,346.343573,10.696650,2.807626,972.403114,0.000000,0.000000,true
512,512,7,gaussian,cuda_separable,"NVIDIA GeForce RTX 4070 Laptop GPU",32,8,5,7340032,9.150120,9.128700,9.176300,0.017458,0.029050,0.019456,0.043008,0.010598,1.038350,1.028756,1.052308,0.010598,0.118800,0.423000,0.157600,0.309900,314.982655,8.812177,0.802179,252.672399,0.000000,0.000000,true
512,512,7,gaussian,cuda_naive_global_memory,"NVIDIA GeForce RTX 4070 Laptop GPU",32,16,5,25690112,9.150120,9.128700,9.176300,0.017458,0.032352,0.031744,0.032768,0.000497,0.898452,0.897844,0.898868,0.000497,0.131600,0.316500,0.132900,0.285100,282.830121,10.184317,2.807626,794.081114,0.000000,0.000000,true
512,512,7,gaussian,cuda_shared_memory_tiled,"NVIDIA GeForce RTX 4070 Laptop GPU",32,16,5,25690112,9.150120,9.128700,9.176300,0.017458,0.034611,0.033792,0.036864,0.001194,0.998111,0.997292,1.000364,0.001194,0.120900,0.377300,0.189200,0.276100,264.368755,9.167435,2.807626,742.248509,0.000000,0.000000,true
512,512,7,gaussian,cuda_shared_constant_filter,"NVIDIA GeForce RTX 4070 Laptop GPU",32,16,5,25690112,9.150120,9.128700,9.176300,0.017458,0.025395,0.023552,0.026624,0.001003,0.916395,0.914552,0.917624,0.001003,0.138000,0.388100,0.133500,0.231400,360.309040,9.984906,2.807626,1011.612917,0.000000,0.000000,true
512,512,7,gaussian,cuda_multi_output,"NVIDIA GeForce RTX 4070 Laptop GPU",32,16,5,25690112,9.150120,9.128700,9.176300,0.017458,0.037843,0.036864,0.038912,0.000654,0.949443,0.948464,0.950512,0.000654,0.139600,0.279600,0.149800,0.342600,241.790331,9.637354,2.807626,678.856746,0.000000,0.000000,true
512,512,7,gaussian,cuda_register_tiled,"NVIDIA GeForce RTX 4070 Laptop GPU",32,16,5,25690112,9.150120,9.128700,9.176300,0.017458,0.029869,0.027648,0.032768,0.001748,0.847269,0.845048,0.850168,0.001748,0.140800,0.292200,0.137900,0.246500,306.343741,10.799548,2.807626,860.098559,0.000000,0.000000,true
512,512,7,gaussian,cuda_separable,"NVIDIA GeForce RTX 4070 Laptop GPU",32,16,5,7340032,9.150120,9.128700,9.176300,0.017458,0.028250,0.023552,0.046016,0.008892,0.958950,0.954252,0.976716,0.008892,0.219400,0.300300,0.139100,0.271900,323.902633,9.541815,0.802179,259.827816,0.000000,0.000000,true
512,512,7,sharpen,cuda_naive_global_memory,"NVIDIA GeForce RTX 4070 Laptop GPU",8,8,5,25690112,9.123820,9.092000,9.154400,0.021191,0.042381,0.041920,0.044032,0.000826,1.090881,1.090420,1.092532,0.000826,0.260500,0.341700,0.142700,0.303600,215.281923,8.363719,2.815719,606.173371,0.000001,0.000000,true
512,512,7,sharpen,cuda_shared_memory_tiled,"NVIDIA GeForce RTX 4070 Laptop GPU",8,8,5,25690112,9.123820,9.092000,9.154400,0.021191,0.036864,0.033792,0.043008,0.003365,1.080164,1.077092,1.086308,0.003365,0.178700,0.425100,0.137400,0.302100,247.499454,8.446699,2.815719,696.888878,0.000001,0.000000,true
512,512,7,sharpen,cuda_shared_constant_filter,"NVIDIA GeForce RTX 4070 Laptop GPU",8,8,5,25690112,9.123820,9.092000,9.154400,0.021191,0.025190,0.024576,0.026624,0.000819,0.912590,0.911976,0.914024,0.000819,0.135000,0.304400,0.137100,0.310900,362.194323,9.997716,2.815719,1019.837385,0.000001,0.000000,true
512,512,7,sharpen,cuda_multi_output,"NVIDIA GeForce RTX 4070 Laptop GPU",8,8,5,25690112,9.123820,9.092000,9.154400,0.021191,0.039731,0.038912,0.040960,0.000766,0.936431,0.935612,0.937660,0.000766,0.154300,0.303000,0.163400,0.276000,229.638680,9.743182,2.815719,646.597962,0.000001,0.000000,true
512,512,7,sharpen,cuda_register_tiled,"NVIDIA GeForce RTX 4070 Laptop GPU",8,8,5,25690112,9.123820,9.092000,9.154400,0.021191,0.035610,0.034816,0.035840,0.000400,0.866410,0.865616,0.866640,0.000400,0.117700,0.287900,0.129200,0.296000,256.217981,10.530608,2.815719,721.437800,0.000001,0.000000,true
512,512,7,sharpen,cuda_naive_global_memory,"NVIDIA GeForce RTX 4070 Laptop GPU",16,16,5,25690112,9.123820,9.092000,9.154400,0.021191,0.032749,0.031744,0.033792,0.000649,0.929949,0.928944,0.930992,0.000649,0.180900,0.326800,0.135400,0.254100,278.600134,9.811099,2.815719,784.459650,0.000001,0.000000,true
512,512,7,sharpen,cuda_shared_memory_tiled,"NVIDIA GeForce RTX 4070 Laptop GPU",16,16,5,25690112,9.123820,9.092000,9.154400,0.021191,0.037216,0.036640,0.038912,0.000852,1.009616,1.009040,1.011312,0.000852,0.154400,0.309600,0.141900,0.366500,245.158532,9.036921,2.815719,690.297502,0.000001,0.000000,true
512,512,7,sharpen,cuda_shared_constant_filter,"NVIDIA GeForce RTX 4070 Laptop GPU",16,16,5,25690112,9.123820,9.092000,9.154400,0.021191,0.024563,0.023552,0.025600,0.000648,0.956163,0.955152,0.957200,0.000648,0.136400,0.374400,0.160400,0.260400,371.442640,9.542116,2.815719,1045.878044,0.000001,0.000000,true
512,512,7,sharpen,cuda_multi_output,"NVIDIA GeForce RTX 4070 Laptop GPU",16,16,5,25690112,9.123820,9.092000,9.154400,0.021191,0.032973,0.032768,0.033792,0.000410,0.946573,0.946368,0.947392,0.000410,0.135700,0.295300,0.142200,0.340400,276.707468,9.638794,2.815719,779.130435,0.000001,0.000000,true
512,512,7,sharpen,cuda_register_tiled,"NVIDIA GeForce RTX 4070 Laptop GPU",16,16,5,25690112,9.123820,9.092000,9.154400,0.021191,0.026822,0.025600,0.027648,0.000760,0.855222,0.854000,0.856048,0.000760,0.135200,0.318500,0.136100,0.238600,340.156738,10.668359,2.815719,957.785741,0.000001,0.000000,true
512,512,7,sharpen,cuda_naive_global_memory,"NVIDIA GeForce RTX 4070 Laptop GPU",32,8,5,25690112,9.123820,9.092000,9.154400,0.021191,0.035840,0.034816,0.036864,0.000648,0.995540,0.994516,0.996564,0.000648,0.176700,0.309900,0.142200,0.330900,254.570864,9.164695,2.815719,716.799981,0.000001,0.000000,true
512,512,7,sharpen,cuda_shared_memory_tiled,"NVIDIA GeForce RTX 4070 Laptop GPU",32,8,5,25690112,9.123820,9.092000,9.154400,0.021191,0.033792,0.032768,0.034816,0.000648,0.951792,0.950768,0.952816,0.000648,0.149100,0.314000,0.140000,0.314900,269.999406,9.585939,2.815719,760.242418,0.000001,0.000000,true
512,512,7,sharpen,cuda_shared_constant_filter,"NVIDIA GeForce RTX 4070 Laptop GPU",32,8,5,25690112,9.123820,9.092000,9.154400,0.021191,0.025600,0.024576,0.026624,0.000916,0.838800,0.837776,0.839824,0.000916,0.152600,0.280100,0.137200,0.243300,356.399217,10.877229,2.815719,1003.519996,0.000001,0.000000,true
512,512,7,sharpen,cuda_multi_output,"NVIDIA GeForce RTX 4070 Laptop GPU",32,8,5,25690112,9.123820,9.092000,9.154400,0.021191,0.032563,0.031744,0.033792,0.000766,0.872263,0.871444,0.873492,0.000766,0.173500,0.296300,0.133800,0.236100,280.188066,10.459939,2.815719,788.930821,0.000001,0.000000,true
512,512,7,sharpen,cuda_register_tiled,"NVIDIA GeForce RTX 4070 Laptop GPU",32,8,5,25690112,9.123820,9.092000,9.154400,0.021191,0.030093,0.029632,0.031744,0.000826,0.976393,0.975932,0.978044,0.000826,0.138200,0.302800,0.143500,0.361800,303.189463,9.344415,2.815719,853.696288,0.000001,0.000000,true
512,512,7,sharpen,cuda_naive_global_memory,"NVIDIA GeForce RTX 4070 Laptop GPU",32,16,5,25690112,9.123820,9.092000,9.154400,0.021191,0.032768,0.031744,0.033792,0.000648,0.895768,0.894744,0.896792,0.000648,0.171500,0.302200,0.135800,0.253500,278.436890,10.185472,2.815719,784.000002,0.000001,0.000000,true
512,512,7,sharpen,cuda_shared_memory_tiled,"NVIDIA GeForce RTX 4070 Laptop GPU",32,16,5,25690112,9.123820,9.092000,9.154400,0.021191,0.034349,0.033792,0.035680,0.000751,0.943449,0.942892,0.944780,0.000751,0.171300,0.356900,0.135100,0.245800,265.622671,9.670710,2.815719,747.918762,0.000001,0.000000,true
512,512,7,sharpen,cuda_shared_constant_filter,"NVIDIA GeForce RTX 4070 Laptop GPU",32,16,5,25690112,9.123820,9.092000,9.154400,0.021191,0.025805,0.025600,0.026624,0.000410,0.880105,0.879900,0.880924,0.000410,0.141100,0.329600,0.133900,0.249700,353.570661,10.366743,2.815719,995.555578,0.000001,0.000000,true
512,512,7,sharpen,cuda_multi_output,"NVIDIA GeForce RTX 4070 Laptop GPU",32,16,5,25690112,9.123820,9.092000,9.154400,0.021191,0.037824,0.036864,0.038912,0.000653,0.971924,0.970964,0.973012,0.000653,0.136600,0.335300,0.145200,0.317000,241.217743,9.387380,2.815719,679.201346,0.000001,0.000000,true
512,512,7,sharpen,cuda_register_tiled,"NVIDIA GeForce RTX 4070 Laptop GPU",32,16,5,25690112,9.123820,9.092000,9.154400,0.021191,0.027808,0.027520,0.028640,0.000419,1.023908,1.023620,1.024740,0.000419,0.210200,0.395700,0.132000,0.258200,328.100549,8.910781,2.815719,923.838903,0.000001,0.000000,true
512,512,7,sobel,cuda_naive_global_memory,"NVIDIA GeForce RTX 4070 Laptop GPU",8,8,5,25690112,9.177760,9.126100,9.307300,0.065883,0.045952,0.044800,0.049152,0.001636,1.180352,1.179200,1.183552,0.001636,0.301900,0.355800,0.169300,0.307400,199.724932,7.775443,2.799170,559.064070,0.000000,0.000000,true
512,512,7,sobel,cuda_shared_memory_tiled,"NVIDIA GeForce RTX 4070 Laptop GPU",8,8,5,25690112,9.177760,9.126100,9.307300,0.065883,0.033581,0.032768,0.034816,0.000765,0.924681,0.923868,0.925916,0.000765,0.171400,0.332100,0.136900,0.250700,273.303791,9.925328,2.799170,765.023820,0.000000,0.000000,true
512,512,7,sobel,cuda_shared_constant_filter,"NVIDIA GeForce RTX 4070 Laptop GPU",8,8,5,25690112,9.177760,9.126100,9.307300,0.065883,0.025568,0.024576,0.026624,0.000651,0.992368,0.991376,0.993424,0.000651,0.140300,0.371400,0.176200,0.278900,358.954946,9.248343,2.799170,1004.775976,0.000000,0.000000,true
512,512,7,sobel,cuda_multi_output,"NVIDIA GeForce RTX 4070 Laptop GPU",8,8,5,25690112,9.177760,9.126100,9.307300,0.065883,0.038502,0.037888,0.039936,0.000819,0.855802,0.855188,0.857236,0.000819,0.122200,0.299500,0.129800,0.265800,238.368515,10.724158,2.799170,667.234036,0.000000,0.000000,true
512,512,7,sobel,cuda_register_tiled,"NVIDIA GeForce RTX 4070 Laptop GPU",8,8,5,25690112,9.177760,9.126100,9.307300,0.065883,0.036864,0.035840,0.040960,0.002048,0.937864,0.936840,0.941960,0.002048,0.124400,0.375900,0.135800,0.264900,248.962670,9.785811,2.799170,696.888878,0.000000,0.000000,true
512,512,7,sobel,cuda_naive_global_memory,"NVIDIA GeForce RTX 4070 Laptop GPU",16,16,5,25690112,9.177760,9.126100,9.307300,0.065883,0.032154,0.030720,0.034816,0.001389,0.863154,0.861720,0.865816,0.001389,0.140300,0.314100,0.133400,0.243200,285.434915,10.632824,2.799170,798.980899,0.000000,0.000000,true
512,512,7,sobel,cuda_shared_memory_tiled,"NVIDIA GeForce RTX 4070 Laptop GPU",16,16,5,25690112,9.177760,9.126100,9.307300,0.065883,0.033382,0.032768,0.033792,0.000502,1.036582,1.035968,1.036992,0.000502,0.119300,0.432700,0.136500,0.314700,274.928105,8.853864,2.799170,769.570549,0.000000,0.000000,true
512,512,7,sobel,cuda_shared_constant_filter,"NVIDIA GeForce RTX 4070 Laptop GPU",16,16,5,25690112,9.177760,9.126100,9.307300,0.065883,0.025190,0.024576,0.026624,0.000819,0.810890,0.810276,0.812324,0.000819,0.115100,0.310800,0.131300,0.228500,364.335615,11.318126,2.799170,1019.837385,0.000000,0.000000,true
512,512,7,sobel,cuda_multi_output,"NVIDIA GeForce RTX 4070 Laptop GPU",16,16,5,25690112,9.177760,9.126100,9.307300,0.065883,0.033350,0.032768,0.033824,0.000482,1.025050,1.024468,1.025524,0.000482,0.112400,0.399800,0.183000,0.296500,275.191903,8.953472,2.799170,770.308965,0.000000,0.000000,true
512,512,7,sobel,cuda_register_tiled,"NVIDIA GeForce RTX 4070 Laptop GPU",16,16,5,25690112,9.177760,9.126100,9.307300,0.065883,0.029901,0.029696,0.030720,0.000410,0.895801,0.895596,0.896620,0.000410,0.134200,0.312300,0.142000,0.277400,306.940278,10.245313,2.799170,859.178070,0.000000,0.000000,true
512,512,7,sobel,cuda_naive_global_memory,"NVIDIA GeForce RTX 4070 Laptop GPU",32,8,5,25690112,9.177760,9.126100,9.307300,0.065883,0.032320,0.031744,0.032768,0.000475,0.946020,0.945444,0.946468,0.000475,0.111200,0.384400,0.145700,0.272400,283.965351,9.701444,2.799170,794.867339,0.000000,0.000000,true
512,512,7,sobel,cuda_shared_memory_tiled,"NVIDIA GeForce RTX 4070 Laptop GPU",32,8,5,25690112,9.177760,9.126100,9.307300,0.065883,0.033587,0.032768,0.033792,0.000410,0.857487,0.856668,0.857692,0.000410,0.156000,0.313100,0.131200,0.223600,273.251713,10.703087,2.799170,764.878044,0.000000,0.000000,true
512,512,7,sobel,cuda_shared_constant_filter,"NVIDIA GeForce RTX 4070 Laptop GPU",32,8,5,25690112,9.177760,9.126100,9.307300,0.065883,0.025357,0.024576,0.026528,0.000731,0.966257,0.965476,0.967428,0.000731,0.117500,0.391300,0.135000,0.297100,361.944718,9.498262,2.799170,1013.144857,0.000000,0.000000,true
512,512,7,sobel,cuda_multi_output,"NVIDIA GeForce RTX 4070 Laptop GPU",32,8,5,25690112,9.177760,9.126100,9.307300,0.065883,0.032973,0.031744,0.034816,0.001003,0.901273,0.900044,0.903116,0.001003,0.214600,0.306600,0.127700,0.219400,278.343362,10.183110,2.799170,779.130435,0.000000,0.000000,true
512,512,7,sobel,cuda_register_tiled,"NVIDIA GeForce RTX 4070 Laptop GPU",32,8,5,25690112,9.177760,9.126100,9.307300,0.065883,0.026355,0.025600,0.027488,0.000708,0.959355,0.958600,0.960488,0.000708,0.128400,0.403000,0.133600,0.268000,348.233367,9.566592,2.799170,974.764453,0.000000,0.000000,true
512,512,7,sobel,cuda_naive_global_memory,"NVIDIA GeForce RTX 4070 Laptop GPU",32,16,5,25690112,9.177760,9.126100,9.307300,0.065883,0.032563,0.031744,0.033792,0.000766,0.831063,0.830244,0.832292,0.000766,0.145000,0.305700,0.132800,0.215000,281.844537,11.043396,2.799170,788.930821,0.000000,0.000000,true
512,512,7,sobel,cuda_shared_memory_tiled,"NVIDIA GeForce RTX 4070 Laptop GPU",32,16,5,25690112,9.177760,9.126100,9.307300,0.065883,0.034342,0.033792,0.034816,0.000457,0.942242,0.941692,0.942716,0.000457,0.119700,0.312900,0.157100,0.318200,267.242825,9.740339,2.799170,748.058144,0.000000,0.000000,true
512,512,7,sobel,cuda_shared_constant_filter,"NVIDIA GeForce RTX 4070 Laptop GPU",32,16,5,25690112,9.177760,9.126100,9.307300,0.065883,0.025792,0.025536,0.026624,0.000417,0.865192,0.864936,0.866024,0.000417,0.169000,0.276400,0.138000,0.256000,355.837473,10.607773,2.799170,996.049639,0.000000,0.000000,true
512,512,7,sobel,cuda_multi_output,"NVIDIA GeForce RTX 4070 Laptop GPU",32,16,5,25690112,9.177760,9.126100,9.307300,0.065883,0.034598,0.033792,0.034816,0.000404,0.971298,0.970492,0.971516,0.000404,0.122400,0.363300,0.136000,0.315000,265.265442,9.448960,2.799170,742.523113,0.000000,0.000000,true
512,512,7,sobel,cuda_register_tiled,"NVIDIA GeForce RTX 4070 Laptop GPU",32,16,5,25690112,9.177760,9.126100,9.307300,0.065883,0.027034,0.026624,0.027648,0.000502,0.907634,0.907224,0.908248,0.000502,0.177900,0.353300,0.132100,0.217300,339.494557,10.111746,2.799170,950.303036,0.000000,0.000000,true
512,512,11,box,cuda_naive_global_memory,"NVIDIA GeForce RTX 4070 Laptop GPU",8,8,5,63438848,19.992940,19.932600,20.057300,0.041949,0.081510,0.079872,0.083968,0.001389,1.228410,1.226772,1.230868,0.001389,0.272100,0.424800,0.145800,0.304200,245.280854,16.275457,3.173062,778.291478,0.000000,0.000000,true
512,512,11,box,cuda_shared_memory_tiled,"NVIDIA GeForce RTX 4070 Laptop GPU",8,8,5,63438848,19.992940,19.932600,20.057300,0.041949,0.069728,0.069376,0.070656,0.000474,1.017828,1.017476,1.018756,0.000474,0.135800,0.331200,0.135300,0.345800,286.727568,19.642749,3.173062,909.804491,0.000000,0.000000,true
512,512,11,box,cuda_shared_constant_filter,"NVIDIA GeForce RTX 4070 Laptop GPU",8,8,5,63438848,19.992940,19.932600,20.057300,0.041949,0.043206,0.041984,0.045056,0.001005,0.885806,0.884584,0.887656,0.001005,0.156500,0.299000,0.133900,0.253200,462.730988,22.570327,3.173062,1468.274341,0.000000,0.000000,true
512,512,11,box,cuda_multi_output,"NVIDIA GeForce RTX 4070 Laptop GPU",8,8,5,63438848,19.992940,19.932600,20.057300,0.041949,0.082330,0.081920,0.083968,0.000819,0.983030,0.982620,0.984668,0.000819,0.142700,0.334800,0.134900,0.288300,242.840248,20.338085,3.173062,770.547282,0.000000,0.000000,true
512,512,11,box,cuda_register_tiled,"NVIDIA GeForce RTX 4070 Laptop GPU",8,8,5,63438848,19.992940,19.932600,20.057300,0.041949,0.074080,0.073568,0.075744,0.000834,0.958680,0.958168,0.960344,0.000834,0.147900,0.347100,0.132600,0.257000,269.883091,20.854654,3.173062,856.355913,0.000000,0.000000,true
512,512,11,box,cuda_separable,"NVIDIA GeForce RTX 4070 Laptop GPU",8,8,5,11534336,19.992940,19.932600,20.057300,0.041949,0.041139,0.025600,0.077696,0.020315,1.118539,1.103000,1.155096,0.020315,0.126500,0.453100,0.184400,0.313400,485.982704,17.874152,0.576920,280.373362,0.000000,0.000000,true
512,512,11,box,cuda_naive_global_memory,"NVIDIA GeForce RTX 4070 Laptop GPU",16,16,5,63438848,19.992940,19.932600,20.057300,0.041949,0.069018,0.068608,0.070656,0.000819,0.924418,0.924008,0.926056,0.000819,0.148200,0.302800,0.144200,0.260200,289.678860,21.627606,3.173062,919.169126,0.000000,0.000000,true
512,512,11,box,cuda_shared_memory_tiled,"NVIDIA GeForce RTX 4070 Laptop GPU",16,16,5,63438848,19.992940,19.932600,20.057300,0.041949,0.067584,0.066560,0.068608,0.000648,1.061184,1.060160,1.062208,0.000648,0.215600,0.374700,0.133000,0.270300,295.823565,18.840220,3.173062,938.666659,0.000000,0.000000,true
512,512,11,box,cuda_shared_constant_filter,"NVIDIA GeForce RTX 4070 Laptop GPU",16,16,5,63438848,19.992940,19.932600,20.057300,0.041949,0.039674,0.038912,0.040960,0.000760,0.900274,0.899512,0.901560,0.000760,0.125300,0.321700,0.129800,0.283800,503.935629,22.207627,3.173062,1599.019243,0.000000,0.000000,true
512,512,11,box,cuda_multi_output,"NVIDIA GeForce RTX 4070 Laptop GPU",16,16,5,63438848,19.992940,19.932600,20.057300,0.041949,0.069018,0.067584,0.069632,0.000819,1.007518,1.006084,1.008132,0.000819,0.171200,0.349300,0.137100,0.280900,289.678860,19.843763,3.173062,919.169126,0.000000,0.000000,true
512,512,11,box,cuda_register_tiled,"NVIDIA GeForce RTX 4070 Laptop GPU",16,16,5,63438848,19.992940,19.932600,20.057300,0.041949,0.053018,0.052224,0.054272,0.000761,0.999518,0.998724,1.000772,0.000761,0.121500,0.338200,0.190700,0.296100,377.100063,20.002589,3.173062,1196.562067,0.000000,0.000000,true
512,512,11,box,cuda_separable,"NVIDIA GeForce RTX 4070 Laptop GPU",16,16,5,11534336,19.992940,19.932600,20.057300,0.041949,0.058368,0.026624,0.162816,0.052610,1.004468,0.972724,1.108916,0.052610,0.166900,0.367000,0.139800,0.272400,342.532550,19.904009,0.576920,197.614034,0.000000,0.000000,true
512,512,11,box,cuda_naive_global_memory,"NVIDIA GeForce RTX 4070 Laptop GPU",32,8,5,63438848,19.992940,19.932600,20.057300,0.041949,0.066150,0.065536,0.066560,0.000502,0.869250,0.868636,0.869660,0.000502,0.115100,0.304400,0.132300,0.251300,302.234605,23.000208,3.173062,959.009287,0.000000,0.000000,true
512,512,11,box,cuda_shared_memory_tiled,"NVIDIA GeForce RTX 4070 Laptop GPU",32,8,5,63438848,19.992940,19.932600,20.057300,0.041949,0.067584,0.067584,0.067584,0.000000,0.975784,0.975784,0.975784,0.000000,0.129000,0.334200,0.159900,0.285100,295.823565,20.489104,3.173062,938.666659,0.000000,0.000000,true
512,512,11,box,cuda_shared_constant_filter,"NVIDIA GeForce RTX 4070 Laptop GPU",32,8,5,63438848,19.992940,19.932600,20.057300,0.041949,0.040256,0.039744,0.041728,0.000740,0.948356,0.947844,0.949828,0.000740,0.130300,0.320900,0.131200,0.325700,496.644978,21.081682,3.173062,1575.885550,0.000000,0.000000,true
512,512,11,box,cuda_multi_output,"NVIDIA GeForce RTX 4070 Laptop GPU",32,8,5,63438848,19.992940,19.932600,20.057300,0.041949,0.067994,0.067584,0.069632,0.000819,1.046794,1.046384,1.048432,0.000819,0.189600,0.329300,0.134700,0.325200,294.041495,19.099219,3.173062,933.012039,0.000000,0.000000,true
512,512,11,box,cuda_register_tiled,"NVIDIA GeForce RTX 4070 Laptop GPU",32,8,5,63438848,19.992940,19.932600,20.057300,0.041949,0.052954,0.052224,0.054048,0.000683,1.102354,1.101624,1.103448,0.000683,0.114100,0.437200,0.135700,0.362400,377.555827,18.136594,3.173062,1198.008232,0.000000,0.000000,true
512,512,11,box,cuda_separable,"NVIDIA GeForce RTX 4070 Laptop GPU",32,8,5,11534336,19.992940,19.932600,20.057300,0.041949,0.037069,0.022528,0.056320,0.012780,0.950469,0.935928,0.969720,0.012780,0.138000,0.355900,0.129300,0.290200,539.346838,21.034820,0.576920,311.160222,0.000000,0.000000,true
512,512,11,box,cuda_naive_global_memory,"NVIDIA GeForce RTX 4070 Laptop GPU",32,16,5,63438848,19.992940,19.932600,20.057300,0.041949,0.067558,0.066560,0.068608,0.000650,0.981958,0.980960,0.983008,0.000650,0.128100,0.362700,0.137600,0.286000,295.935663,20.360272,3.173062,939.022352,0.000000,0.000000,true
512,512,11,box,cuda_shared_memory_tiled,"NVIDIA GeForce RTX 4070 Laptop GPU",32,16,5,63438848,19.992940,19.932600,20.057300,0.041949,0.069632,0.068608,0.070656,0.000916,0.927932,0.926908,0.928956,0.000916,0.147200,0.325700,0.134000,0.251400,287.122870,21.545695,3.173062,911.058808,0.000000,0.000000,true
512,512,11,box,cuda_shared_constant_filter,"NVIDIA GeForce RTX 4070 Laptop GPU",32,16,5,63438848,19.992940,19.932600,20.057300,0.041949,0.045843,0.040960,0.062464,0.008319,0.979343,0.974460,0.995964,0.008319,0.136000,0.334800,0.141800,0.320900,436.115727,20.414641,3.173062,1383.822454,0.000000,0.000000,true
512,512,11,box,cuda_multi_output,"NVIDIA GeForce RTX 4070 Laptop GPU",32,16,5,63438848,19.992940,19.932600,20.057300,0.041949,0.071616,0.070656,0.072640,0.000635,0.991816,0.990856,0.992840,0.000635,0.135400,0.324000,0.130900,0.329900,279.168616,20.157912,3.173062,885.819464,0.000000,0.000000,true
512,512,11,box,cuda_register_tiled,"NVIDIA GeForce RTX 4070 Laptop GPU",32,16,5,63438848,19.992940,19.932600,20.057300,0.041949,0.059187,0.058368,0.060416,0.000766,1.079987,1.079168,1.081216,0.000766,0.237100,0.340000,0.158800,0.284900,337.791609,18.512201,3.173062,1071.833884,0.000000,0.000000,true
512,512,11,box,cuda_separable,"NVIDIA GeForce RTX 4070 Laptop GPU",32,16,5,11534336,19.992940,19.932600,20.057300,0.041949,0.045280,0.026624,0.069632,0.016023,1.080380,1.061724,1.104732,0.016023,0.188400,0.322800,0.206400,0.317500,441.540189,18.505470,0.576920,254.733566,0.000000,0.000000,true
512,512,11,gaussian,cuda_naive_global_memory,"NVIDIA GeForce RTX 4070 Laptop GPU",8,8,5,63438848,19.969520,19.904900,20.094200,0.066706,0.080691,0.079872,0.081920,0.000766,1.225691,1.224872,1.226920,0.000766,0.219700,0.396800,0.137200,0.391300,247.480774,16.292456,3.176784,786.192918,0.000000,0.000000,true
512,512,11,gaussian,cuda_shared_memory_tiled,"NVIDIA GeForce RTX 4070 Laptop GPU",8,8,5,63438848,19.969520,19.904900,20.094200,0.066706,0.069427,0.068608,0.070656,0.000766,1.048627,1.047808,1.049856,0.000766,0.180500,0.332700,0.135500,0.330500,287.632508,19.043488,3.176784,913.746298,0.000000,0.000000,true
512,512,11,gaussian,cuda_shared_constant_filter,"NVIDIA GeForce RTX 4070 Laptop GPU",8,8,5,63438848,19.969520,19.904900,20.094200,0.066706,0.043213,0.041984,0.045056,0.001003,1.076213,1.074984,1.078056,0.001003,0.123900,0.418100,0.132700,0.358300,462.120486,18.555364,3.176784,1468.056881,0.000000,0.000000,true
512,512,11,gaussian,cuda_multi_output,"NVIDIA GeForce RTX 4070 Laptop GPU",8,8,5,63438848,19.969520,19.904900,20.094200,0.066706,0.081280,0.080768,0.082944,0.000833,0.978880,0.978368,0.980544,0.000833,0.152300,0.330500,0.132100,0.282700,245.688000,20.400376,3.176784,780.497662,0.000000,0.000000,true
512,512,11,gaussian,cuda_register_tiled,"NVIDIA GeForce RTX 4070 Laptop GPU",8,8,5,63438848,19.969520,19.904900,20.094200,0.066706,0.073926,0.073728,0.074720,0.000397,1.068626,1.068428,1.069420,0.000397,0.110600,0.367800,0.131000,0.385300,270.127036,18.687092,3.176784,858.135196,0.000000,0.000000,true
512,512,11,gaussian,cuda_separable,"NVIDIA GeForce RTX 4070 Laptop GPU",8,8,5,11534336,19.969520,19.904900,20.094200,0.066706,0.039731,0.024576,0.069632,0.018471,0.928031,0.912876,0.957932,0.018471,0.134800,0.341500,0.131500,0.280500,502.615576,21.518156,0.577597,290.309278,0.000000,0.000000,true
512,512,11,gaussian,cuda_naive_global_memory,"NVIDIA GeForce RTX 4070 Laptop GPU",16,16,5,63438848,19.969520,19.904900,20.094200,0.066706,0.072006,0.066560,0.084832,0.006549,1.047906,1.042460,1.060732,0.006549,0.166300,0.371900,0.141300,0.296400,277.329793,19.056587,3.176784,881.016799,0.000000,0.000000,true
512,512,11,gaussian,cuda_shared_memory_tiled,"NVIDIA GeForce RTX 4070 Laptop GPU",16,16,5,63438848,19.969520,19.904900,20.094200,0.066706,0.067379,0.066560,0.068608,0.000766,0.920479,0.919660,0.921708,0.000766,0.122600,0.365800,0.135600,0.229100,296.375140,21.694700,3.176784,941.519750,0.000000,0.000000,true
512,512,11,gaussian,cuda_shared_constant_filter,"NVIDIA GeForce RTX 4070 Laptop GPU",16,16,5,63438848,19.969520,19.904900,20.094200,0.066706,0.040141,0.038912,0.040960,0.000766,0.934341,0.933112,0.935160,0.000766,0.144800,0.340700,0.183800,0.224900,497.486863,21.372844,3.176784,1580.408215,0.000000,0.000000,true
512,512,11,gaussian,cuda_multi_output,"NVIDIA GeForce RTX 4070 Laptop GPU",16,16,5,63438848,19.969520,19.904900,20.094200,0.066706,0.068608,0.068608,0.068608,0.000000,0.854408,0.854408,0.854408,0.000000,0.114900,0.297600,0.126600,0.246700,291.066927,23.372347,3.176784,924.656705,0.000000,0.000000,true
512,512,11,gaussian,cuda_register_tiled,"NVIDIA GeForce RTX 4070 Laptop GPU",16,16,5,63438848,19.969520,19.904900,20.094200,0.066706,0.053338,0.053024,0.054272,0.000474,1.012838,1.012524,1.013772,0.000474,0.108500,0.403300,0.179500,0.268200,374.398548,19.716409,3.176784,1189.383248,0.000000,0.000000,true
512,512,11,gaussian,cuda_separable,"NVIDIA GeForce RTX 4070 Laptop GPU",16,16,5,11534336,19.969520,19.904900,20.094200,0.066706,0.030509,0.023552,0.057344,0.013423,0.848009,0.841052,0.874844,0.013423,0.126900,0.311200,0.131400,0.248000,654.549494,23.548718,0.577597,378.065862,0.000000,0.000000,true
512,512,11,gaussian,cuda_naive_global_memory,"NVIDIA GeForce RTX 4070 Laptop GPU",32,8,5,63438848,19.969520,19.904900,20.094200,0.066706,0.067789,0.065536,0.071680,0.002187,1.000589,0.998336,1.004480,0.002187,0.126800,0.386200,0.135600,0.284200,294.584354,19.957769,3.176784,935.830807,0.000000,0.000000,true
512,512,11,gaussian,cuda_shared_memory_tiled,"NVIDIA GeForce RTX 4070 Laptop GPU",32,8,5,63438848,19.969520,19.904900,20.094200,0.066706,0.071392,0.070656,0.072704,0.000751,0.905692,0.904956,0.907004,0.000751,0.147100,0.294200,0.142600,0.250400,279.716490,22.048908,3.176784,888.598820,0.000000,0.000000,true
512,512,11,gaussian,cuda_shared_constant_filter,"NVIDIA GeForce RTX 4070 Laptop GPU",32,8,5,63438848,19.969520,19.904900,20.094200,0.066706,0.041542,0.039904,0.043008,0.001251,1.009642,1.008004,1.011108,0.001251,0.172000,0.359000,0.136300,0.300800,480.702130,19.778805,3.176784,1527.086747,0.000000,0.000000,true
512,512,11,gaussian,cuda_multi_output,"NVIDIA GeForce RTX 4070 Laptop GPU",32,8,5,63438848,19.969520,19.904900,20.094200,0.066706,0.070637,0.067584,0.071680,0.001587,0.974237,0.971184,0.975280,0.001587,0.141900,0.301100,0.140300,0.320300,282.707025,20.497604,3.176784,898.099103,0.000000,0.000000,true
512,512,11,gaussian,cuda_register_tiled,"NVIDIA GeForce RTX 4070 Laptop GPU",32,8,5,63438848,19.969520,19.904900,20.094200,0.066706,0.053408,0.052224,0.055104,0.000934,0.966308,0.965124,0.968004,0.000934,0.185300,0.306000,0.163400,0.258200,373.905039,20.665792,3.176784,1187.815478,0.000000,0.000000,true
512,512,11,gaussian,cuda_separable,"NVIDIA GeForce RTX 4070 Laptop GPU",32,8,5,11534336,19.969520,19.904900,20.094200,0.066706,0.034816,0.022528,0.048128,0.010423,0.905516,0.893228,0.918828,0.010423,0.113700,0.330700,0.134200,0.292100,573.573072,22.053194,0.577597,331.294119,0.000000,0.000000,true
512,512,11,gaussian,cuda_naive_global_memory,"NVIDIA GeForce RTX 4070 Laptop GPU",32,16,5,63438848,19.969520,19.904900,20.094200,0.066706,0.067584,0.066560,0.068608,0.000648,0.942584,0.941560,0.943608,0.000648,0.147300,0.334700,0.134900,0.258100,295.477034,21.185931,3.176784,938.666659,0.000000,0.000000,true
512,512,11,gaussian,cuda_shared_memory_tiled,"NVIDIA GeForce RTX 4070 Laptop GPU",32,16,5,63438848,19.969520,19.904900,20.094200,0.066706,0.072646,0.071680,0.073728,0.000658,1.051546,1.050580,1.052628,0.000658,0.157900,0.325600,0.146200,0.349200,274.886567,18.990622,3.176784,873.255198,0.000000,0.000000,true
512,512,11,gaussian,cuda_shared_constant_filter,"NVIDIA GeForce RTX 4070 Laptop GPU",32,16,5,63438848,19.969520,19.904900,20.094200,0.066706,0.040749,0.039936,0.041952,0.000756,0.882349,0.881536,0.883552,0.000756,0.133300,0.326700,0.132900,0.248700,490.064016,22.632229,3.176784,1556.827435,0.000000,0.000000,true
512,512,11,gaussian,cuda_multi_output,"NVIDIA GeForce RTX 4070 Laptop GPU",32,16,5,63438848,19.969520,19.904900,20.094200,0.066706,0.071853,0.071520,0.072704,0.000430,1.027853,1.027520,1.028704,0.000430,0.127300,0.283400,0.156300,0.389000,277.922635,19.428385,3.176784,882.900130,0.000000,0.000000,true
512,512,11,gaussian,cuda_register_tiled,"NVIDIA GeForce RTX 4070 Laptop GPU",32,16,5,63438848,19.969520,19.904900,20.094200,0.066706,0.055494,0.055264,0.056320,0.000413,0.877194,0.876964,0.878020,0.000413,0.160600,0.274100,0.159300,0.227700,359.847479,22.765216,3.176784,1143.157650,0.000000,0.000000,true
512,512,11,gaussian,cuda_separable,"NVIDIA GeForce RTX 4070 Laptop GPU",32,16,5,11534336,19.969520,19.904900,20.094200,0.066706,0.038662,0.023456,0.076800,0.020955,0.887062,0.871856,0.925200,0.020955,0.132800,0.276400,0.165000,0.274200,516.510086,22.511968,0.577597,298.334706,0.000000,0.000000,true
512,512,11,sharpen,cuda_naive_global_memory,"NVIDIA GeForce RTX 4070 Laptop GPU",8,8,5,63438848,19.973840,19.940700,20.057200,0.042208,0.081254,0.080768,0.081920,0.000495,1.149554,1.149068,1.150220,0.000495,0.234500,0.416200,0.138800,0.278800,245.818573,17.375289,3.176097,780.743567,0.000001,0.000000,true
512,512,11,sharpen,cuda_shared_memory_tiled,"NVIDIA GeForce RTX 4070 Laptop GPU",8,8,5,63438848,19.973840,19.940700,20.057200,0.042208,0.069402,0.068608,0.070656,0.000761,1.057902,1.057108,1.059156,0.000761,0.230900,0.338500,0.136400,0.282700,287.800854,18.880622,3.176097,914.083351,0.000001,0.000000,true
512,512,11,sharpen,cuda_shared_constant_filter,"NVIDIA GeForce RTX 4070 Laptop GPU",8,8,5,63438848,19.973840,19.940700,20.057200,0.042208,0.043597,0.043008,0.044928,0.000775,0.991497,0.990908,0.992828,0.000775,0.140600,0.294300,0.136500,0.376500,458.149225,20.145138,3.176097,1455.126259,0.000001,0.000000,true
512,512,11,sharpen,cuda_multi_output,"NVIDIA GeForce RTX 4070 Laptop GPU",8,8,5,63438848,19.973840,19.940700,20.057200,0.042208,0.083763,0.081920,0.090112,0.003199,0.992663,0.990820,0.999012,0.003199,0.214100,0.286700,0.138500,0.269600,238.456033,20.121467,3.176097,757.359426,0.000001,0.000000,true
512,512,11,sharpen,cuda_register_tiled,"NVIDIA GeForce RTX 4070 Laptop GPU",8,8,5,63438848,19.973840,19.940700,20.057200,0.042208,0.074323,0.073728,0.076704,0.001190,1.067023,1.066428,1.069404,0.001190,0.116800,0.350200,0.137000,0.388700,268.742994,18.719218,3.176097,853.553745,0.000001,0.000000,true
512,512,11,sharpen,cuda_naive_global_memory,"NVIDIA GeForce RTX 4070 Laptop GPU",16,16,5,63438848,19.973840,19.940700,20.057200,0.042208,0.065946,0.065536,0.066560,0.000502,1.257046,1.256636,1.257660,0.000502,0.184000,0.285700,0.425100,0.296300,302.883589,15.889511,3.176097,961.987578,0.000001,0.000000,true
512,512,11,sharpen,cuda_shared_memory_tiled,"NVIDIA GeForce RTX 4070 Laptop GPU",16,16,5,63438848,19.973840,19.940700,20.057200,0.042208,0.069427,0.067584,0.070656,0.001505,0.995027,0.993184,0.996256,0.001505,0.122700,0.395200,0.132700,0.275000,287.694732,20.073662,3.176097,913.746298,0.000001,0.000000,true
512,512,11,sharpen,cuda_shared_constant_filter,"NVIDIA GeForce RTX 4070 Laptop GPU",16,16,5,63438848,19.973840,19.940700,20.057200,0.042208,0.039731,0.038912,0.040960,0.000766,0.937531,0.936712,0.938760,0.000766,0.137100,0.350200,0.128800,0.281700,502.724326,21.304720,3.176097,1596.701089,0.000001,0.000000,true
512,512,11,sharpen,cuda_multi_output,"NVIDIA GeForce RTX 4070 Laptop GPU",16,16,5,63438848,19.973840,19.940700,20.057200,0.042208,0.068992,0.067584,0.070656,0.001056,1.079592,1.078184,1.081256,0.001056,0.194000,0.390400,0.138300,0.287900,289.509505,18.501286,3.176097,919.510193,0.000001,0.000000,true
512,512,11,sharpen,cuda_register_tiled,"NVIDIA GeForce RTX 4070 Laptop GPU",16,16,5,63438848,19.973840,19.940700,20.057200,0.042208,0.053843,0.053248,0.054272,0.000487,0.941643,0.941048,0.942072,0.000487,0.117200,0.312200,0.134600,0.323800,370.963097,21.211686,3.176097,1178.214680,0.000001,0.000000,true
512,512,11,sharpen,cuda_naive_global_memory,"NVIDIA GeForce RTX 4070 Laptop GPU",32,8,5,63438848,19.973840,19.940700,20.057200,0.042208,0.065536,0.064512,0.066560,0.000648,0.946436,0.945412,0.947460,0.000648,0.169100,0.316800,0.133400,0.261600,304.776612,21.104269,3.176097,968.000002,0.000001,0.000000,true
512,512,11,sharpen,cuda_shared_memory_tiled,"NVIDIA GeForce RTX 4070 Laptop GPU",32,8,5,63438848,19.973840,19.940700,20.057200,0.042208,0.067789,0.067584,0.068608,0.000410,1.002589,1.002384,1.003408,0.000410,0.114400,0.349700,0.134200,0.336500,294.648081,19.922265,3.176097,935.830807,0.000001,0.000000,true
512,512,11,sharpen,cuda_shared_constant_filter,"NVIDIA GeForce RTX 4070 Laptop GPU",32,8,5,63438848,19.973840,19.940700,20.057200,0.042208,0.040141,0.038912,0.040960,0.000766,0.915541,0.914312,0.916360,0.000766,0.136400,0.330000,0.139300,0.269700,497.594484,21.816439,3.176097,1580.408215,0.000001,0.000000,true
512,512,11,sharpen,cuda_multi_output,"NVIDIA GeForce RTX 4070 Laptop GPU",32,8,5,63438848,19.973840,19.940700,20.057200,0.042208,0.069568,0.068384,0.070656,0.000720,0.946268,0.945084,0.947356,0.000720,0.118000,0.324800,0.134100,0.299800,287.112462,21.108016,3.176097,911.896955,0.000001,0.000000,true
512,512,11,sharpen,cuda_register_tiled,"NVIDIA GeForce RTX 4070 Laptop GPU",32,8,5,63438848,19.973840,19.940700,20.057200,0.042208,0.052634,0.052224,0.054272,0.000819,0.908134,0.907724,0.909772,0.000819,0.161400,0.320900,0.133100,0.240100,379.488393,21.994385,3.176097,1205.291847,0.000001,0.000000,true
512,512,11,sharpen,cuda_naive_global_memory,"NVIDIA GeForce RTX 4070 Laptop GPU",32,16,5,63438848,19.973840,19.940700,20.057200,0.042208,0.067584,0.066560,0.069632,0.001122,1.072184,1.071160,1.074232,0.001122,0.112400,0.350800,0.201000,0.340400,295.540954,18.629116,3.176097,938.666659,0.000001,0.000000,true
512,512,11,sharpen,cuda_shared_memory_tiled,"NVIDIA GeForce RTX 4070 Laptop GPU",32,16,5,63438848,19.973840,19.940700,20.057200,0.042208,0.072474,0.071680,0.073728,0.000761,0.998774,0.997980,1.000028,0.000761,0.162200,0.350100,0.163700,0.250300,275.601591,19.998366,3.176097,875.337313,0.000001,0.000000,true
512,512,11,sharpen,cuda_shared_constant_filter,"NVIDIA GeForce RTX 4070 Laptop GPU",32,16,5,63438848,19.973840,19.940700,20.057200,0.042208,0.041165,0.039936,0.044032,0.001505,1.020265,1.019036,1.023132,0.001505,0.163900,0.366300,0.133600,0.315300,485.216507,19.577114,3.176097,1541.094564,0.000001,0.000000,true
512,512,11,sharpen,cuda_multi_output,"NVIDIA GeForce RTX 4070 Laptop GPU",32,16,5,63438848,19.973840,19.940700,20.057200,0.042208,0.071859,0.070656,0.073728,0.001178,0.998559,0.997356,1.000428,0.001178,0.159800,0.279400,0.137100,0.350400,277.958000,20.002660,3.176097,882.821496,0.000001,0.000000,true
512,512,11,sharpen,cuda_register_tiled,"NVIDIA GeForce RTX 4070 Laptop GPU",32,16,5,63438848,19.973840,19.940700,20.057200,0.042208,0.055898,0.055232,0.057344,0.000829,0.994398,0.993732,0.995844,0.000829,0.168000,0.347200,0.133400,0.289900,357.329115,20.086372,3.176097,1134.911835,0.000001,0.000000,true
512,512,11,sobel,cuda_naive_global_memory,"NVIDIA GeForce RTX 4070 Laptop GPU",8,8,5,63438848,19.979860,19.936600,20.048800,0.039911,0.082323,0.080896,0.084992,0.001391,2.187423,2.185996,2.190092,0.001391,0.215300,1.437800,0.143600,0.308400,242.700241,9.133971,3.175140,770.607186,0.000000,0.000000,true
512,512,11,sobel,cuda_shared_memory_tiled,"NVIDIA GeForce RTX 4070 Laptop GPU",8,8,5,63438848,19.979860,19.936600,20.048800,0.039911,0.069427,0.068608,0.071680,0.001194,1.107727,1.106908,1.109980,0.001194,0.175900,0.420300,0.133200,0.308900,287.781441,18.036805,3.175140,913.746298,0.000000,0.000000,true
512,512,11,sobel,cuda_shared_constant_filter,"NVIDIA GeForce RTX 4070 Laptop GPU",8,8,5,63438848,19.979860,19.936600,20.048800,0.039911,0.043386,0.042880,0.044032,0.000517,0.869786,0.869280,0.870432,0.000517,0.174800,0.290300,0.136000,0.225300,460.518241,22.971017,3.175140,1462.209780,0.000000,0.000000,true
512,512,11,sobel,cuda_multi_output,"NVIDIA GeForce RTX 4070 Laptop GPU",8,8,5,63438848,19.979860,19.936600,20.048800,0.039911,0.082099,0.081856,0.082880,0.000391,1.019199,1.018956,1.019980,0.000391,0.126500,0.365500,0.132600,0.312500,243.362427,19.603489,3.175140,772.709718,0.000000,0.000000,true
512,512,11,sobel,cuda_register_tiled,"NVIDIA GeForce RTX 4070 Laptop GPU",8,8,5,63438848,19.979860,19.936600,20.048800,0.039911,0.073523,0.072704,0.074752,0.000766,1.051323,1.050504,1.052552,0.000766,0.138500,0.345400,0.132300,0.361600,271.749044,19.004489,3.175140,862.841196,0.000000,0.000000,true
512,512,11,sobel,cuda_naive_global_memory,"NVIDIA GeForce RTX 4070 Laptop GPU",16,16,5,63438848,19.979860,19.936600,20.048800,0.039911,0.066355,0.065536,0.068608,0.001194,1.000455,0.999636,1.002708,0.001194,0.136600,0.360400,0.137100,0.300000,301.104660,19.970769,3.175140,956.049381,0.000000,0.000000,true
512,512,11,sobel,cuda_shared_memory_tiled,"NVIDIA GeForce RTX 4070 Laptop GPU",16,16,5,63438848,19.979860,19.936600,20.048800,0.039911,0.070630,0.069632,0.071680,0.000917,1.071230,1.070232,1.072280,0.000917,0.141600,0.329400,0.142300,0.387300,282.879038,18.651319,3.175140,898.180483,0.000000,0.000000,true
512,512,11,sobel,cuda_shared_constant_filter,"NVIDIA GeForce RTX 4070 Laptop GPU",16,16,5,63438848,19.979860,19.936600,20.048800,0.039911,0.039936,0.038912,0.040960,0.000648,0.992236,0.991212,0.993260,0.000648,0.189200,0.345700,0.133900,0.283500,500.296992,20.136197,3.175140,1588.512875,0.000000,0.000000,true
512,512,11,sobel,cuda_multi_output,"NVIDIA GeForce RTX 4070 Laptop GPU",16,16,5,63438848,19.979860,19.936600,20.048800,0.039911,0.069331,0.068608,0.069632,0.000374,1.016731,1.016008,1.017032,0.000374,0.114100,0.323300,0.136400,0.373600,288.179923,19.651074,3.175140,915.011533,0.000000,0.000000,true
512,512,11,sobel,cuda_register_tiled,"NVIDIA GeForce RTX 4070 Laptop GPU",16,16,5,63438848,19.979860,19.936600,20.048800,0.039911,0.052838,0.052224,0.054272,0.000819,0.997438,0.996824,0.998872,0.000819,0.161000,0.368300,0.133700,0.281600,378.131440,20.031172,3.175140,1200.620172,0.000000,0.000000,true
512,512,11,sobel,cuda_naive_global_memory,"NVIDIA GeForce RTX 4070 Laptop GPU",32,8,5,63438848,19.979860,19.936600,20.048800,0.039911,0.066138,0.065536,0.066560,0.000492,0.976838,0.976236,0.977260,0.000492,0.109900,0.355600,0.133300,0.311900,302.095329,20.453615,3.175140,959.194891,0.000000,0.000000,true
512,512,11,sobel,cuda_shared_memory_tiled,"NVIDIA GeForce RTX 4070 Laptop GPU",32,8,5,63438848,19.979860,19.936600,20.048800,0.039911,0.067770,0.067488,0.068608,0.000421,1.273970,1.273688,1.274808,0.000421,0.174600,0.333900,0.432600,0.265100,294.820389,15.683153,3.175140,936.095942,0.000000,0.000000,true
512,512,11,sobel,cuda_shared_constant_filter,"NVIDIA GeForce RTX 4070 Laptop GPU",32,8,5,63438848,19.979860,19.936600,20.048800,0.039911,0.040096,0.039712,0.040960,0.000441,0.936396,0.936012,0.937260,0.000441,0.121900,0.339500,0.136600,0.298300,498.300590,21.336977,3.175140,1582.174018,0.000000,0.000000,true
512,512,11,sobel,cuda_multi_output,"NVIDIA GeForce RTX 4070 Laptop GPU",32,8,5,63438848,19.979860,19.936600,20.048800,0.039911,0.068563,0.067552,0.069632,0.000662,0.987363,0.986352,0.988432,0.000662,0.125100,0.353000,0.133900,0.306800,291.407925,20.235573,3.175140,925.260891,0.000000,0.000000,true
512,512,11,sobel,cuda_register_tiled,"NVIDIA GeForce RTX 4070 Laptop GPU",32,8,5,63438848,19.979860,19.936600,20.048800,0.039911,0.053043,0.052224,0.054272,0.000766,0.966143,0.965324,0.967372,0.000766,0.120100,0.376000,0.133400,0.283600,376.671473,20.680019,3.175140,1195.984571,0.000000,0.000000,true
512,512,11,sobel,cuda_naive_global_memory,"NVIDIA GeForce RTX 4070 Laptop GPU",32,16,5,63438848,19.979860,19.936600,20.048800,0.039911,0.068608,0.066560,0.069632,0.001295,0.910808,0.908760,0.911832,0.001295,0.133600,0.320100,0.135100,0.253400,291.217639,21.936412,3.175140,924.656705,0.000000,0.000000,true
512,512,11,sobel,cuda_shared_memory_tiled,"NVIDIA GeForce RTX 4070 Laptop GPU",32,16,5,63438848,19.979860,19.936600,20.048800,0.039911,0.069402,0.068608,0.070656,0.000760,1.040602,1.039808,1.041856,0.000760,0.157800,0.345400,0.175200,0.292800,287.887595,19.200297,3.175140,914.083351,0.000000,0.000000,true
512,512,11,sobel,cuda_shared_constant_filter,"NVIDIA GeForce RTX 4070 Laptop GPU",32,16,5,63438848,19.979860,19.936600,20.048800,0.039911,0.040538,0.039936,0.040960,0.000492,0.912538,0.911936,0.912960,0.000492,0.117900,0.341100,0.131300,0.281700,492.872312,21.894835,3.175140,1564.938477,0.000000,0.000000,true
512,512,11,sobel,cuda_multi_output,"NVIDIA GeForce RTX 4070 Laptop GPU",32,16,5,63438848,19.979860,19.936600,20.048800,0.039911,0.072294,0.071680,0.073728,0.000819,1.146894,1.146280,1.148328,0.000819,0.121600,0.393400,0.161700,0.397900,276.368009,17.420837,3.175140,877.507056,0.000000,0.000000,true
512,512,11,sobel,cuda_register_tiled,"NVIDIA GeForce RTX 4070 Laptop GPU",32,16,5,63438848,19.979860,19.936600,20.048800,0.039911,0.055501,0.055296,0.056320,0.000410,0.984701,0.984496,0.985520,0.000410,0.146300,0.322200,0.128500,0.332200,359.992287,20.290285,3.175140,1143.025827,0.000000,0.000000,true
1024,1024,3,box,cuda_naive_global_memory,"NVIDIA GeForce RTX 4070 Laptop GPU",8,8,5,18874368,9.019300,8.897800,9.413300,0.197495,0.035968,0.034816,0.038912,0.001518,2.142168,2.141016,2.145112,0.001518,0.277700,0.818500,0.379900,0.630100,250.759010,4.210361,2.092664,524.754453,0.000000,0.000000,true
1024,1024,3,box,cuda_shared_memory_tiled,"NVIDIA GeForce RTX 4070 Laptop GPU",8,8,5,18874368,9.019300,8.897800,9.413300,0.197495,0.040538,0.039872,0.043008,0.001235,2.038938,2.038272,2.041408,0.001235,0.234400,0.784600,0.506700,0.472700,222.492208,4.423529,2.092664,465.601522,0.000000,0.000000,true
1024,1024,3,box,cuda_shared_constant_filter,"NVIDIA GeForce RTX 4070 Laptop GPU",8,8,5,18874368,9.019300,8.897800,9.413300,0.197495,0.038074,0.036864,0.039936,0.001008,2.320074,2.318864,2.321936,0.001008,0.398300,0.671500,0.776700,0.435500,236.891174,3.887506,2.092664,495.733726,0.000000,0.000000,true
1024,1024,3,box,cuda_multi_output,"NVIDIA GeForce RTX 4070 Laptop GPU",8,8,5,18874368,9.019300,8.897800,9.413300,0.197495,0.070029,0.068608,0.071680,0.001050,2.096829,2.095408,2.098480,0.001050,0.270900,0.878800,0.422700,0.454400,128.794151,4.301400,2.092664,269.522934,0.000000,0.000000,true
1024,1024,3,box,cuda_register_tiled,"NVIDIA GeForce RTX 4070 Laptop GPU",8,8,5,18874368,9.019300,8.897800,9.413300,0.197495,0.031744,0.030720,0.032768,0.000648,1.932144,1.931120,1.933168,0.000648,0.216300,0.899100,0.385400,0.399600,284.126138,4.668027,2.092664,594.580653,0.000000,0.000000,true
1024,1024,3,box,cuda_separable,"NVIDIA GeForce RTX 4070 Laptop GPU",8,8,5,12582912,9.019300,8.897800,9.413300,0.197495,0.053862,0.044032,0.067584,0.011229,2.344662,2.334832,2.358384,0.011229,0.276500,0.894000,0.375800,0.744500,167.450762,3.846737,1.395110,233.612166,0.000000,0.000000,true
1024,1024,3,box,cuda_naive_global_memory,"NVIDIA GeForce RTX 4070 Laptop GPU",16,16,5,18874368,9.019300,8.897800,9.413300,0.197495,0.040960,0.033792,0.064512,0.011836,1.896460,1.889292,1.920012,0.011836,0.237500,0.836400,0.374600,0.407000,220.197751,4.755861,2.092664,460.799995,0.000000,0.000000,true
1024,1024,3,box,cuda_shared_memory_tiled,"NVIDIA GeForce RTX 4070 Laptop GPU",16,16,5,18874368,9.019300,8.897800,9.413300,0.197495,0.038899,0.037888,0.039936,0.000648,1.842999,1.841988,1.844036,0.000648,0.314000,0.710800,0.385100,0.394200,231.863382,4.893817,2.092664,485.212245,0.000000,0.000000,true
1024,1024,3,box,cuda_shared_constant_filter,"NVIDIA GeForce RTX 4070 Laptop GPU",16,16,5,18874368,9.019300,8.897800,9.413300,0.197495,0.040122,0.035840,0.056320,0.008107,1.857422,1.853140,1.873620,0.008107,0.310600,0.674700,0.376300,0.455700,224.799106,4.855817,2.092664,470.429086,0.000000,0.000000,true
1024,1024,3,box,cuda_multi_output,"NVIDIA GeForce RTX 4070 Laptop GPU",16,16,5,18874368,9.019300,8.897800,9.413300,0.197495,0.033376,0.030720,0.038912,0.003009,2.178076,2.175420,2.183612,0.003009,0.263400,0.755100,0.495300,0.630900,270.233107,4.140948,2.092664,565.507202,0.000000,0.000000,true
1024,1024,3,box,cuda_register_tiled,"NVIDIA GeForce RTX 4070 Laptop GPU",16,16,5,18874368,9.019300,8.897800,9.413300,0.197495,0.025581,0.024576,0.026624,0.000649,2.005281,2.004276,2.006324,0.000649,0.319000,0.848800,0.384200,0.427700,352.580843,4.497774,2.092664,737.833376,0.000000,0.000000,true
1024,1024,3,box,cuda_separable,"NVIDIA GeForce RTX 4070 Laptop GPU",16,16,5,12582912,9.019300,8.897800,9.413300,0.197495,0.048102,0.037888,0.060416,0.009055,2.717002,2.706788,2.729316,0.009055,0.389500,0.781300,0.823900,0.674200,187.502077,3.319577,1.395110,261.585948,0.000000,0.000000,true
1024,1024,3,box,cuda_naive_global_memory,"NVIDIA GeForce RTX 4070 Laptop GPU",32,8,5,18874368,9.019300,8.897800,9.413300,0.197495,0.034394,0.033728,0.034816,0.000518,1.894294,1.893628,1.894716,0.000518,0.231000,0.850000,0.388300,0.390600,262.237739,4.761300,2.092664,548.775580,0.000000,0.000000,true
1024,1024,3,box,cuda_shared_memory_tiled,"NVIDIA GeForce RTX 4070 Laptop GPU",32,8,5,18874368,9.019300,8.897800,9.413300,0.197495,0.039027,0.037888,0.040704,0.000920,1.890727,1.889588,1.892404,0.000920,0.209900,0.765500,0.374100,0.502200,231.102924,4.770281,2.092664,483.620861,0.000000,0.000000,true
1024,1024,3,box,cuda_shared_constant_filter,"NVIDIA GeForce RTX 4070 Laptop GPU",32,8,5,18874368,9.019300,8.897800,9.413300,0.197495,0.035840,0.034816,0.036864,0.000648,1.957740,1.956716,1.958764,0.000648,0.405000,0.650900,0.423800,0.442200,251.654569,4.606996,2.092664,526.628557,0.000000,0.000000,true
1024,1024,3,box,cuda_multi_output,"NVIDIA GeForce RTX 4070 Laptop GPU",32,8,5,18874368,9.019300,8.897800,9.413300,0.197495,0.031930,0.031712,0.032768,0.000419,1.877630,1.877412,1.878468,0.000419,0.223100,0.867900,0.383200,0.371500,282.474574,4.803557,2.092664,591.124483,0.000000,0.000000,true
1024,1024,3,box,cuda_register_tiled,"NVIDIA GeForce RTX 4070 Laptop GPU",32,8,5,18874368,9.019300,8.897800,9.413300,0.197495,0.026010,0.024576,0.027648,0.001044,1.982710,1.981276,1.984348,0.001044,0.208600,0.836600,0.384100,0.527400,346.768118,4.548977,2.092664,725.669295,0.000000,0.000000,true
1024,1024,3,box,cuda_separable,"NVIDIA GeForce RTX 4070 Laptop GPU",32,8,5,12582912,9.019300,8.897800,9.413300,0.197495,0.041338,0.036864,0.055136,0.006930,2.249338,2.244864,2.263136,0.006930,0.391500,0.752300,0.495300,0.568900,218.186347,4.009758,1.395110,304.393866,0.000000,0.000000,true
1024,1024,3,box,cuda_naive_global_memory,"NVIDIA GeForce RTX 4070 Laptop GPU",32,16,5,18874368,9.019300,8.897800,9.413300,0.197495,0.036243,0.034816,0.037888,0.001041,1.945843,1.944416,1.947488,0.001041,0.277700,0.841000,0.383400,0.407500,248.854950,4.635163,2.092664,520.769895,0.000000,0.000000,true
1024,1024,3,box,cuda_shared_memory_tiled,"NVIDIA GeForce RTX 4070 Laptop GPU",32,16,5,18874368,9.019300,8.897800,9.413300,0.197495,0.044442,0.044032,0.046080,0.000819,1.897342,1.896932,1.898980,0.000819,0.340700,0.639800,0.383200,0.489200,202.947238,4.753651,2.092664,424.700459,0.000000,0.000000,true
1024,1024,3,box,cuda_shared_constant_filter,"NVIDIA GeForce RTX 4070 Laptop GPU",32,16,5,18874368,9.019300,8.897800,9.413300,0.197495,0.038067,0.037760,0.038912,0.000425,1.851867,1.851560,1.852712,0.000425,0.244800,0.741200,0.385100,0.442700,236.931001,4.870382,2.092664,495.817071,0.000000,0.000000,true
1024,1024,3,box,cuda_multi_output,"NVIDIA GeForce RTX 4070 Laptop GPU",32,16,5,18874368,9.019300,8.897800,9.413300,0.197495,0.033152,0.032768,0.034688,0.000768,1.974752,1.974368,1.976288,0.000768,0.300000,0.856600,0.385000,0.400000,272.059002,4.567308,2.092664,569.328188,0.000000,0.000000,true
1024,1024,3,box,cuda_register_tiled,"NVIDIA GeForce RTX 4070 Laptop GPU",32,16,5,18874368,9.019300,8.897800,9.413300,0.197495,0.028435,0.026528,0.033760,0.002778,2.402835,2.400928,2.408160,0.002778,0.293800,0.788500,0.770600,0.521500,317.187851,3.753607,2.092664,663.767723,0.000000,0.000000,true
1024,1024,3,box,cuda_separable,"NVIDIA GeForce RTX 4070 Laptop GPU",32,16,5,12582912,9.019300,8.897800,9.413300,0.197495,0.039322,0.038912,0.039936,0.000502,2.234122,2.233712,2.234736,0.000502,0.397300,0.768800,0.484500,0.544200,229.372670,4.037068,1.395110,320.000013,0.000000,0.000000,true
1024,1024,3,gaussian,cuda_naive_global_memory,"NVIDIA GeForce RTX 4070 Laptop GPU",8,8,5,18874368,8.928400,8.813400,9.316100,0.194691,0.036454,0.035840,0.037888,0.000819,2.051554,2.050940,2.052988,0.000819,0.256200,0.836400,0.385600,0.536900,244.919673,4.352017,2.113970,517.752792,0.000000,0.000000,true
1024,1024,3,gaussian,cuda_shared_memory_tiled,"NVIDIA GeForce RTX 4070 Laptop GPU",8,8,5,18874368,8.928400,8.813400,9.316100,0.194691,0.044186,0.038912,0.062304,0.009067,1.912986,1.907712,1.931104,0.009067,0.235000,0.767000,0.378800,0.488000,202.065833,4.667259,2.113970,427.161069,0.000000,0.000000,true
1024,1024,3,gaussian,cuda_shared_constant_filter,"NVIDIA GeForce RTX 4070 Laptop GPU",8,8,5,18874368,8.928400,8.813400,9.316100,0.194691,0.039117,0.037888,0.043008,0.001986,1.866017,1.864788,1.869908,0.001986,0.333000,0.738300,0.387300,0.368300,228.249751,4.784737,2.113970,482.513082,0.000000,0.000000,true
1024,1024,3,gaussian,cuda_multi_output,"NVIDIA GeForce RTX 4070 Laptop GPU",8,8,5,18874368,8.928400,8.813400,9.316100,0.194691,0.036045,0.033792,0.041984,0.003065,1.797545,1.795292,1.803484,0.003065,0.313300,0.688200,0.387700,0.372300,247.702857,4.966997,2.113970,523.636360,0.000000,0.000000,true
1024,1024,3,gaussian,cuda_register_tiled,"NVIDIA GeForce RTX 4070 Laptop GPU",8,8,5,18874368,8.928400,8.813400,9.316100,0.194691,0.038502,0.034816,0.049152,0.005403,1.938002,1.934316,1.948652,0.005403,0.371900,0.632300,0.385500,0.509800,231.892031,4.607012,2.113970,490.212752,0.000000,0.000000,true
1024,1024,3,gaussian,cuda_separable,"NVIDIA GeForce RTX 4070 Laptop GPU",8,8,5,12582912,8.928400,8.813400,9.316100,0.194691,0.049536,0.044032,0.067584,0.009047,2.332236,2.326732,2.350284,0.009047,0.318900,1.018600,0.412200,0.533000,180.240632,3.828258,1.409313,254.015503,0.000000,0.000000,true
1024,1024,3,gaussian,cuda_naive_global_memory,"NVIDIA GeForce RTX 4070 Laptop GPU",16,16,5,18874368,8.928400,8.813400,9.316100,0.194691,0.040141,0.036864,0.050176,0.005075,2.063241,2.059964,2.073276,0.005075,0.301600,0.772100,0.383500,0.565900,222.427056,4.327367,2.113970,470.204080,0.000000,0.000000,true
1024,1024,3,gaussian,cuda_shared_memory_tiled,"NVIDIA GeForce RTX 4070 Laptop GPU",16,16,5,18874368,8.928400,8.813400,9.316100,0.194691,0.043002,0.037888,0.060416,0.008716,1.920402,1.915288,1.937816,0.008716,0.227600,0.796300,0.381000,0.472500,207.629482,4.649236,2.113970,438.922455,0.000000,0.000000,true
1024,1024,3,gaussian,cuda_shared_constant_filter,"NVIDIA GeForce RTX 4070 Laptop GPU",16,16,5,18874368,8.928400,8.813400,9.316100,0.194691,0.035635,0.034816,0.035840,0.000410,1.915535,1.914716,1.915740,0.000410,0.216200,0.879300,0.386000,0.398400,250.550012,4.661047,2.113970,529.655159,0.000000,0.000000,true
1024,1024,3,gaussian,cuda_multi_output,"NVIDIA GeForce RTX 4070 Laptop GPU",16,16,5,18874368,8.928400,8.813400,9.316100,0.194691,0.034784,0.031744,0.038912,0.002800,1.930284,1.927244,1.934412,0.002800,0.289800,0.769500,0.382200,0.454000,256.681236,4.625433,2.113970,542.616381,0.000000,0.000000,true
1024,1024,3,gaussian,cuda_register_tiled,"NVIDIA GeForce RTX 4070 Laptop GPU",16,16,5,18874368,8.928400,8.813400,9.316100,0.194691,0.027034,0.025600,0.028672,0.001044,2.093534,2.092100,2.095172,0.001044,0.289400,0.847700,0.420400,0.509000,330.270480,4.264751,2.113970,698.181822,0.000000,0.000000,true
1024,1024,3,gaussian,cuda_separable,"NVIDIA GeForce RTX 4070 Laptop GPU",16,16,5,12582912,8.928400,8.813400,9.316100,0.194691,0.038502,0.036864,0.044032,0.002793,2.127902,2.126264,2.133432,0.002793,0.502400,0.681200,0.388200,0.517600,231.892031,4.195869,1.409313,326.808501,0.000000,0.000000,true
1024,1024,3,gaussian,cuda_naive_global_memory,"NVIDIA GeForce RTX 4070 Laptop GPU",32,8,5,18874368,8.928400,8.813400,9.316100,0.194691,0.034611,0.033792,0.035840,0.000766,2.352011,2.351192,2.353240,0.000766,0.264100,0.763400,0.787700,0.502200,257.962736,3.796070,2.113970,545.325435,0.000000,0.000000,true
1024,1024,3,gaussian,cuda_shared_memory_tiled,"NVIDIA GeForce RTX 4070 Laptop GPU",32,8,5,18874368,8.928400,8.813400,9.316100,0.194691,0.043213,0.038912,0.058368,0.007619,2.072613,2.068312,2.087768,0.007619,0.298800,0.903900,0.392600,0.434100,206.614712,4.307799,2.113970,436.777261,0.000000,0.000000,true
1024,1024,3,gaussian,cuda_shared_constant_filter,"NVIDIA GeForce RTX 4070 Laptop GPU",32,8,5,18874368,8.928400,8.813400,9.316100,0.194691,0.040755,0.034816,0.059392,0.009372,1.912555,1.906616,1.931192,0.009372,0.351600,0.658900,0.387900,0.473400,219.073879,4.668310,2.113970,463.115565,0.000000,0.000000,true
1024,1024,3,gaussian,cuda_multi_output,"NVIDIA GeForce RTX 4070 Laptop GPU",32,8,5,18874368,8.928400,8.813400,9.316100,0.194691,0.039917,0.034816,0.058272,0.009212,2.004917,1.999816,2.023272,0.009212,0.388600,0.642200,0.384400,0.549800,223.675241,4.453252,2.113970,472.842704,0.000000,0.000000,true
1024,1024,3,gaussian,cuda_register_tiled,"NVIDIA GeForce RTX 4070 Laptop GPU",32,8,5,18874368,8.928400,8.813400,9.316100,0.194691,0.032122,0.026464,0.054272,0.011075,1.897122,1.891464,1.919272,0.011075,0.359000,0.697600,0.387400,0.421000,277.956268,4.706288,2.113970,587.591157,0.000000,0.000000,true
1024,1024,3,gaussian,cuda_separable,"NVIDIA GeForce RTX 4070 Laptop GPU",32,8,5,12582912,8.928400,8.813400,9.316100,0.194691,0.043194,0.037888,0.057344,0.007258,8.540994,8.535688,8.555144,0.007258,5.845300,0.641600,0.631100,1.379800,206.706548,1.045358,1.409313,291.314267,0.000000,0.000000,true
1024,1024,3,gaussian,cuda_naive_global_memory,"NVIDIA GeForce RTX 4070 Laptop GPU",32,16,5,18874368,8.928400,8.813400,9.316100,0.194691,0.039507,0.035744,0.051200,0.005898,1.841507,1.837744,1.853200,0.005898,0.254700,0.749100,0.395000,0.403200,225.994246,4.848420,2.113970,477.745012,0.000000,0.000000,true
1024,1024,3,gaussian,cuda_shared_memory_tiled,"NVIDIA GeForce RTX 4070 Laptop GPU",32,16,5,18874368,8.928400,8.813400,9.316100,0.194691,0.046490,0.041984,0.060416,0.007053,1.937390,1.932884,1.951316,0.007053,0.317000,0.730700,0.379000,0.464200,192.051555,4.608469,2.113970,405.991189,0.000000,0.000000,true
1024,1024,3,gaussian,cuda_shared_constant_filter,"NVIDIA GeForce RTX 4070 Laptop GPU",32,16,5,18874368,8.928400,8.813400,9.316100,0.194691,0.043571,0.041984,0.047104,0.001891,1.926271,1.924684,1.929804,0.001891,0.340100,0.702500,0.442000,0.398100,204.915172,4.635069,2.113970,433.184487,0.000000,0.000000,true
1024,1024,3,gaussian,cuda_multi_output,"NVIDIA GeForce RTX 4070 Laptop GPU",32,16,5,18874368,8.928400,8.813400,9.316100,0.194691,0.032154,0.030720,0.033792,0.001044,1.906554,1.905120,1.908192,0.001044,0.280600,0.758800,0.387200,0.447800,277.679640,4.683005,2.113970,587.006375,0.000000,0.000000,true
1024,1024,3,gaussian,cuda_register_tiled,"NVIDIA GeForce RTX 4070 Laptop GPU",32,16,5,18874368,8.928400,8.813400,9.316100,0.194691,0.026214,0.025600,0.027648,0.000819,1.845814,1.845200,1.847248,0.000819,0.305100,0.714600,0.375900,0.424000,340.591436,4.837106,2.113970,720.000012,0.000000,0.000000,true
1024,1024,3,gaussian,cuda_separable,"NVIDIA GeForce RTX 4070 Laptop GPU",32,16,5,12582912,8.928400,8.813400,9.316100,0.194691,0.039680,0.038912,0.040704,0.000687,2.275180,2.274412,2.276204,0.000687,0.411300,0.682800,0.530500,0.610900,225.010087,3.924261,1.409313,317.109686,0.000000,0.000000,true
1024,1024,3,sharpen,cuda_naive_global_memory,"NVIDIA GeForce RTX 4070 Laptop GPU",8,8,5,18874368,9.146680,8.965900,9.464800,0.167890,0.043398,0.035744,0.057344,0.008792,1.962398,1.954744,1.976344,0.008792,0.452800,0.685800,0.389200,0.391200,210.760763,4.660970,2.063521,434.909301,0.000001,0.000000,true
1024,1024,3,sharpen,cuda_shared_memory_tiled,"NVIDIA GeForce RTX 4070 Laptop GPU",8,8,5,18874368,9.146680,8.965900,9.464800,0.167890,0.041984,0.038912,0.044032,0.002148,1.870484,1.867412,1.872532,0.002148,0.352500,0.675200,0.382900,0.417900,217.861094,4.890007,2.063521,449.560983,0.000001,0.000000,true
1024,1024,3,sharpen,cuda_shared_constant_filter,"NVIDIA GeForce RTX 4070 Laptop GPU",8,8,5,18874368,9.146680,8.965900,9.464800,0.167890,0.044032,0.040960,0.053248,0.004670,1.931332,1.928260,1.940548,0.004670,0.381400,0.611900,0.392400,0.501600,207.728019,4.735944,2.063521,428.651170,0.000001,0.000000,true
1024,1024,3,sharpen,cuda_multi_output,"NVIDIA GeForce RTX 4070 Laptop GPU",8,8,5,18874368,9.146680,8.965900,9.464800,0.167890,0.035226,0.033792,0.036864,0.001044,1.959926,1.958492,1.961564,0.001044,0.384100,0.775000,0.386500,0.379100,259.660014,4.666851,2.063521,535.813942,0.000001,0.000000,true
1024,1024,3,sharpen,cuda_register_tiled,"NVIDIA GeForce RTX 4070 Laptop GPU",8,8,5,18874368,9.146680,8.965900,9.464800,0.167890,0.047309,0.031744,0.106496,0.029603,2.066709,2.051144,2.125896,0.029603,0.352700,0.725800,0.397200,0.543700,193.339930,4.425723,2.063521,398.961042,0.000001,0.000000,true
1024,1024,3,sharpen,cuda_naive_global_memory,"NVIDIA GeForce RTX 4070 Laptop GPU",16,16,5,18874368,9.146680,8.965900,9.464800,0.167890,0.040506,0.033792,0.062464,0.011003,2.109706,2.102992,2.131664,0.011003,0.409500,0.667400,0.451700,0.540600,225.812727,4.335524,2.063521,465.969348,0.000001,0.000000,true
1024,1024,3,sharpen,cuda_shared_memory_tiled,"NVIDIA GeForce RTX 4070 Laptop GPU",16,16,5,18874368,9.146680,8.965900,9.464800,0.167890,0.039296,0.038784,0.039936,0.000525,2.178396,2.177884,2.179036,0.000525,0.371200,0.935600,0.387200,0.445100,232.763646,4.198814,2.063521,480.312716,0.000001,0.000000,true
1024,1024,3,sharpen,cuda_shared_constant_filter,"NVIDIA GeForce RTX 4070 Laptop GPU",16,16,5,18874368,9.146680,8.965900,9.464800,0.167890,0.036845,0.035840,0.037888,0.000649,2.093845,2.092840,2.094888,0.000649,0.375400,0.761700,0.392400,0.527500,248.248863,4.368366,2.063521,512.266790,0.000001,0.000000,true
1024,1024,3,sharpen,cuda_multi_output,"NVIDIA GeForce RTX 4070 Laptop GPU",16,16,5,18874368,9.146680,8.965900,9.464800,0.167890,0.032973,0.031744,0.034816,0.001194,1.987673,1.986444,1.989516,0.001194,0.402600,0.666700,0.431600,0.453800,277.400767,4.601703,2.063521,572.422360,0.000001,0.000000,true
1024,1024,3,sharpen,cuda_register_tiled,"NVIDIA GeForce RTX 4070 Laptop GPU",16,16,5,18874368,9.146680,8.965900,9.464800,0.167890,0.025805,0.024576,0.027648,0.001003,2.130505,2.129276,2.132348,0.001003,0.343100,0.857300,0.385700,0.518600,354.456538,4.293198,2.063521,731.428577,0.000001,0.000000,true
1024,1024,3,sharpen,cuda_naive_global_memory,"NVIDIA GeForce RTX 4070 Laptop GPU",32,8,5,18874368,9.146680,8.965900,9.464800,0.167890,0.034995,0.033792,0.036864,0.001010,1.958595,1.957392,1.960464,0.001010,0.371100,0.657500,0.379600,0.515400,261.369556,4.670021,2.063521,539.341617,0.000001,0.000000,true
1024,1024,3,sharpen,cuda_shared_memory_tiled,"NVIDIA GeForce RTX 4070 Laptop GPU",32,8,5,18874368,9.146680,8.965900,9.464800,0.167890,0.044608,0.040960,0.053088,0.004363,2.198008,2.194360,2.206488,0.004363,0.318400,0.775800,0.489600,0.569600,205.045735,4.161350,2.063521,423.116220,0.000001,0.000000,true
1024,1024,3,sharpen,cuda_shared_constant_filter,"NVIDIA GeForce RTX 4070 Laptop GPU",32,8,5,18874368,9.146680,8.965900,9.464800,0.167890,0.036045,0.035840,0.036864,0.000410,1.891345,1.891140,1.892164,0.000410,0.253300,0.781900,0.384400,0.435700,253.758649,4.836072,2.063521,523.636349,0.000001,0.000000,true
1024,1024,3,sharpen,cuda_multi_output,"NVIDIA GeForce RTX 4070 Laptop GPU",32,8,5,18874368,9.146680,8.965900,9.464800,0.167890,0.037446,0.030720,0.054272,0.008750,1.960146,1.953420,1.976972,0.008750,0.300700,0.682100,0.379800,0.560100,244.260598,4.666325,2.063521,504.036920,0.000001,0.000000,true
1024,1024,3,sharpen,cuda_register_tiled,"NVIDIA GeForce RTX 4070 Laptop GPU",32,8,5,18874368,9.146680,8.965900,9.464800,0.167890,0.037862,0.024576,0.054144,0.011959,1.936762,1.923476,1.953044,0.011959,0.389100,0.659100,0.388100,0.462600,241.576870,4.722665,2.063521,498.498991,0.000001,0.000000,true
1024,1024,3,sharpen,cuda_naive_global_memory,"NVIDIA GeForce RTX 4070 Laptop GPU",32,16,5,18874368,9.146680,8.965900,9.464800,0.167890,0.036454,0.035840,0.038912,0.001229,2.071054,2.070440,2.073512,0.001229,0.437500,0.685000,0.382300,0.529800,250.907432,4.416436,2.063521,517.752803,0.000001,0.000000,true
1024,1024,3,sharpen,cuda_shared_memory_tiled,"NVIDIA GeForce RTX 4070 Laptop GPU",32,16,5,18874368,9.146680,8.965900,9.464800,0.167890,0.047462,0.040960,0.053248,0.005033,2.152962,2.146460,2.158748,0.005033,0.356300,0.707900,0.386400,0.654900,192.714236,4.248416,2.063521,397.669909,0.000001,0.000000,true
1024,1024,3,sharpen,cuda_shared_constant_filter,"NVIDIA GeForce RTX 4070 Laptop GPU",32,16,5,18874368,9.146680,8.965900,9.464800,0.167890,0.038042,0.036864,0.039776,0.000949,1.998942,1.997764,2.000676,0.000949,0.541300,0.583400,0.386600,0.449600,240.438880,4.575761,2.063521,496.150723,0.000001,0.000000,true
1024,1024,3,sharpen,cuda_multi_output,"NVIDIA GeForce RTX 4070 Laptop GPU",32,16,5,18874368,9.146680,8.965900,9.464800,0.167890,0.033523,0.032576,0.034816,0.000803,1.955423,1.954476,1.956716,0.000803,0.392100,0.679300,0.381700,0.468800,272.846270,4.677596,2.063521,563.024060,0.000001,0.000000,true
1024,1024,3,sharpen,cuda_register_tiled,"NVIDIA GeForce RTX 4070 Laptop GPU",32,16,5,18874368,9.146680,8.965900,9.464800,0.167890,0.031117,0.026624,0.047104,0.008006,2.023217,2.018724,2.039204,0.008006,0.409700,0.608600,0.439300,0.534500,293.946678,4.520860,2.063521,606.565199,0.000001,0.000000,true
1024,1024,3,sobel,cuda_naive_global_memory,"NVIDIA GeForce RTX 4070 Laptop GPU",8,8,5,18874368,9.183220,8.984200,9.589800,0.216677,0.041158,0.034816,0.058368,0.008678,2.067758,2.061416,2.084968,0.008678,0.416400,0.797100,0.391400,0.421700,223.118968,4.441147,2.055310,458.578746,0.000000,0.000000,true
1024,1024,3,sobel,cuda_shared_memory_tiled,"NVIDIA GeForce RTX 4070 Laptop GPU",8,8,5,18874368,9.183220,8.984200,9.589800,0.216677,0.048710,0.041984,0.066560,0.009064,2.002310,1.995584,2.020160,0.009064,0.352000,0.694500,0.399900,0.507200,188.526886,4.586312,2.055310,387.481278,0.000000,0.000000,true
1024,1024,3,sobel,cuda_shared_constant_filter,"NVIDIA GeForce RTX 4070 Laptop GPU",8,8,5,18874368,9.183220,8.984200,9.589800,0.216677,0.042394,0.037888,0.058368,0.008000,2.086994,2.082488,2.102968,0.008000,0.376000,0.735500,0.410000,0.523100,216.618073,4.400215,2.055310,445.217389,0.000000,0.000000,true
1024,1024,3,sobel,cuda_multi_output,"NVIDIA GeForce RTX 4070 Laptop GPU",8,8,5,18874368,9.183220,8.984200,9.589800,0.216677,0.034406,0.033792,0.035840,0.000819,1.905506,1.904892,1.906940,0.000819,0.282400,0.811200,0.384300,0.393200,266.904409,4.819307,2.055310,548.571421,0.000000,0.000000,true
1024,1024,3,sobel,cuda_register_tiled,"NVIDIA GeForce RTX 4070 Laptop GPU",8,8,5,18874368,9.183220,8.984200,9.589800,0.216677,0.035974,0.034720,0.039744,0.001931,1.873974,1.872720,1.877744,0.001931,0.240000,0.734200,0.377400,0.486400,255.270967,4.900398,2.055310,524.661085,0.000000,0.000000,true
1024,1024,3,sobel,cuda_naive_global_memory,"NVIDIA GeForce RTX 4070 Laptop GPU",16,16,5,18874368,9.183220,8.984200,9.589800,0.216677,0.040749,0.033792,0.056320,0.007945,1.912749,1.905792,1.928320,0.007945,0.282100,0.748700,0.422700,0.418500,225.361722,4.801059,2.055310,463.188302,0.000000,0.000000,true
1024,1024,3,sobel,cuda_shared_memory_tiled,"NVIDIA GeForce RTX 4070 Laptop GPU",16,16,5,18874368,9.183220,8.984200,9.589800,0.216677,0.039085,0.037888,0.039936,0.000759,1.913485,1.912288,1.914336,0.000759,0.267400,0.812100,0.385800,0.409100,234.956298,4.799212,2.055310,482.908134,0.000000,0.000000,true
1024,1024,3,sobel,cuda_shared_constant_filter,"NVIDIA GeForce RTX 4070 Laptop GPU",16,16,5,18874368,9.183220,8.984200,9.589800,0.216677,0.035411,0.034816,0.036864,0.000810,1.901811,1.901216,1.903264,0.000810,0.214600,0.814000,0.372500,0.465300,259.330941,4.828671,2.055310,533.005593,0.000000,0.000000,true
1024,1024,3,sobel,cuda_multi_output,"NVIDIA GeForce RTX 4070 Laptop GPU",16,16,5,18874368,9.183220,8.984200,9.589800,0.216677,0.035226,0.034816,0.035840,0.000502,2.008726,2.008316,2.009340,0.000502,0.300300,0.638800,0.399200,0.635200,260.697328,4.571665,2.055310,535.813942,0.000000,0.000000,true
1024,1024,3,sobel,cuda_register_tiled,"NVIDIA GeForce RTX 4070 Laptop GPU",16,16,5,18874368,9.183220,8.984200,9.589800,0.216677,0.030688,0.024576,0.049152,0.009288,1.849788,1.843676,1.868252,0.009288,0.352200,0.640100,0.387000,0.439800,299.244651,4.964472,2.055310,615.040658,0.000000,0.000000,true
1024,1024,3,sobel,cuda_naive_global_memory,"NVIDIA GeForce RTX 4070 Laptop GPU",32,8,5,18874368,9.183220,8.984200,9.589800,0.216677,0.034560,0.033600,0.036864,0.001220,1.859960,1.859000,1.862264,0.001220,0.270300,0.730300,0.388400,0.436400,265.718170,4.937321,2.055310,546.133331,0.000000,0.000000,true
1024,1024,3,sobel,cuda_shared_memory_tiled,"NVIDIA GeForce RTX 4070 Laptop GPU",32,8,5,18874368,9.183220,8.984200,9.589800,0.216677,0.039283,0.038912,0.039936,0.000459,1.978683,1.978312,1.979336,0.000459,0.242200,0.838300,0.376500,0.482400,233.769659,4.641076,2.055310,480.469222,0.000000,0.000000,true
1024,1024,3,sobel,cuda_shared_constant_filter,"NVIDIA GeForce RTX 4070 Laptop GPU",32,8,5,18874368,9.183220,8.984200,9.589800,0.216677,0.037024,0.035840,0.037856,0.000721,1.810624,1.809440,1.811456,0.000721,0.332600,0.657100,0.387700,0.396200,248.034241,5.071854,2.055310,509.787367,0.000000,0.000000,true
1024,1024,3,sobel,cuda_multi_output,"NVIDIA GeForce RTX 4070 Laptop GPU",32,8,5,18874368,9.183220,8.984200,9.589800,0.216677,0.031520,0.030720,0.032768,0.000762,1.913520,1.912720,1.914768,0.000762,0.320800,0.743200,0.383900,0.434100,291.345818,4.799124,2.055310,598.806104,0.000000,0.000000,true
1024,1024,3,sobel,cuda_register_tiled,"NVIDIA GeForce RTX 4070 Laptop GPU",32,8,5,18874368,9.183220,8.984200,9.589800,0.216677,0.025978,0.024576,0.027648,0.001059,2.013278,2.011876,2.014948,0.001059,0.232300,0.774400,0.378200,0.602400,353.505328,4.561328,2.055310,726.563193,0.000000,0.000000,true
1024,1024,3,sobel,cuda_naive_global_memory,"NVIDIA GeForce RTX 4070 Laptop GPU",32,16,5,18874368,9.183220,8.984200,9.589800,0.216677,0.042957,0.036864,0.059136,0.008218,2.139057,2.132964,2.155236,0.008218,0.449200,0.690000,0.475500,0.481400,213.778028,4.293116,2.055310,439.380214,0.000000,0.000000,true
1024,1024,3,sobel,cuda_shared_memory_tiled,"NVIDIA GeForce RTX 4070 Laptop GPU",32,16,5,18874368,9.183220,8.984200,9.589800,0.216677,0.041984,0.040960,0.044032,0.001295,1.952984,1.951960,1.955032,0.001295,0.428900,0.675700,0.385700,0.420700,218.731425,4.702148,2.055310,449.560983,0.000000,0.000000,true
1024,1024,3,sobel,cuda_shared_constant_filter,"NVIDIA GeForce RTX 4070 Laptop GPU",32,16,5,18874368,9.183220,8.984200,9.589800,0.216677,0.042189,0.037888,0.057344,0.007619,1.874289,1.869988,1.889444,0.007619,0.305100,0.677300,0.377300,0.472400,217.669614,4.899576,2.055310,447.378632,0.000000,0.000000,true
1024,1024,3,sobel,cuda_multi_output,"NVIDIA GeForce RTX 4070 Laptop GPU",32,16,5,18874368,9.183220,8.984200,9.589800,0.216677,0.032973,0.032768,0.033792,0.000410,1.971273,1.971068,1.972092,0.000410,0.298400,0.760000,0.379400,0.500500,278.508953,4.658523,2.055310,572.422360,0.000000,0.000000,true
1024,1024,3,sobel,cuda_register_tiled,"NVIDIA GeForce RTX 4070 Laptop GPU",32,16,5,18874368,9.183220,8.984200,9.589800,0.216677,0.028877,0.025600,0.040960,0.006055,1.819377,1.816100,1.831460,0.006055,0.245100,0.802900,0.382900,0.359600,318.013776,5.047454,2.055310,653.617036,0.000000,0.000000,true
1024,1024,5,box,cuda_naive_global_memory,"NVIDIA GeForce RTX 4070 Laptop GPU",8,8,5,52428800,19.996140,19.844400,20.540400,0.272282,0.075552,0.073728,0.077728,0.001327,2.007852,2.006028,2.010028,0.001327,0.407300,0.660000,0.393200,0.471800,264.667238,9.958971,2.621946,693.943216,0.000000,0.000000,true
1024,1024,5,box,cuda_shared_memory_tiled,"NVIDIA GeForce RTX 4070 Laptop GPU",8,8,5,52428800,19.996140,19.844400,20.540400,0.272282,0.069427,0.066560,0.075776,0.003264,1.858927,1.856060,1.865276,0.003264,0.260400,0.729000,0.398500,0.401600,288.015931,10.756817,2.621946,755.162229,0.000000,0.000000,true
1024,1024,5,box,cuda_shared_constant_filter,"NVIDIA GeForce RTX 4070 Laptop GPU",8,8,5,52428800,19.996140,19.844400,20.540400,0.272282,0.058778,0.058368,0.059392,0.000502,1.847578,1.847168,1.848192,0.000502,0.259900,0.702100,0.380300,0.446500,340.200001,10.822896,2.621946,891.986043,0.000000,0.000000,true
1024,1024,5,box,cuda_multi_output,"NVIDIA GeForce RTX 4070 Laptop GPU",8,8,5,52428800,19.996140,19.844400,20.540400,0.272282,0.072666,0.071680,0.073728,0.000652,1.947666,1.946680,1.948728,0.000652,0.241400,0.727600,0.389500,0.516500,275.180270,10.266721,2.621946,721.507819,0.000000,0.000000,true
1024,1024,5,box,cuda_register_tiled,"NVIDIA GeForce RTX 4070 Laptop GPU",8,8,5,52428800,19.996140,19.844400,20.540400,0.272282,0.065946,0.064512,0.067584,0.001044,1.953946,1.952512,1.955584,0.001044,0.230700,0.855600,0.395100,0.406600,303.221747,10.233724,2.621946,795.031056,0.000000,0.000000,true
1024,1024,5,box,cuda_separable,"NVIDIA GeForce RTX 4070 Laptop GPU",8,8,5,20971520,19.996140,19.844400,20.540400,0.272282,0.044851,0.041984,0.051200,0.003264,2.177751,2.174884,2.184100,0.003264,0.354200,0.765100,0.375900,0.637700,445.832892,9.182013,1.048778,467.579913,0.000000,0.000000,true
1024,1024,5,box,cuda_naive_global_memory,"NVIDIA GeForce RTX 4070 Laptop GPU",16,16,5,52428800,19.996140,19.844400,20.540400,0.272282,0.064762,0.064256,0.066336,0.000792,1.903962,1.903456,1.905536,0.000792,0.218700,0.769200,0.385000,0.466300,308.765387,10.502386,2.621946,809.566183,0.000000,0.000000,true
1024,1024,5,box,cuda_shared_memory_tiled,"NVIDIA GeForce RTX 4070 Laptop GPU",16,16,5,52428800,19.996140,19.844400,20.540400,0.272282,0.067936,0.067456,0.068608,0.000488,1.840036,1.839556,1.840708,0.000488,0.255400,0.755700,0.386400,0.374600,294.337905,10.867255,2.621946,771.738104,0.000000,0.000000,true
1024,1024,5,box,cuda_shared_constant_filter,"NVIDIA GeForce RTX 4070 Laptop GPU",16,16,5,52428800,19.996140,19.844400,20.540400,0.272282,0.063443,0.057184,0.082880,0.009752,1.783243,1.776984,1.802680,0.009752,0.223300,0.761900,0.373400,0.361200,315.181767,11.213356,2.621946,826.389586,0.000000,0.000000,true
1024,1024,5,box,cuda_multi_output,"NVIDIA GeForce RTX 4070 Laptop GPU",16,16,5,52428800,19.996140,19.844400,20.540400,0.272282,0.063066,0.062464,0.064512,0.000813,1.968066,1.967464,1.969512,0.000813,0.245200,0.748100,0.501500,0.410200,317.068899,10.160302,2.621946,831.337542,0.000000,0.000000,true
1024,1024,5,box,cuda_register_tiled,"NVIDIA GeForce RTX 4070 Laptop GPU",16,16,5,52428800,19.996140,19.844400,20.540400,0.272282,0.048538,0.047104,0.051200,0.001533,1.888538,1.887104,1.891200,0.001533,0.271800,0.796900,0.385200,0.386100,411.972155,10.588161,2.621946,1080.168759,0.000000,0.000000,true
1024,1024,5,box,cuda_separable,"NVIDIA GeForce RTX 4070 Laptop GPU",16,16,5,20971520,19.996140,19.844400,20.540400,0.272282,0.045254,0.039936,0.062464,0.008629,2.088154,2.082836,2.105364,0.008629,0.224600,0.859100,0.382500,0.576700,441.860692,9.575987,1.048778,463.413956,0.000000,0.000000,true
1024,1024,5,box,cuda_naive_global_memory,"NVIDIA GeForce RTX 4070 Laptop GPU",32,8,5,52428800,19.996140,19.844400,20.540400,0.272282,0.070426,0.066560,0.082816,0.006242,1.997926,1.994060,2.010316,0.006242,0.209800,0.786600,0.466000,0.465100,283.932832,10.008451,2.621946,744.456563,0.000000,0.000000,true
1024,1024,5,box,cuda_shared_memory_tiled,"NVIDIA GeForce RTX 4070 Laptop GPU",32,8,5,52428800,19.996140,19.844400,20.540400,0.272282,0.072499,0.071680,0.073728,0.000766,1.968099,1.967280,1.969328,0.000766,0.437300,0.670600,0.380300,0.407400,275.811863,10.160128,2.621946,723.163820,0.000000,0.000000,true
1024,1024,5,box,cuda_shared_constant_filter,"NVIDIA GeForce RTX 4070 Laptop GPU",32,8,5,52428800,19.996140,19.844400,20.540400,0.272282,0.057139,0.056320,0.059392,0.001194,2.304039,2.303220,2.306292,0.001194,0.225800,0.707500,0.866800,0.446800,349.954843,8.678733,2.621946,917.562712,0.000000,0.000000,true
1024,1024,5,box,cuda_multi_output,"NVIDIA GeForce RTX 4070 Laptop GPU",32,8,5,52428800,19.996140,19.844400,20.540400,0.272282,0.065318,0.062464,0.072640,0.003718,1.826718,1.823864,1.834040,0.003718,0.249200,0.766200,0.390900,0.355100,306.133342,10.946482,2.621946,802.665103,0.000000,0.000000,true
1024,1024,5,box,cuda_register_tiled,"NVIDIA GeForce RTX 4070 Laptop GPU",32,8,5,52428800,19.996140,19.844400,20.540400,0.272282,0.048512,0.048128,0.050048,0.000768,2.271412,2.271028,2.272948,0.000768,0.253500,0.728100,0.768600,0.472700,412.189550,8.803396,2.621946,1080.738757,0.000000,0.000000,true
1024,1024,5,box,cuda_separable,"NVIDIA GeForce RTX 4070 Laptop GPU",32,8,5,20971520,19.996140,19.844400,20.540400,0.272282,0.048730,0.040896,0.077824,0.014555,2.166230,2.158396,2.195324,0.014555,0.270400,0.832500,0.457900,0.556700,410.348958,9.230850,1.048778,430.365130,0.000000,0.000000,true
1024,1024,5,box,cuda_naive_global_memory,"NVIDIA GeForce RTX 4070 Laptop GPU",32,16,5,52428800,19.996140,19.844400,20.540400,0.272282,0.065126,0.064512,0.066560,0.000819,2.469726,2.469112,2.471160,0.000819,0.369900,0.732400,0.383400,0.918900,307.035858,8.096500,2.621946,805.031450,0.000000,0.000000,true
1024,1024,5,box,cuda_shared_memory_tiled,"NVIDIA GeForce RTX 4070 Laptop GPU",32,16,5,52428800,19.996140,19.844400,20.540400,0.272282,0.070861,0.069632,0.071680,0.000766,2.084661,2.083432,2.085480,0.000766,0.237500,0.836600,0.443600,0.496100,282.189018,9.592035,2.621946,739.884376,0.000000,0.000000,true
1024,1024,5,box,cuda_shared_constant_filter,"NVIDIA GeForce RTX 4070 Laptop GPU",32,16,5,52428800,19.996140,19.844400,20.540400,0.272282,0.061427,0.059392,0.063488,0.001296,4.164527,4.162492,4.166588,0.001296,1.931200,0.776900,0.846700,0.548300,325.525827,4.801539,2.621946,853.511150,0.000000,0.000000,true
1024,1024,5,box,cuda_multi_output,"NVIDIA GeForce RTX 4070 Laptop GPU",32,16,5,52428800,19.996140,19.844400,20.540400,0.272282,0.064512,0.063488,0.067584,0.001586,2.006612,2.005588,2.009684,0.001586,0.290300,0.856100,0.387600,0.408100,309.960010,9.965125,2.621946,812.698419,0.000000,0.000000,true
1024,1024,5,box,cuda_register_tiled,"NVIDIA GeForce RTX 4070 Laptop GPU",32,16,5,52428800,19.996140,19.844400,20.540400,0.272282,0.048928,0.048032,0.050176,0.000787,1.862328,1.861432,1.863576,0.000787,0.333900,0.650900,0.375000,0.453600,408.685000,10.737174,2.621946,1071.550016,0.000000,0.000000,true
1024,1024,5,box,cuda_separable,"NVIDIA GeForce RTX 4070 Laptop GPU",32,16,5,20971520,19.996140,19.844400,20.540400,0.272282,0.043168,0.041984,0.044032,0.000722,2.022568,2.021384,2.023432,0.000722,0.228500,0.863300,0.375100,0.512500,463.216741,9.886511,1.048778,485.811719,0.000000,0.000000,true
1024,1024,5,gaussian,cuda_naive_global_memory,"NVIDIA GeForce RTX 4070 Laptop GPU",8,8,5,52428800,19.888180,19.763000,20.296900,0.204933,0.071885,0.071680,0.072704,0.000410,2.105785,2.105580,2.106604,0.000410,0.284600,0.969800,0.387700,0.391800,276.667382,9.444545,2.636179,729.344709,0.000000,0.000000,true
1024,1024,5,gaussian,cuda_shared_memory_tiled,"NVIDIA GeForce RTX 4070 Laptop GPU",8,8,5,52428800,19.888180,19.763000,20.296900,0.204933,0.067130,0.066560,0.069408,0.001139,1.976230,1.975660,1.978508,0.001139,0.255900,0.763800,0.382800,0.506600,296.265433,10.063699,2.636179,781.008675,0.000000,0.000000,true
1024,1024,5,gaussian,cuda_shared_constant_filter,"NVIDIA GeForce RTX 4070 Laptop GPU",8,8,5,52428800,19.888180,19.763000,20.296900,0.204933,0.059968,0.058368,0.061376,0.001018,1.970268,1.968668,1.971676,0.001018,0.226200,0.788700,0.442200,0.453200,331.646537,10.094150,2.636179,874.279595,0.000000,0.000000,true
1024,1024,5,gaussian,cuda_multi_output,"NVIDIA GeForce RTX 4070 Laptop GPU",8,8,5,52428800,19.888180,19.763000,20.296900,0.204933,0.072090,0.071680,0.073728,0.000819,2.022390,2.021980,2.024028,0.000819,0.273000,0.863200,0.391400,0.422700,275.881395,9.834000,2.636179,727.272707,0.000000,0.000000,true
1024,1024,5,gaussian,cuda_register_tiled,"NVIDIA GeForce RTX 4070 Laptop GPU",8,8,5,52428800,19.888180,19.763000,20.296900,0.204933,0.069222,0.067584,0.070656,0.001044,1.994422,1.992784,1.995856,0.001044,0.270300,0.741500,0.391300,0.522100,287.308439,9.971900,2.636179,757.396438,0.000000,0.000000,true
1024,1024,5,gaussian,cuda_separable,"NVIDIA GeForce RTX 4070 Laptop GPU",8,8,5,20971520,19.888180,19.763000,20.296900,0.204933,0.050176,0.043008,0.067584,0.009340,2.303876,2.296708,2.321284,0.009340,0.391900,0.882300,0.386400,0.593100,396.368384,8.632487,1.054472,417.959185,0.000000,0.000000,true
1024,1024,5,gaussian,cuda_naive_global_memory,"NVIDIA GeForce RTX 4070 Laptop GPU",16,16,5,52428800,19.888180,19.763000,20.296900,0.204933,0.064512,0.063488,0.066560,0.001295,1.961012,1.959988,1.963060,0.001295,0.248500,0.783000,0.379600,0.485400,308.286523,10.141794,2.636179,812.698419,0.000000,0.000000,true
1024,1024,5,gaussian,cuda_shared_memory_tiled,"NVIDIA GeForce RTX 4070 Laptop GPU",16,16,5,52428800,19.888180,19.763000,20.296900,0.204933,0.069222,0.068608,0.070656,0.000819,1.943922,1.943308,1.945356,0.000819,0.210500,0.775900,0.458200,0.430100,287.308439,10.230954,2.636179,757.396438,0.000000,0.000000,true
1024,1024,5,gaussian,cuda_shared_constant_filter,"NVIDIA GeForce RTX 4070 Laptop GPU",16,16,5,52428800,19.888180,19.763000,20.296900,0.204933,0.056525,0.055296,0.058368,0.001003,1.964025,1.962796,1.965868,0.001003,0.394300,0.726100,0.386200,0.400900,351.848743,10.126237,2.636179,927.536224,0.000000,0.000000,true
1024,1024,5,gaussian,cuda_multi_output,"NVIDIA GeForce RTX 4070 Laptop GPU",16,16,5,52428800,19.888180,19.763000,20.296900,0.204933,0.062259,0.061440,0.063488,0.000766,1.918459,1.917640,1.919688,0.000766,0.214900,0.790300,0.373600,0.477400,319.441631,10.366746,2.636179,842.105280,0.000000,0.000000,true
1024,1024,5,gaussian,cuda_register_tiled,"NVIDIA GeForce RTX 4070 Laptop GPU",16,16,5,52428800,19.888180,19.763000,20.296900,0.204933,0.048525,0.047104,0.050176,0.001037,1.950925,1.949504,1.952576,0.001037,0.267700,0.733400,0.467400,0.433900,409.855985,10.194232,2.636179,1080.453691,0.000000,0.000000,true
1024,1024,5,gaussian,cuda_separable,"NVIDIA GeForce RTX 4070 Laptop GPU",16,16,5,20971520,19.888180,19.763000,20.296900,0.204933,0.040960,0.039936,0.041984,0.000648,2.149460,2.148436,2.150484,0.000648,0.366200,0.805400,0.383400,0.553500,485.551282,9.252640,1.054472,512.000013,0.000000,0.000000,true
1024,1024,5,gaussian,cuda_naive_global_memory,"NVIDIA GeForce RTX 4070 Laptop GPU",32,8,5,52428800,19.888180,19.763000,20.296900,0.204933,0.064256,0.063488,0.065472,0.000739,1.908056,1.907288,1.909272,0.000739,0.211500,0.770900,0.380300,0.481100,309.514758,10.423269,2.636179,815.936267,0.000000,0.000000,true
1024,1024,5,gaussian,cuda_shared_memory_tiled,"NVIDIA GeForce RTX 4070 Laptop GPU",32,8,5,52428800,19.888180,19.763000,20.296900,0.204933,0.070451,0.068608,0.075776,0.002701,1.950651,1.948808,1.955976,0.002701,0.255500,0.874700,0.384600,0.365400,282.297244,10.195662,2.636179,744.186031,0.000000,0.000000,true
1024,1024,5,gaussian,cuda_shared_constant_filter,"NVIDIA GeForce RTX 4070 Laptop GPU",32,8,5,52428800,19.888180,19.763000,20.296900,0.204933,0.061850,0.057344,0.075776,0.007053,1.837350,1.832844,1.851276,0.007053,0.362200,0.626100,0.375000,0.412200,321.557124,10.824385,2.636179,847.682098,0.000000,0.000000,true
1024,1024,5,gaussian,cuda_multi_output,"NVIDIA GeForce RTX 4070 Laptop GPU",32,8,5,52428800,19.888180,19.763000,20.296900,0.204933,0.065914,0.065376,0.067584,0.000837,2.012714,2.012176,2.014384,0.000837,0.256900,0.743300,0.457500,0.489100,301.731055,9.881277,2.636179,795.417034,0.000000,0.000000,true
1024,1024,5,gaussian,cuda_register_tiled,"NVIDIA GeForce RTX 4070 Laptop GPU",32,8,5,52428800,19.888180,19.763000,20.296900,0.204933,0.047917,0.047072,0.049152,0.001009,1.895717,1.894872,1.896952,0.001009,0.269100,0.758500,0.384800,0.435400,415.056504,10.491113,2.636179,1094.163187,0.000000,0.000000,true
1024,1024,5,gaussian,cuda_separable,"NVIDIA GeForce RTX 4070 Laptop GPU",32,8,5,20971520,19.888180,19.763000,20.296900,0.204933,0.046054,0.040960,0.061440,0.007932,2.117154,2.112060,2.132540,0.007932,0.352800,0.756700,0.378000,0.583600,431.841049,9.393826,1.054472,455.364101,0.000000,0.000000,true
1024,1024,5,gaussian,cuda_naive_global_memory,"NVIDIA GeForce RTX 4070 Laptop GPU",32,16,5,52428800,19.888180,19.763000,20.296900,0.204933,0.066106,0.065536,0.066560,0.000472,1.930606,1.930036,1.931060,0.000472,0.326800,0.687100,0.400600,0.450000,300.854694,10.301524,2.636179,793.106790,0.000000,0.000000,true
1024,1024,5,gaussian,cuda_shared_memory_tiled,"NVIDIA GeForce RTX 4070 Laptop GPU",32,16,5,52428800,19.888180,19.763000,20.296900,0.204933,0.071450,0.070656,0.073600,0.001146,1.795750,1.794956,1.797900,0.001146,0.313000,0.677100,0.386100,0.348100,278.352567,11.075141,2.636179,733.787156,0.000000,0.000000,true
1024,1024,5,gaussian,cuda_shared_constant_filter,"NVIDIA GeForce RTX 4070 Laptop GPU",32,16,5,52428800,19.888180,19.763000,20.296900,0.204933,0.064064,0.060416,0.076640,0.006304,2.411164,2.407516,2.423740,0.006304,0.248900,0.709300,0.981500,0.407400,310.442367,8.248373,2.636179,818.381611,0.000000,0.000000,true
1024,1024,5,gaussian,cuda_multi_output,"NVIDIA GeForce RTX 4070 Laptop GPU",32,16,5,52428800,19.888180,19.763000,20.296900,0.204933,0.064307,0.063488,0.066560,0.001194,1.833107,1.832288,1.835360,0.001194,0.299000,0.723700,0.385000,0.361100,309.268327,10.849436,2.636179,815.286632,0.000000,0.000000,true
1024,1024,5,gaussian,cuda_register_tiled,"NVIDIA GeForce RTX 4070 Laptop GPU",32,16,5,52428800,19.888180,19.763000,20.296900,0.204933,0.053242,0.048128,0.065536,0.006378,1.900742,1.895628,1.913036,0.006378,0.267300,0.743200,0.380000,0.457000,373.545873,10.463379,2.636179,984.733740,0.000000,0.000000,true
1024,1024,5,gaussian,cuda_separable,"NVIDIA GeForce RTX 4070 Laptop GPU",32,16,5,20971520,19.888180,19.763000,20.296900,0.204933,0.044045,0.041984,0.049152,0.002661,2.147545,2.145484,2.152652,0.002661,0.411500,0.733200,0.417500,0.541300,451.544336,9.260892,1.054472,476.140656,0.000000,0.000000,true
1024,1024,5,sharpen,cuda_naive_global_memory,"NVIDIA GeForce RTX 4070 Laptop GPU",8,8,5,52428800,20.021140,19.835500,20.378500,0.203572,0.071680,0.070656,0.072704,0.000916,2.326080,2.325056,2.327104,0.000916,0.361500,0.806100,0.375500,0.711300,279.312772,8.607245,2.618672,731.428552,0.000001,0.000000,true
1024,1024,5,sharpen,cuda_shared_memory_tiled,"NVIDIA GeForce RTX 4070 Laptop GPU",8,8,5,52428800,20.021140,19.835500,20.378500,0.203572,0.067315,0.066560,0.068608,0.000754,1.981615,1.980860,1.982908,0.000754,0.270700,0.688300,0.451600,0.503700,297.423762,10.103445,2.618672,778.855296,0.000001,0.000000,true
1024,1024,5,sharpen,cuda_shared_constant_filter,"NVIDIA GeForce RTX 4070 Laptop GPU",8,8,5,52428800,20.021140,19.835500,20.378500,0.203572,0.059962,0.059392,0.060416,0.000467,2.019462,2.018892,2.019916,0.000467,0.190600,0.897900,0.456000,0.415000,333.899355,9.914098,2.618672,874.372912,0.000001,0.000000,true
1024,1024,5,sharpen,cuda_multi_output,"NVIDIA GeForce RTX 4070 Laptop GPU",8,8,5,52428800,20.021140,19.835500,20.378500,0.203572,0.073696,0.072544,0.076800,0.001608,2.256696,2.255544,2.259800,0.001608,0.253600,0.805500,0.766800,0.357100,271.671995,8.871882,2.618672,711.419864,0.000001,0.000000,true
1024,1024,5,sharpen,cuda_register_tiled,"NVIDIA GeForce RTX 4070 Laptop GPU",8,8,5,52428800,20.021140,19.835500,20.378500,0.203572,0.068813,0.065536,0.070656,0.001762,1.821813,1.818536,1.823656,0.001762,0.245300,0.725100,0.374000,0.408600,290.950807,10.989680,2.618672,761.904751,0.000001,0.000000,true
1024,1024,5,sharpen,cuda_naive_global_memory,"NVIDIA GeForce RTX 4070 Laptop GPU",16,16,5,52428800,20.021140,19.835500,20.378500,0.203572,0.071270,0.065536,0.084992,0.007229,1.964570,1.958836,1.978292,0.007229,0.294500,0.753100,0.387300,0.458400,280.918024,10.191103,2.618672,735.632181,0.000001,0.000000,true
1024,1024,5,sharpen,cuda_shared_memory_tiled,"NVIDIA GeForce RTX 4070 Laptop GPU",16,16,5,52428800,20.021140,19.835500,20.378500,0.203572,0.075123,0.068608,0.099328,0.012124,1.864023,1.857508,1.888228,0.012124,0.254600,0.754000,0.378800,0.401500,266.510746,10.740821,2.618672,697.904244,0.000001,0.000000,true
1024,1024,5,sharpen,cuda_shared_constant_filter,"NVIDIA GeForce RTX 4070 Laptop GPU",16,16,5,52428800,20.021140,19.835500,20.378500,0.203572,0.057517,0.056320,0.060416,0.001511,1.954617,1.953420,1.957516,0.001511,0.243200,0.793900,0.373900,0.486100,348.092032,10.243000,2.618672,911.538880,0.000001,0.000000,true
1024,1024,5,sharpen,cuda_multi_output,"NVIDIA GeForce RTX 4070 Laptop GPU",16,16,5,52428800,20.021140,19.835500,20.378500,0.203572,0.062669,0.061440,0.063488,0.000766,10.447469,10.446240,10.448288,0.000766,8.977100,0.617000,0.405200,0.385500,319.475407,1.916363,2.618672,836.601322,0.000001,0.000000,true
1024,1024,5,sharpen,cuda_register_tiled,"NVIDIA GeForce RTX 4070 Laptop GPU",16,16,5,52428800,20.021140,19.835500,20.378500,0.203572,0.052992,0.048128,0.066528,0.007004,2.236492,2.231628,2.250028,0.007004,0.256300,0.724900,0.376400,0.825900,377.814379,8.952028,2.618672,989.371959,0.000001,0.000000,true
1024,1024,5,sharpen,cuda_naive_global_memory,"NVIDIA GeForce RTX 4070 Laptop GPU",32,8,5,52428800,20.021140,19.835500,20.378500,0.203572,0.064678,0.064320,0.065536,0.000435,1.922878,1.922520,1.923736,0.000435,0.213900,0.782100,0.411000,0.451200,309.549096,10.412068,2.618672,810.607569,0.000001,0.000000,true
1024,1024,5,sharpen,cuda_shared_memory_tiled,"NVIDIA GeForce RTX 4070 Laptop GPU",32,8,5,52428800,20.021140,19.835500,20.378500,0.203572,0.068973,0.068480,0.069632,0.000502,1.807473,1.806980,1.808132,0.000502,0.236900,0.780200,0.373400,0.348000,290.275874,11.076869,2.618672,760.137322,0.000001,0.000000,true
1024,1024,5,sharpen,cuda_shared_constant_filter,"NVIDIA GeForce RTX 4070 Laptop GPU",32,8,5,52428800,20.021140,19.835500,20.378500,0.203572,0.059981,0.058368,0.062464,0.001527,1.843381,1.841768,1.845864,0.001527,0.272400,0.742200,0.388400,0.380400,333.792476,10.861098,2.618672,874.093032,0.000001,0.000000,true
1024,1024,5,sharpen,cuda_multi_output,"NVIDIA GeForce RTX 4070 Laptop GPU",32,8,5,52428800,20.021140,19.835500,20.378500,0.203572,0.063674,0.063392,0.064512,0.000421,2.411474,2.411192,2.412312,0.000421,0.327900,0.794100,0.836000,0.389800,314.433930,8.302450,2.618672,823.399349,0.000001,0.000000,true
1024,1024,5,sharpen,cuda_register_tiled,"NVIDIA GeForce RTX 4070 Laptop GPU",32,8,5,52428800,20.021140,19.835500,20.378500,0.203572,0.047923,0.047104,0.049152,0.000766,1.837523,1.836704,1.838752,0.000766,0.214100,0.747700,0.376800,0.451000,417.775513,10.895721,2.618672,1094.017064,0.000001,0.000000,true
1024,1024,5,sharpen,cuda_naive_global_memory,"NVIDIA GeForce RTX 4070 Laptop GPU",32,16,5,52428800,20.021140,19.835500,20.378500,0.203572,0.065082,0.064512,0.066496,0.000782,1.916182,1.915612,1.917596,0.000782,0.216500,0.805200,0.379200,0.450200,307.631346,10.448456,2.618672,805.585611,0.000001,0.000000,true
1024,1024,5,sharpen,cuda_shared_memory_tiled,"NVIDIA GeForce RTX 4070 Laptop GPU",32,16,5,52428800,20.021140,19.835500,20.378500,0.203572,0.070995,0.070528,0.072512,0.000760,1.859795,1.859328,1.861312,0.000760,0.222500,0.834200,0.372200,0.359900,282.006948,10.765239,2.618672,738.483716,0.000001,0.000000,true
1024,1024,5,sharpen,cuda_shared_constant_filter,"NVIDIA GeForce RTX 4070 Laptop GPU",32,16,5,52428800,20.021140,19.835500,20.378500,0.203572,0.058330,0.057344,0.059296,0.000618,1.811530,1.810544,1.812496,0.000618,0.198200,0.757400,0.373100,0.424500,343.241505,11.052063,2.618672,898.836941,0.000001,0.000000,true
1024,1024,5,sharpen,cuda_multi_output,"NVIDIA GeForce RTX 4070 Laptop GPU",32,16,5,52428800,20.021140,19.835500,20.378500,0.203572,0.064083,0.063488,0.065536,0.000810,1.906783,1.906188,1.908236,0.000810,0.233500,0.810700,0.389400,0.409100,312.424165,10.499956,2.618672,818.136433,0.000001,0.000000,true
1024,1024,5,sharpen,cuda_register_tiled,"NVIDIA GeForce RTX 4070 Laptop GPU",32,16,5,52428800,20.021140,19.835500,20.378500,0.203572,0.051405,0.049152,0.054272,0.001986,1.763005,1.760752,1.765872,0.001986,0.291900,0.688600,0.376500,0.354600,389.479974,11.356259,2.618672,1019.920328,0.000001,0.000000,true
1024,1024,5,sobel,cuda_naive_global_memory,"NVIDIA GeForce RTX 4070 Laptop GPU",8,8,5,52428800,19.932500,19.578300,20.831700,0.478347,0.075571,0.071680,0.091136,0.007782,1.855571,1.851680,1.871136,0.007782,0.456200,0.615000,0.373000,0.335800,263.757881,10.741975,2.630317,693.766922,0.000000,0.000000,true
1024,1024,5,sobel,cuda_shared_memory_tiled,"NVIDIA GeForce RTX 4070 Laptop GPU",8,8,5,52428800,19.932500,19.578300,20.831700,0.478347,0.067174,0.065536,0.068608,0.001044,1.954474,1.952836,1.955908,0.001044,0.247000,0.721000,0.467300,0.452000,296.727621,10.198394,2.630317,780.487800,0.000000,0.000000,true
1024,1024,5,sobel,cuda_shared_constant_filter,"NVIDIA GeForce RTX 4070 Laptop GPU",8,8,5,52428800,19.932500,19.578300,20.831700,0.478347,0.059974,0.059392,0.061440,0.000806,1.961974,1.961392,1.963440,0.000806,0.215600,0.829300,0.429700,0.427400,332.350132,10.159409,2.630317,874.186309,0.000000,0.000000,true
1024,1024,5,sobel,cuda_multi_output,"NVIDIA GeForce RTX 4070 Laptop GPU",8,8,5,52428800,19.932500,19.578300,20.831700,0.478347,0.072090,0.071680,0.073728,0.000819,1.869090,1.868680,1.870728,0.000819,0.264400,0.685500,0.372700,0.474400,276.496186,10.664283,2.630317,727.272707,0.000000,0.000000,true
1024,1024,5,sobel,cuda_register_tiled,"NVIDIA GeForce RTX 4070 Laptop GPU",8,8,5,52428800,19.932500,19.578300,20.831700,0.478347,0.069837,0.068608,0.070656,0.000766,1.908937,1.907708,1.909756,0.000766,0.326400,0.660000,0.406100,0.446600,285.415420,10.441676,2.630317,750.733124,0.000000,0.000000,true
1024,1024,5,sobel,cuda_naive_global_memory,"NVIDIA GeForce RTX 4070 Laptop GPU",16,16,5,52428800,19.932500,19.578300,20.831700,0.478347,0.064512,0.063488,0.066560,0.001122,1.954912,1.953888,1.956960,0.001122,0.265700,0.825700,0.386000,0.413000,308.973527,10.196111,2.630317,812.698419,0.000000,0.000000,true
1024,1024,5,sobel,cuda_shared_memory_tiled,"NVIDIA GeForce RTX 4070 Laptop GPU",16,16,5,52428800,19.932500,19.578300,20.831700,0.478347,0.067994,0.067584,0.068608,0.000502,1.858394,1.857984,1.859008,0.000502,0.195300,0.784500,0.373900,0.436700,293.152588,10.725661,2.630317,771.084330,0.000000,0.000000,true
1024,1024,5,sobel,cuda_shared_constant_filter,"NVIDIA GeForce RTX 4070 Laptop GPU",16,16,5,52428800,19.932500,19.578300,20.831700,0.478347,0.056307,0.055296,0.057344,0.000648,1.866507,1.865496,1.867544,0.000648,0.234200,0.785200,0.387000,0.403800,353.995579,10.679037,2.630317,931.120704,0.000000,0.000000,true
1024,1024,5,sobel,cuda_multi_output,"NVIDIA GeForce RTX 4070 Laptop GPU",16,16,5,52428800,19.932500,19.578300,20.831700,0.478347,0.062214,0.061440,0.064512,0.001190,1.861114,1.860340,1.863412,0.001190,0.303200,0.720300,0.373500,0.401900,320.384031,10.709981,2.630317,842.711667,0.000000,0.000000,true
1024,1024,5,sobel,cuda_register_tiled,"NVIDIA GeForce RTX 4070 Laptop GPU",16,16,5,52428800,19.932500,19.578300,20.831700,0.478347,0.056506,0.048128,0.077824,0.010831,1.902706,1.894328,1.924024,0.010831,0.309700,0.666800,0.408000,0.461700,352.752655,10.475872,2.630317,927.851417,0.000000,0.000000,true
1024,1024,5,sobel,cuda_naive_global_memory,"NVIDIA GeForce RTX 4070 Laptop GPU",32,8,5,52428800,19.932500,19.578300,20.831700,0.478347,0.065120,0.064512,0.065536,0.000497,1.884120,1.883512,1.884536,0.000497,0.265500,0.738900,0.396700,0.417900,306.088761,10.579209,2.630317,805.110569,0.000000,0.000000,true
1024,1024,5,sobel,cuda_shared_memory_tiled,"NVIDIA GeForce RTX 4070 Laptop GPU",32,8,5,52428800,19.932500,19.578300,20.831700,0.478347,0.068403,0.067584,0.070656,0.001194,2.436203,2.435384,2.438456,0.001194,0.233500,0.751100,0.854100,0.529100,291.397183,8.181789,2.630317,766.467057,0.000000,0.000000,true
1024,1024,5,sobel,cuda_shared_constant_filter,"NVIDIA GeForce RTX 4070 Laptop GPU",32,8,5,52428800,19.932500,19.578300,20.831700,0.478347,0.057754,0.057344,0.059392,0.000819,2.040854,2.040444,2.042492,0.000819,0.298800,0.833600,0.385600,0.465100,345.129995,9.766747,2.630317,907.801404,0.000000,0.000000,true
1024,1024,5,sobel,cuda_multi_output,"NVIDIA GeForce RTX 4070 Laptop GPU",32,8,5,52428800,19.932500,19.578300,20.831700,0.478347,0.062445,0.061440,0.064512,0.001122,1.967945,1.966940,1.970012,0.001122,0.218400,0.875600,0.375000,0.436500,319.201922,10.128587,2.630317,839.602345,0.000000,0.000000,true
1024,1024,5,sobel,cuda_register_tiled,"NVIDIA GeForce RTX 4070 Laptop GPU",32,8,5,52428800,19.932500,19.578300,20.831700,0.478347,0.051533,0.050176,0.054016,0.001299,1.994633,1.993276,1.997116,0.001299,0.228400,0.768500,0.377500,0.568700,386.792491,9.993067,2.630317,1017.386990,0.000000,0.000000,true
1024,1024,5,sobel,cuda_naive_global_memory,"NVIDIA GeForce RTX 4070 Laptop GPU",32,16,5,52428800,19.932500,19.578300,20.831700,0.478347,0.065101,0.064512,0.066560,0.000808,1.970101,1.969512,1.971560,0.000808,0.292800,0.785300,0.427500,0.399400,306.179035,10.117503,2.630317,805.348020,0.000000,0.000000,true
1024,1024,5,sobel,cuda_shared_memory_tiled,"NVIDIA GeForce RTX 4070 Laptop GPU",32,16,5,52428800,19.932500,19.578300,20.831700,0.478347,0.071059,0.070624,0.072704,0.000822,1.889659,1.889224,1.891304,0.000822,0.216800,0.810200,0.373800,0.417800,280.505544,10.548198,2.630317,737.818590,0.000000,0.000000,true
1024,1024,5,sobel,cuda_shared_constant_filter,"NVIDIA GeForce RTX 4070 Laptop GPU",32,16,5,52428800,19.932500,19.578300,20.831700,0.478347,0.063693,0.060416,0.072704,0.004643,2.167293,2.164016,2.176304,0.004643,0.242900,0.729400,0.495100,0.636200,312.947457,9.196958,2.630317,823.151116,0.000000,0.000000,true
1024,1024,5,sobel,cuda_multi_output,"NVIDIA GeForce RTX 4070 Laptop GPU",32,16,5,52428800,19.932500,19.578300,20.831700,0.478347,0.064512,0.063488,0.065536,0.000916,2.009412,2.008388,2.010436,0.000916,0.337700,0.802700,0.384500,0.420000,308.973527,9.919569,2.630317,812.698419,0.000000,0.000000,true
1024,1024,5,sobel,cuda_register_tiled,"NVIDIA GeForce RTX 4070 Laptop GPU",32,16,5,52428800,19.932500,19.578300,20.831700,0.478347,0.051763,0.048128,0.063488,0.005874,1.902563,1.898928,1.914288,0.005874,0.216900,0.818500,0.374300,0.441100,385.070855,10.476656,2.630317,1012.858541,0.000000,0.000000,true
1024,1024,7,box,cuda_naive_global_memory,"NVIDIA GeForce RTX 4070 Laptop GPU",8,8,5,102760448,37.401360,37.205200,37.769100,0.206654,0.136979,0.132096,0.155488,0.009263,1.984179,1.979296,2.002688,0.009263,0.285100,0.764600,0.378100,0.419400,273.044092,18.849789,2.747506,750.190185,0.000000,0.000000,true
1024,1024,7,box,cuda_shared_memory_tiled,"NVIDIA GeForce RTX 4070 Laptop GPU",8,8,5,102760448,37.401360,37.205200,37.769100,0.206654,0.113011,0.110592,0.115712,0.001930,2.017611,2.015192,2.020312,0.001930,0.237000,0.781300,0.388100,0.498200,330.952682,18.537447,2.747506,909.294365,0.000000,0.000000,true
1024,1024,7,box,cuda_shared_constant_filter,"NVIDIA GeForce RTX 4070 Laptop GPU",8,8,5,102760448,37.401360,37.205200,37.769100,0.206654,0.078029,0.076800,0.079872,0.001003,1.949829,1.948600,1.951672,0.001003,0.269400,0.842400,0.380800,0.379200,479.327645,19.181869,2.747506,1316.955413,0.000000,0.000000,true
1024,1024,7,box,cuda_multi_output,"NVIDIA GeForce RTX 4070 Laptop GPU",8,8,5,102760448,37.401360,37.205200,37.769100,0.206654,0.131034,0.129024,0.133120,0.001477,2.028734,2.026724,2.030820,0.001477,0.212000,0.769500,0.433500,0.482700,285.433356,18.435816,2.747506,784.229759,0.000000,0.000000,true
1024,1024,7,box,cuda_register_tiled,"NVIDIA GeForce RTX 4070 Laptop GPU",8,8,5,102760448,37.401360,37.205200,37.769100,0.206654,0.119578,0.117632,0.120832,0.001234,1.930478,1.928532,1.931732,0.001234,0.235100,0.807900,0.375600,0.392300,312.778974,19.374149,2.747506,859.361999,0.000000,0.000000,true
1024,1024,7,box,cuda_separable,"NVIDIA GeForce RTX 4070 Laptop GPU",8,8,5,29360128,37.401360,37.205200,37.769100,0.206654,0.053562,0.053120,0.054272,0.000484,2.156662,2.156220,2.157372,0.000484,0.237400,0.850800,0.372700,0.642200,698.286838,17.342248,0.785002,548.156296,0.000000,0.000000,true
1024,1024,7,box,cuda_naive_global_memory,"NVIDIA GeForce RTX 4070 Laptop GPU",16,16,5,102760448,37.401360,37.205200,37.769100,0.206654,0.104653,0.103424,0.106496,0.001003,2.116453,2.115224,2.118296,0.001003,0.236500,0.896300,0.427500,0.451500,357.385188,17.671719,2.747506,981.917825,0.000000,0.000000,true
1024,1024,7,box,cuda_shared_memory_tiled,"NVIDIA GeForce RTX 4070 Laptop GPU",16,16,5,102760448,37.401360,37.205200,37.769100,0.206654,0.109670,0.108352,0.114432,0.002382,2.250570,2.249252,2.255332,0.002382,0.274400,0.984100,0.374000,0.508400,341.034229,16.618614,2.747506,936.993471,0.000000,0.000000,true
1024,1024,7,box,cuda_shared_constant_filter,"NVIDIA GeForce RTX 4070 Laptop GPU",16,16,5,102760448,37.401360,37.205200,37.769100,0.206654,0.075955,0.073728,0.079872,0.002178,1.944355,1.942128,1.948272,0.002178,0.275600,0.798800,0.384700,0.409300,492.413412,19.235868,2.747506,1352.908632,0.000000,0.000000,true
1024,1024,7,box,cuda_multi_output,"NVIDIA GeForce RTX 4070 Laptop GPU",16,16,5,102760448,37.401360,37.205200,37.769100,0.206654,0.102810,0.102400,0.104448,0.000819,1.987810,1.987400,1.989448,0.000819,0.214300,0.787000,0.374900,0.508800,363.792495,18.815363,2.747506,999.521936,0.000000,0.000000,true
1024,1024,7,box,cuda_register_tiled,"NVIDIA GeForce RTX 4070 Laptop GPU",16,16,5,102760448,37.401360,37.205200,37.769100,0.206654,0.081670,0.078848,0.088064,0.003354,2.009170,2.006348,2.015564,0.003354,0.364900,0.761600,0.377400,0.423600,457.954907,18.615325,2.747506,1258.233696,0.000000,0.000000,true
1024,1024,7,box,cuda_separable,"NVIDIA GeForce RTX 4070 Laptop GPU",16,16,5,29360128,37.401360,37.205200,37.769100,0.206654,0.055040,0.050176,0.073728,0.009349,2.297140,2.292276,2.315828,0.009349,0.246900,0.872300,0.371900,0.751000,679.530528,16.281707,0.785002,533.432562,0.000000,0.000000,true
1024,1024,7,box,cuda_naive_global_memory,"NVIDIA GeForce RTX 4070 Laptop GPU",32,8,5,102760448,37.401360,37.205200,37.769100,0.206654,0.104646,0.103392,0.106496,0.001201,2.776546,2.775292,2.778396,0.001201,0.243200,0.814800,0.381400,1.232500,357.407046,13.470461,2.747506,981.977878,0.000000,0.000000,true
1024,1024,7,box,cuda_shared_memory_tiled,"NVIDIA GeForce RTX 4070 Laptop GPU",32,8,5,102760448,37.401360,37.205200,37.769100,0.206654,0.110182,0.109568,0.111616,0.000819,1.945482,1.944868,1.946916,0.000819,0.210300,0.744700,0.375900,0.504400,339.449495,19.224723,2.747506,932.639405,0.000000,0.000000,true
1024,1024,7,box,cuda_shared_constant_filter,"NVIDIA GeForce RTX 4070 Laptop GPU",32,8,5,102760448,37.401360,37.205200,37.769100,0.206654,0.077805,0.076800,0.078848,0.000649,1.977205,1.976200,1.978248,0.000649,0.347700,0.710500,0.385800,0.455400,480.707621,18.916280,2.747506,1320.746905,0.000000,0.000000,true
1024,1024,7,box,cuda_multi_output,"NVIDIA GeForce RTX 4070 Laptop GPU",32,8,5,102760448,37.401360,37.205200,37.769100,0.206654,0.103379,0.102400,0.106496,0.001589,1.981979,1.981000,1.985096,0.001589,0.348800,0.726700,0.375200,0.427900,361.788062,18.870713,2.747506,994.014745,0.000000,0.000000,true
1024,1024,7,box,cuda_register_tiled,"NVIDIA GeForce RTX 4070 Laptop GPU",32,8,5,102760448,37.401360,37.205200,37.769100,0.206654,0.080461,0.079776,0.081920,0.000839,2.083861,2.083176,2.085320,0.000839,0.225900,0.914300,0.374000,0.489200,464.839540,17.948109,2.747506,1277.149264,0.000000,0.000000,true
1024,1024,7,box,cuda_separable,"NVIDIA GeForce RTX 4070 Laptop GPU",32,8,5,29360128,37.401360,37.205200,37.769100,0.206654,0.053248,0.049152,0.066560,0.006668,2.059648,2.055552,2.072960,0.006668,0.331500,0.825400,0.379400,0.470100,702.399347,18.159103,0.785002,551.384622,0.000000,0.000000,true
1024,1024,7,box,cuda_naive_global_memory,"NVIDIA GeForce RTX 4070 Laptop GPU",32,16,5,102760448,37.401360,37.205200,37.769100,0.206654,0.109101,0.105408,0.114688,0.003301,2.176601,2.172908,2.182188,0.003301,0.237100,0.734600,0.457100,0.638700,342.814720,17.183381,2.747506,941.885382,0.000000,0.000000,true
1024,1024,7,box,cuda_shared_memory_tiled,"NVIDIA GeForce RTX 4070 Laptop GPU",32,16,5,102760448,37.401360,37.205200,37.769100,0.206654,0.109568,0.107520,0.113664,0.002148,2.315468,2.313420,2.319564,0.002148,0.256800,0.811100,0.761400,0.376600,341.352950,16.152830,2.747506,937.869160,0.000000,0.000000,true
1024,1024,7,box,cuda_shared_constant_filter,"NVIDIA GeForce RTX 4070 Laptop GPU",32,16,5,102760448,37.401360,37.205200,37.769100,0.206654,0.076973,0.076640,0.077824,0.000430,1.873773,1.873440,1.874624,0.000430,0.239300,0.736000,0.379100,0.442400,485.903579,19.960456,2.747506,1335.022831,0.000000,0.000000,true
1024,1024,7,box,cuda_multi_output,"NVIDIA GeForce RTX 4070 Laptop GPU",32,16,5,102760448,37.401360,37.205200,37.769100,0.206654,0.104448,0.103424,0.105472,0.000648,1.968048,1.967024,1.969072,0.000648,0.301000,0.755300,0.386700,0.420600,358.085944,19.004293,2.747506,983.843155,0.000000,0.000000,true
1024,1024,7,box,cuda_register_tiled,"NVIDIA GeForce RTX 4070 Laptop GPU",32,16,5,102760448,37.401360,37.205200,37.769100,0.206654,0.081248,0.079872,0.085984,0.002387,2.103448,2.102072,2.108184,0.002387,0.237700,0.770400,0.372800,0.641300,460.335769,17.780977,2.747506,1264.775127,0.000000,0.000000,true
1024,1024,7,box,cuda_separable,"NVIDIA GeForce RTX 4070 Laptop GPU",32,16,5,29360128,37.401360,37.205200,37.769100,0.206654,0.057734,0.053152,0.074752,0.008519,2.344234,2.339652,2.361252,0.008519,0.388500,0.972200,0.428300,0.497500,647.817592,15.954616,0.785002,508.537856,0.000000,0.000000,true
1024,1024,7,gaussian,cuda_naive_global_memory,"NVIDIA GeForce RTX 4070 Laptop GPU",8,8,5,102760448,37.281600,37.108100,37.683600,0.213543,0.129638,0.128000,0.134144,0.002299,2.251738,2.250100,2.256244,0.002299,0.322400,0.883600,0.386600,0.529500,287.581456,16.556808,2.756331,792.669822,0.000000,0.000000,true
1024,1024,7,gaussian,cuda_shared_memory_tiled,"NVIDIA GeForce RTX 4070 Laptop GPU",8,8,5,102760448,37.281600,37.108100,37.683600,0.213543,0.115859,0.114592,0.118752,0.001514,1.942259,1.940992,1.945152,0.001514,0.266400,0.739800,0.374400,0.445800,321.783678,19.194966,2.756331,886.942484,0.000000,0.000000,true
1024,1024,7,gaussian,cuda_shared_constant_filter,"NVIDIA GeForce RTX 4070 Laptop GPU",8,8,5,102760448,37.281600,37.108100,37.683600,0.213543,0.084378,0.077824,0.104448,0.010149,2.032178,2.025624,2.052248,0.010149,0.349000,0.695300,0.432800,0.470700,441.842399,18.345641,2.756331,1217.864117,0.000000,0.000000,true
1024,1024,7,gaussian,cuda_multi_output,"NVIDIA GeForce RTX 4070 Laptop GPU",8,8,5,102760448,37.281600,37.108100,37.683600,0.213543,0.134336,0.133120,0.136192,0.001006,2.631336,2.630120,2.633192,0.001006,0.226800,0.842400,0.775200,0.652600,277.525023,14.168316,2.756331,764.950959,0.000000,0.000000,true
1024,1024,7,gaussian,cuda_register_tiled,"NVIDIA GeForce RTX 4070 Laptop GPU",8,8,5,102760448,37.281600,37.108100,37.683600,0.213543,0.120198,0.118688,0.123904,0.002021,2.108498,2.106988,2.112204,0.002021,0.252200,0.842000,0.429300,0.464800,310.167186,17.681588,2.756331,854.923580,0.000000,0.000000,true
1024,1024,7,gaussian,cuda_separable,"NVIDIA GeForce RTX 4070 Laptop GPU",8,8,5,29360128,37.281600,37.108100,37.683600,0.213543,0.053856,0.053248,0.055264,0.000808,2.122256,2.121648,2.123664,0.000808,0.358200,0.817700,0.376100,0.516400,692.245995,17.566966,0.787523,545.159838,0.000000,0.000000,true
1024,1024,7,gaussian,cuda_naive_global_memory,"NVIDIA GeForce RTX 4070 Laptop GPU",16,16,5,102760448,37.281600,37.108100,37.683600,0.213543,0.104570,0.103424,0.105472,0.000725,2.015170,2.014024,2.016072,0.000725,0.194700,0.770600,0.390700,0.554600,356.524275,18.500478,2.756331,982.699087,0.000000,0.000000,true
1024,1024,7,gaussian,cuda_shared_memory_tiled,"NVIDIA GeForce RTX 4070 Laptop GPU",16,16,5,102760448,37.281600,37.108100,37.683600,0.213543,0.109978,0.107520,0.116736,0.003402,1.896578,1.894120,1.903336,0.003402,0.251000,0.761700,0.384400,0.389500,338.992668,19.657303,2.756331,934.376164,0.000000,0.000000,true
1024,1024,7,gaussian,cuda_shared_constant_filter,"NVIDIA GeForce RTX 4070 Laptop GPU",16,16,5,102760448,37.281600,37.108100,37.683600,0.213543,0.076518,0.075552,0.079872,0.001679,1.963818,1.962852,1.967172,0.001679,0.321200,0.663100,0.372900,0.530100,487.223978,18.984240,2.756331,1342.950793,0.000000,0.000000,true
1024,1024,7,gaussian,cuda_multi_output,"NVIDIA GeForce RTX 4070 Laptop GPU",16,16,5,102760448,37.281600,37.108100,37.683600,0.213543,0.103405,0.102400,0.104448,0.000649,2.007705,2.006700,2.008748,0.000649,0.256100,0.840100,0.385300,0.422800,360.540331,18.569264,2.756331,993.768668,0.000000,0.000000,true
1024,1024,7,gaussian,cuda_register_tiled,"NVIDIA GeForce RTX 4070 Laptop GPU",16,16,5,102760448,37.281600,37.108100,37.683600,0.213543,0.079238,0.078752,0.080896,0.000830,1.850238,1.849752,1.851896,0.000830,0.316000,0.675100,0.372100,0.407800,470.499162,20.149620,2.756331,1296.851654,0.000000,0.000000,true
1024,1024,7,gaussian,cuda_separable,"NVIDIA GeForce RTX 4070 Laptop GPU",16,16,5,29360128,37.281600,37.108100,37.683600,0.213543,0.055482,0.049152,0.074752,0.009689,2.607982,2.601652,2.627252,0.009689,0.287000,1.310600,0.410800,0.544100,671.963308,14.295193,0.787523,529.186750,0.000000,0.000000,true
1024,1024,7,gaussian,cuda_naive_global_memory,"NVIDIA GeForce RTX 4070 Laptop GPU",32,8,5,102760448,37.281600,37.108100,37.683600,0.213543,0.106470,0.103424,0.112640,0.003381,2.114070,2.111024,2.120240,0.003381,0.371200,0.763400,0.380200,0.492800,350.159298,17.634985,2.756331,965.155098,0.000000,0.000000,true
1024,1024,7,gaussian,cuda_shared_memory_tiled,"NVIDIA GeForce RTX 4070 Laptop GPU",32,8,5,102760448,37.281600,37.108100,37.683600,0.213543,0.114074,0.109568,0.117760,0.002717,2.030474,2.025968,2.034160,0.002717,0.186100,0.902000,0.387500,0.440800,326.820575,18.361037,2.756331,900.825842,0.000000,0.000000,true
1024,1024,7,gaussian,cuda_shared_constant_filter,"NVIDIA GeForce RTX 4070 Laptop GPU",32,8,5,102760448,37.281600,37.108100,37.683600,0.213543,0.076979,0.076672,0.077824,0.000425,1.929679,1.929372,1.930524,0.000425,0.203300,0.745100,0.377300,0.527000,484.307437,19.320103,2.756331,1334.911837,0.000000,0.000000,true
1024,1024,7,gaussian,cuda_multi_output,"NVIDIA GeForce RTX 4070 Laptop GPU",32,8,5,102760448,37.281600,37.108100,37.683600,0.213543,0.105869,0.102400,0.111552,0.003562,1.901269,1.897800,1.906952,0.003562,0.292000,0.685600,0.390400,0.427400,352.149080,19.608800,2.756331,970.639598,0.000000,0.000000,true
1024,1024,7,gaussian,cuda_register_tiled,"NVIDIA GeForce RTX 4070 Laptop GPU",32,8,5,102760448,37.281600,37.108100,37.683600,0.213543,0.083757,0.082944,0.084992,0.000996,2.027857,2.027044,2.029092,0.000996,0.433400,0.642600,0.405600,0.462500,445.117300,18.384730,2.756331,1226.890830,0.000000,0.000000,true
1024,1024,7,gaussian,cuda_separable,"NVIDIA GeForce RTX 4070 Laptop GPU",32,8,5,29360128,37.281600,37.108100,37.683600,0.213543,0.055859,0.050048,0.071680,0.008224,2.152359,2.146548,2.168180,0.008224,0.300900,0.878900,0.389400,0.527300,667.420945,17.321272,0.787523,525.609533,0.000000,0.000000,true
1024,1024,7,gaussian,cuda_naive_global_memory,"NVIDIA GeForce RTX 4070 Laptop GPU",32,16,5,102760448,37.281600,37.108100,37.683600,0.213543,0.106451,0.104448,0.109344,0.001873,2.036051,2.034048,2.038944,0.001873,0.255600,0.782900,0.387000,0.504100,350.222454,18.310738,2.756331,965.329179,0.000000,0.000000,true
1024,1024,7,gaussian,cuda_shared_memory_tiled,"NVIDIA GeForce RTX 4070 Laptop GPU",32,16,5,102760448,37.281600,37.108100,37.683600,0.213543,0.109773,0.107520,0.115712,0.002996,2.237973,2.235720,2.243912,0.002996,0.341600,0.943100,0.387200,0.456300,339.625117,16.658648,2.756331,936.119404,0.000000,0.000000,true
1024,1024,7,gaussian,cuda_shared_constant_filter,"NVIDIA GeForce RTX 4070 Laptop GPU",32,16,5,102760448,37.281600,37.108100,37.683600,0.213543,0.083149,0.076800,0.103424,0.010330,1.994749,1.988400,2.015024,0.010330,0.265900,0.768900,0.388700,0.488100,448.372068,18.689872,2.756331,1235.862049,0.000000,0.000000,true
1024,1024,7,gaussian,cuda_multi_output,"NVIDIA GeForce RTX 4070 Laptop GPU",32,16,5,102760448,37.281600,37.108100,37.683600,0.213543,0.107520,0.104448,0.114688,0.003720,2.253220,2.250148,2.260388,0.003720,0.404900,0.785100,0.393200,0.562500,346.741074,16.545921,2.756331,955.733341,0.000000,0.000000,true
1024,1024,7,gaussian,cuda_register_tiled,"NVIDIA GeForce RTX 4070 Laptop GPU",32,16,5,102760448,37.281600,37.108100,37.683600,0.213543,0.084525,0.081824,0.089088,0.002926,1.935325,1.932624,1.939888,0.002926,0.413800,0.608000,0.414400,0.414600,441.072924,19.263743,2.756331,1215.743190,0.000000,0.000000,true
1024,1024,7,gaussian,cuda_separable,"NVIDIA GeForce RTX 4070 Laptop GPU",32,16,5,29360128,37.281600,37.108100,37.683600,0.213543,0.055277,0.054272,0.056320,0.000649,2.098877,2.097872,2.099920,0.000649,0.401400,0.696500,0.396800,0.548900,674.452936,17.762643,0.787523,531.147390,0.000000,0.000000,true
1024,1024,7,sharpen,cuda_naive_global_memory,"NVIDIA GeForce RTX 4070 Laptop GPU",8,8,5,102760448,37.755640,37.303300,38.464700,0.403248,0.132435,0.131072,0.137088,0.002347,2.035535,2.034172,2.040188,0.002347,0.283800,0.773400,0.376900,0.469000,285.087651,18.548262,2.721724,775.930027,0.000001,0.000000,true
1024,1024,7,sharpen,cuda_shared_memory_tiled,"NVIDIA GeForce RTX 4070 Laptop GPU",8,8,5,102760448,37.755640,37.303300,38.464700,0.403248,0.114074,0.111616,0.115712,0.001664,1.975274,1.972816,1.976912,0.001664,0.270300,0.823300,0.373500,0.394100,330.976138,19.114132,2.721724,900.825842,0.000001,0.000000,true
1024,1024,7,sharpen,cuda_shared_constant_filter,"NVIDIA GeForce RTX 4070 Laptop GPU",8,8,5,102760448,37.755640,37.303300,38.464700,0.403248,0.078797,0.077824,0.079616,0.000570,1.966197,1.965224,1.967016,0.000570,0.245900,0.771400,0.383200,0.486900,479.151957,19.202371,2.721724,1304.119591,0.000001,0.000000,true
1024,1024,7,sharpen,cuda_multi_output,"NVIDIA GeForce RTX 4070 Laptop GPU",8,8,5,102760448,37.755640,37.303300,38.464700,0.403248,0.131482,0.130048,0.136192,0.002388,1.945082,1.943648,1.949792,0.002388,0.343300,0.652300,0.378800,0.439200,287.155307,19.410826,2.721724,781.557616,0.000001,0.000000,true
1024,1024,7,sharpen,cuda_register_tiled,"NVIDIA GeForce RTX 4070 Laptop GPU",8,8,5,102760448,37.755640,37.303300,38.464700,0.403248,0.124723,0.116736,0.146432,0.011131,2.171423,2.163436,2.193132,0.011131,0.321000,0.702900,0.437400,0.585400,302.715452,17.387509,2.721724,823.908043,0.000001,0.000000,true
1024,1024,7,sharpen,cuda_naive_global_memory,"NVIDIA GeForce RTX 4070 Laptop GPU",16,16,5,102760448,37.755640,37.303300,38.464700,0.403248,0.105850,0.103424,0.112640,0.003468,1.940250,1.937824,1.947040,0.003468,0.234700,0.801300,0.388400,0.410000,356.691387,19.459167,2.721724,970.815663,0.000001,0.000000,true
1024,1024,7,sharpen,cuda_shared_memory_tiled,"NVIDIA GeForce RTX 4070 Laptop GPU",16,16,5,102760448,37.755640,37.303300,38.464700,0.403248,0.113459,0.108544,0.117760,0.002925,2.097059,2.092144,2.101360,0.002925,0.250700,0.718400,0.492000,0.522500,332.768428,18.004089,2.721724,905.703962,0.000001,0.000000,true
1024,1024,7,sharpen,cuda_shared_constant_filter,"NVIDIA GeForce RTX 4070 Laptop GPU",16,16,5,102760448,37.755640,37.303300,38.464700,0.403248,0.077990,0.074752,0.083840,0.003710,1.929790,1.926552,1.935640,0.003710,0.273100,0.799900,0.394300,0.384500,484.106244,19.564633,2.721724,1317.603794,0.000001,0.000000,true
1024,1024,7,sharpen,cuda_multi_output,"NVIDIA GeForce RTX 4070 Laptop GPU",16,16,5,102760448,37.755640,37.303300,38.464700,0.403248,0.106182,0.102272,0.111392,0.003884,1.934582,1.930672,1.939792,0.003884,0.351900,0.666700,0.374200,0.435600,355.573435,19.516171,2.721724,967.772908,0.000001,0.000000,true
1024,1024,7,sharpen,cuda_register_tiled,"NVIDIA GeForce RTX 4070 Laptop GPU",16,16,5,102760448,37.755640,37.303300,38.464700,0.403248,0.079258,0.078848,0.080896,0.000819,2.436658,2.436248,2.438296,0.000819,0.266000,0.785400,0.866200,0.439800,476.366196,15.494848,2.721724,1296.537516,0.000001,0.000000,true
1024,1024,7,sharpen,cuda_naive_global_memory,"NVIDIA GeForce RTX 4070 Laptop GPU",32,8,5,102760448,37.755640,37.303300,38.464700,0.403248,0.110957,0.108544,0.115712,0.002647,1.902657,1.900244,1.907412,0.002647,0.301300,0.722300,0.376800,0.391300,340.273332,19.843642,2.721724,926.130242,0.000001,0.000000,true
1024,1024,7,sharpen,cuda_shared_memory_tiled,"NVIDIA GeForce RTX 4070 Laptop GPU",32,8,5,102760448,37.755640,37.303300,38.464700,0.403248,0.111002,0.108544,0.115712,0.002558,2.029002,2.026544,2.033712,0.002558,0.286100,0.734500,0.373300,0.524100,340.135997,18.607989,2.721724,925.756455,0.000001,0.000000,true
1024,1024,7,sharpen,cuda_shared_constant_filter,"NVIDIA GeForce RTX 4070 Laptop GPU",32,8,5,102760448,37.755640,37.303300,38.464700,0.403248,0.077600,0.076800,0.078848,0.000762,1.870300,1.869500,1.871548,0.000762,0.317400,0.690200,0.374700,0.410400,486.541748,20.186943,2.721724,1324.232564,0.000001,0.000000,true
1024,1024,7,sharpen,cuda_multi_output,"NVIDIA GeForce RTX 4070 Laptop GPU",32,8,5,102760448,37.755640,37.303300,38.464700,0.403248,0.104429,0.103424,0.105472,0.000649,2.023129,2.022124,2.024172,0.000649,0.256500,0.741600,0.398500,0.522100,361.544332,18.662005,2.721724,984.024043,0.000001,0.000000,true
1024,1024,7,sharpen,cuda_register_tiled,"NVIDIA GeForce RTX 4070 Laptop GPU",32,8,5,102760448,37.755640,37.303300,38.464700,0.403248,0.087040,0.080896,0.102400,0.008115,2.011540,2.005396,2.026900,0.008115,0.301800,0.742500,0.389700,0.490500,433.773447,18.769520,2.721724,1180.611789,0.000001,0.000000,true
1024,1024,7,sharpen,cuda_naive_global_memory,"NVIDIA GeForce RTX 4070 Laptop GPU",32,16,5,102760448,37.755640,37.303300,38.464700,0.403248,0.104576,0.103424,0.106496,0.001024,2.157076,2.155924,2.158996,0.001024,0.241900,0.762200,0.513900,0.534500,361.035422,17.503157,2.721724,982.638932,0.000001,0.000000,true
1024,1024,7,sharpen,cuda_shared_memory_tiled,"NVIDIA GeForce RTX 4070 Laptop GPU",32,16,5,102760448,37.755640,37.303300,38.464700,0.403248,0.116736,0.110592,0.131072,0.007327,2.036336,2.030192,2.050672,0.007327,0.429800,0.677300,0.424300,0.388200,323.427561,18.540968,2.721724,880.280696,0.000001,0.000000,true
1024,1024,7,sharpen,cuda_shared_constant_filter,"NVIDIA GeForce RTX 4070 Laptop GPU",32,16,5,102760448,37.755640,37.303300,38.464700,0.403248,0.076736,0.075776,0.078624,0.001040,1.882036,1.881076,1.883924,0.001040,0.208400,0.794400,0.373000,0.429500,492.019892,20.061061,2.721724,1339.142564,0.000001,0.000000,true
1024,1024,7,sharpen,cuda_multi_output,"NVIDIA GeForce RTX 4070 Laptop GPU",32,16,5,102760448,37.755640,37.303300,38.464700,0.403248,0.106266,0.105440,0.108544,0.001196,2.053666,2.052840,2.055944,0.001196,0.230200,0.844300,0.388900,0.484000,355.295039,18.384512,2.721724,967.015190,0.000001,0.000000,true
1024,1024,7,sharpen,cuda_register_tiled,"NVIDIA GeForce RTX 4070 Laptop GPU",32,16,5,102760448,37.755640,37.303300,38.464700,0.403248,0.080851,0.079872,0.081920,0.000654,1.975551,1.974572,1.976620,0.000654,0.334600,0.760000,0.373300,0.426800,466.976873,19.111446,2.721724,1270.982368,0.000001,0.000000,true
1024,1024,7,sobel,cuda_naive_global_memory,"NVIDIA GeForce RTX 4070 Laptop GPU",8,8,5,102760448,37.619000,37.397600,37.850600,0.184080,0.130867,0.128000,0.133120,0.001762,2.142067,2.139200,2.144320,0.001762,0.267800,0.805800,0.396900,0.540700,287.459346,17.562007,2.731610,785.226911,0.000000,0.000000,true
1024,1024,7,sobel,cuda_shared_memory_tiled,"NVIDIA GeForce RTX 4070 Laptop GPU",8,8,5,102760448,37.619000,37.397600,37.850600,0.184080,0.114278,0.111616,0.116736,0.001899,1.949678,1.947016,1.952136,0.001899,0.272900,0.826200,0.376400,0.359900,329.187314,19.294977,2.731610,899.211458,0.000000,0.000000,true
1024,1024,7,sobel,cuda_shared_constant_filter,"NVIDIA GeForce RTX 4070 Laptop GPU",8,8,5,102760448,37.619000,37.397600,37.850600,0.184080,0.078010,0.077728,0.078848,0.000421,2.025610,2.025328,2.026448,0.000421,0.219300,0.766500,0.408400,0.553400,482.235532,18.571693,2.731610,1317.279549,0.000000,0.000000,true
1024,1024,7,sobel,cuda_multi_output,"NVIDIA GeForce RTX 4070 Laptop GPU",8,8,5,102760448,37.619000,37.397600,37.850600,0.184080,0.132026,0.129952,0.139104,0.003559,2.027326,2.025252,2.034404,0.003559,0.289500,0.849400,0.390700,0.365700,284.937158,18.555973,2.731610,778.337278,0.000000,0.000000,true
1024,1024,7,sobel,cuda_register_tiled,"NVIDIA GeForce RTX 4070 Laptop GPU",8,8,5,102760448,37.619000,37.397600,37.850600,0.184080,0.121037,0.117760,0.121856,0.001638,2.132937,2.129660,2.133756,0.001638,0.253600,0.726700,0.444500,0.587100,310.806306,17.637185,2.731610,849.001708,0.000000,0.000000,true
1024,1024,7,sobel,cuda_naive_global_memory,"NVIDIA GeForce RTX 4070 Laptop GPU",16,16,5,102760448,37.619000,37.397600,37.850600,0.184080,0.104621,0.102400,0.106464,0.001355,2.096821,2.094600,2.098664,0.001355,0.314900,0.848100,0.377200,0.452000,359.574776,17.940970,2.731610,982.218163,0.000000,0.000000,true
1024,1024,7,sobel,cuda_shared_memory_tiled,"NVIDIA GeForce RTX 4070 Laptop GPU",16,16,5,102760448,37.619000,37.397600,37.850600,0.184080,0.111200,0.108544,0.112640,0.001527,2.110600,2.107944,2.112040,0.001527,0.213800,0.732300,0.424900,0.628400,338.300359,17.823842,2.731610,924.104745,0.000000,0.000000,true
1024,1024,7,sobel,cuda_shared_constant_filter,"NVIDIA GeForce RTX 4070 Laptop GPU",16,16,5,102760448,37.619000,37.397600,37.850600,0.184080,0.075558,0.074752,0.076800,0.000988,2.153758,2.152952,2.155000,0.000988,0.305100,0.866700,0.426100,0.480300,497.879765,17.466676,2.731610,1360.013496,0.000000,0.000000,true
1024,1024,7,sobel,cuda_multi_output,"NVIDIA GeForce RTX 4070 Laptop GPU",16,16,5,102760448,37.619000,37.397600,37.850600,0.184080,0.102598,0.101376,0.104416,0.000992,2.162598,2.161376,2.164416,0.000992,0.226200,0.839900,0.376000,0.617900,366.662647,17.395278,2.731610,1001.579465,0.000000,0.000000,true
1024,1024,7,sobel,cuda_register_tiled,"NVIDIA GeForce RTX 4070 Laptop GPU",16,16,5,102760448,37.619000,37.397600,37.850600,0.184080,0.084992,0.079872,0.101376,0.008268,2.025492,2.020372,2.041876,0.008268,0.250900,0.806800,0.378600,0.504200,442.618142,18.572771,2.731610,1209.060277,0.000000,0.000000,true
1024,1024,7,sobel,cuda_naive_global_memory,"NVIDIA GeForce RTX 4070 Laptop GPU",32,8,5,102760448,37.619000,37.397600,37.850600,0.184080,0.109978,0.103424,0.123904,0.007229,1.932378,1.925824,1.946304,0.007229,0.280300,0.759200,0.374900,0.408000,342.060570,19.467727,2.731610,934.376177,0.000000,0.000000,true
1024,1024,7,sobel,cuda_shared_memory_tiled,"NVIDIA GeForce RTX 4070 Laptop GPU",32,8,5,102760448,37.619000,37.397600,37.850600,0.184080,0.110355,0.109568,0.111456,0.000716,2.018055,2.017268,2.019156,0.000716,0.224600,0.716900,0.467600,0.498600,340.890144,18.641215,2.731610,931.179030,0.000000,0.000000,true
1024,1024,7,sobel,cuda_shared_constant_filter,"NVIDIA GeForce RTX 4070 Laptop GPU",32,8,5,102760448,37.619000,37.397600,37.850600,0.184080,0.077818,0.076800,0.079840,0.001110,2.034818,2.033800,2.036840,0.001110,0.357900,0.781500,0.385700,0.431900,483.425347,18.487652,2.731610,1320.529658,0.000000,0.000000,true
1024,1024,7,sobel,cuda_multi_output,"NVIDIA GeForce RTX 4070 Laptop GPU",32,8,5,102760448,37.619000,37.397600,37.850600,0.184080,0.105030,0.102400,0.109472,0.002688,2.039530,2.036900,2.043972,0.002688,0.279900,0.724800,0.375500,0.554300,358.172498,18.444932,2.731610,978.387685,0.000000,0.000000,true
1024,1024,7,sobel,cuda_register_tiled,"NVIDIA GeForce RTX 4070 Laptop GPU",32,8,5,102760448,37.619000,37.397600,37.850600,0.184080,0.094208,0.091136,0.099328,0.003106,2.157208,2.154136,2.162328,0.003106,0.341200,0.922200,0.384700,0.414900,399.318527,17.438745,2.731610,1090.782602,0.000000,0.000000,true
1024,1024,7,sobel,cuda_naive_global_memory,"NVIDIA GeForce RTX 4070 Laptop GPU",32,16,5,102760448,37.619000,37.397600,37.850600,0.184080,0.104416,0.103424,0.106496,0.001124,2.093216,2.092224,2.095296,0.001124,0.213900,0.803100,0.376100,0.595700,360.280041,17.971867,2.731610,984.144672,0.000000,0.000000,true
1024,1024,7,sobel,cuda_shared_memory_tiled,"NVIDIA GeForce RTX 4070 Laptop GPU",32,16,5,102760448,37.619000,37.397600,37.850600,0.184080,0.110336,0.108544,0.114688,0.002207,2.187136,2.185344,2.191488,0.002207,0.272900,0.886800,0.404100,0.513000,340.949464,17.200119,2.731610,931.341070,0.000000,0.000000,true
1024,1024,7,sobel,cuda_shared_constant_filter,"NVIDIA GeForce RTX 4070 Laptop GPU",32,16,5,102760448,37.619000,37.397600,37.850600,0.184080,0.076499,0.075776,0.078624,0.001103,1.831999,1.831276,1.834124,0.001103,0.251600,0.724400,0.374300,0.405200,491.756758,20.534398,2.731610,1343.287828,0.000000,0.000000,true
1024,1024,7,sobel,cuda_multi_output,"NVIDIA GeForce RTX 4070 Laptop GPU",32,16,5,102760448,37.619000,37.397600,37.850600,0.184080,0.105824,0.104448,0.109408,0.001940,1.984024,1.982648,1.987608,0.001940,0.218900,0.751000,0.394200,0.514100,355.486474,18.960960,2.731610,971.050516,0.000000,0.000000,true
1024,1024,7,sobel,cuda_register_tiled,"NVIDIA GeForce RTX 4070 Laptop GPU",32,16,5,102760448,37.619000,37.397600,37.850600,0.184080,0.081242,0.079808,0.083968,0.001421,1.911542,1.910108,1.914268,0.001421,0.373400,0.651100,0.420300,0.385500,463.050957,19.679927,2.731610,1264.874764,0.000000,0.000000,true
1024,1024,11,box,cuda_naive_global_memory,"NVIDIA GeForce RTX 4070 Laptop GPU",8,8,5,253755392,84.133040,83.575100,84.589100,0.408871,0.298394,0.296960,0.302080,0.001899,2.368494,2.367060,2.372180,0.001899,0.283900,0.807300,0.409900,0.569000,281.953231,35.521751,3.016121,850.404938,0.000000,0.000000,true
1024,1024,11,box,cuda_shared_memory_tiled,"NVIDIA GeForce RTX 4070 Laptop GPU",8,8,5,253755392,84.133040,83.575100,84.589100,0.408871,0.255098,0.250880,0.257920,0.002321,2.672398,2.668180,2.675220,0.002321,0.272600,0.894000,0.378300,0.872400,329.807261,31.482232,3.016121,994.738461,0.000000,0.000000,true
1024,1024,11,box,cuda_shared_constant_filter,"NVIDIA GeForce RTX 4070 Laptop GPU",8,8,5,253755392,84.133040,83.575100,84.589100,0.408871,0.154214,0.151552,0.163840,0.004829,2.159414,2.156752,2.169040,0.004829,0.318300,0.809300,0.389500,0.488100,545.558899,38.961044,3.016121,1645.471415,0.000000,0.000000,true
1024,1024,11,box,cuda_multi_output,"NVIDIA GeForce RTX 4070 Laptop GPU",8,8,5,253755392,84.133040,83.575100,84.589100,0.408871,0.302675,0.297984,0.317440,0.007411,2.203675,2.198984,2.218440,0.007411,0.255600,0.812400,0.394600,0.438400,277.964763,38.178512,3.016121,838.375237,0.000000,0.000000,true
1024,1024,11,box,cuda_register_tiled,"NVIDIA GeForce RTX 4070 Laptop GPU",8,8,5,253755392,84.133040,83.575100,84.589100,0.408871,0.270746,0.267264,0.272384,0.002109,2.316646,2.313164,2.318284,0.002109,0.289500,0.801100,0.412000,0.543300,310.745741,36.316750,3.016121,937.246619,0.000000,0.000000,true
1024,1024,11,box,cuda_separable,"NVIDIA GeForce RTX 4070 Laptop GPU",8,8,5,46137344,84.133040,83.575100,84.589100,0.408871,0.073933,0.072704,0.075776,0.001003,2.390133,2.388904,2.391976,0.001003,0.364300,0.976300,0.384800,0.590800,1137.966328,35.200153,0.548386,624.044299,0.000000,0.000000,true
1024,1024,11,box,cuda_naive_global_memory,"NVIDIA GeForce RTX 4070 Laptop GPU",16,16,5,253755392,84.133040,83.575100,84.589100,0.408871,0.240026,0.237568,0.248832,0.004421,2.202026,2.199568,2.210832,0.004421,0.253500,0.806400,0.397000,0.505100,350.516939,38.207113,3.016121,1057.201349,0.000000,0.000000,true
1024,1024,11,box,cuda_shared_memory_tiled,"NVIDIA GeForce RTX 4070 Laptop GPU",16,16,5,253755392,84.133040,83.575100,84.589100,0.408871,0.249024,0.246784,0.253952,0.002698,2.293324,2.291084,2.298252,0.002698,0.280300,0.909600,0.375700,0.478700,337.851134,36.686068,3.016121,1018.999752,0.000000,0.000000,true
1024,1024,11,box,cuda_shared_constant_filter,"NVIDIA GeForce RTX 4070 Laptop GPU",16,16,5,253755392,84.133040,83.575100,84.589100,0.408871,0.134714,0.133120,0.138048,0.001713,2.181014,2.179420,2.184348,0.001713,0.271900,0.933500,0.391300,0.449600,624.532656,38.575202,3.016121,1883.665787,0.000000,0.000000,true
1024,1024,11,box,cuda_multi_output,"NVIDIA GeForce RTX 4070 Laptop GPU",16,16,5,253755392,84.133040,83.575100,84.589100,0.408871,0.240640,0.238592,0.242688,0.001832,2.435840,2.433792,2.437888,0.001832,0.292400,0.821000,0.430900,0.650900,349.622009,34.539641,3.016121,1054.502130,0.000000,0.000000,true
1024,1024,11,box,cuda_register_tiled,"NVIDIA GeForce RTX 4070 Laptop GPU",16,16,5,253755392,84.133040,83.575100,84.589100,0.408871,0.182266,0.180224,0.186368,0.002244,2.140166,2.138124,2.144268,0.002244,0.344700,0.813800,0.377500,0.421900,461.595824,39.311463,3.016121,1392.228655,0.000000,0.000000,true
1024,1024,11,box,cuda_separable,"NVIDIA GeForce RTX 4070 Laptop GPU",16,16,5,46137344,84.133040,83.575100,84.589100,0.408871,0.062874,0.061440,0.064512,0.001044,2.460374,2.458940,2.462012,0.001044,0.284500,0.943100,0.434800,0.735100,1338.129858,34.195230,0.548386,733.811087,0.000000,0.000000,true
1024,1024,11,box,cuda_naive_global_memory,"NVIDIA GeForce RTX 4070 Laptop GPU",32,8,5,253755392,84.133040,83.575100,84.589100,0.408871,0.239821,0.237568,0.242688,0.001762,2.191521,2.189268,2.194388,0.001762,0.299100,0.871800,0.375600,0.405200,350.816273,38.390254,3.016121,1058.104175,0.000000,0.000000,true
1024,1024,11,box,cuda_shared_memory_tiled,"NVIDIA GeForce RTX 4070 Laptop GPU",32,8,5,253755392,84.133040,83.575100,84.589100,0.408871,0.245933,0.244736,0.246784,0.000777,2.150633,2.149436,2.151484,0.000777,0.226500,0.848200,0.380300,0.449700,342.097679,39.120132,3.016121,1031.807845,0.000000,0.000000,true
1024,1024,11,box,cuda_shared_constant_filter,"NVIDIA GeForce RTX 4070 Laptop GPU",32,8,5,253755392,84.133040,83.575100,84.589100,0.408871,0.143770,0.135168,0.165888,0.011191,2.264570,2.255968,2.286688,0.011191,0.287800,0.788900,0.377300,0.666800,585.193540,37.151890,3.016121,1765.014269,0.000000,0.000000,true
1024,1024,11,box,cuda_multi_output,"NVIDIA GeForce RTX 4070 Laptop GPU",32,8,5,253755392,84.133040,83.575100,84.589100,0.408871,0.242477,0.238560,0.248832,0.004417,2.289977,2.286060,2.296332,0.004417,0.324900,0.899100,0.380700,0.442800,346.973562,36.739691,3.016121,1046.514095,0.000000,0.000000,true
1024,1024,11,box,cuda_register_tiled,"NVIDIA GeForce RTX 4070 Laptop GPU",32,8,5,253755392,84.133040,83.575100,84.589100,0.408871,0.183219,0.182272,0.184128,0.000591,2.632119,2.631172,2.633028,0.000591,0.269600,0.782800,0.868000,0.528500,459.193366,31.963993,3.016121,1384.982554,0.000000,0.000000,true
1024,1024,11,box,cuda_separable,"NVIDIA GeForce RTX 4070 Laptop GPU",32,8,5,46137344,84.133040,83.575100,84.589100,0.408871,0.065741,0.061440,0.067584,0.002187,2.265541,2.261240,2.267384,0.002187,0.386000,0.896200,0.398400,0.519200,1279.769034,37.135963,0.548386,701.806855,0.000000,0.000000,true
1024,1024,11,box,cuda_naive_global_memory,"NVIDIA GeForce RTX 4070 Laptop GPU",32,16,5,253755392,84.133040,83.575100,84.589100,0.408871,0.241843,0.238464,0.245760,0.003290,2.326243,2.322864,2.330160,0.003290,0.250400,0.831100,0.422900,0.580000,347.882600,36.166915,3.016121,1049.255863,0.000000,0.000000,true
1024,1024,11,box,cuda_shared_memory_tiled,"NVIDIA GeForce RTX 4070 Laptop GPU",32,16,5,253755392,84.133040,83.575100,84.589100,0.408871,0.245741,0.242688,0.248832,0.002261,2.418541,2.415488,2.421632,0.002261,0.256300,0.849100,0.412400,0.655000,342.364962,34.786695,3.016121,1032.614002,0.000000,0.000000,true
1024,1024,11,box,cuda_shared_constant_filter,"NVIDIA GeForce RTX 4070 Laptop GPU",32,16,5,253755392,84.133040,83.575100,84.589100,0.408871,0.138240,0.133120,0.141312,0.003038,2.153540,2.148420,2.156612,0.003038,0.292700,0.937500,0.377100,0.408000,608.601270,39.067322,3.016121,1835.614807,0.000000,0.000000,true
1024,1024,11,box,cuda_multi_output,"NVIDIA GeForce RTX 4070 Laptop GPU",32,16,5,253755392,84.133040,83.575100,84.589100,0.408871,0.243917,0.241664,0.248832,0.002925,2.209017,2.206764,2.213932,0.002925,0.327900,0.710200,0.404400,0.522600,344.925150,38.086193,3.016121,1040.335837,0.000000,0.000000,true
1024,1024,11,box,cuda_register_tiled,"NVIDIA GeForce RTX 4070 Laptop GPU",32,16,5,253755392,84.133040,83.575100,84.589100,0.408871,0.186547,0.183296,0.189312,0.001949,2.286747,2.283496,2.289512,0.001949,0.289500,0.857600,0.374600,0.578500,451.001358,36.791579,3.016121,1360.274469,0.000000,0.000000,true
1024,1024,11,box,cuda_separable,"NVIDIA GeForce RTX 4070 Laptop GPU",32,16,5,46137344,84.133040,83.575100,84.589100,0.408871,0.065715,0.065408,0.066560,0.000425,2.396615,2.396308,2.397460,0.000425,0.416100,0.874500,0.381000,0.659300,1280.267585,35.104943,0.548386,702.080252,0.000000,0.000000,true
1024,1024,11,gaussian,cuda_naive_global_memory,"NVIDIA GeForce RTX 4070 Laptop GPU",8,8,5,253755392,83.676520,83.377700,83.957500,0.201448,0.297344,0.295936,0.299008,0.001056,2.422144,2.420736,2.423808,0.001056,0.289000,0.965800,0.380200,0.489800,281.413179,34.546468,3.032576,853.406804,0.000000,0.000000,true
1024,1024,11,gaussian,cuda_shared_memory_tiled,"NVIDIA GeForce RTX 4070 Laptop GPU",8,8,5,253755392,83.676520,83.377700,83.957500,0.201448,0.254362,0.252928,0.258048,0.002007,2.287162,2.285728,2.290848,0.002007,0.268200,0.830600,0.387900,0.546100,328.966802,36.585312,3.032576,997.616772,0.000000,0.000000,true
1024,1024,11,gaussian,cuda_shared_constant_filter,"NVIDIA GeForce RTX 4070 Laptop GPU",8,8,5,253755392,83.676520,83.377700,83.957500,0.201448,0.149299,0.147456,0.155648,0.003199,2.178799,2.176956,2.185148,0.003199,0.262500,0.883000,0.374400,0.509600,560.461940,38.404879,3.032576,1699.643331,0.000000,0.000000,true
1024,1024,11,gaussian,cuda_multi_output,"NVIDIA GeForce RTX 4070 Laptop GPU",8,8,5,253755392,83.676520,83.377700,83.957500,0.201448,0.301018,0.297984,0.304064,0.002238,2.225518,2.222484,2.228564,0.002238,0.305900,0.838000,0.389200,0.391400,277.978829,37.598678,3.032576,842.991877,0.000000,0.000000,true
1024,1024,11,gaussian,cuda_register_tiled,"NVIDIA GeForce RTX 4070 Laptop GPU",8,8,5,253755392,83.676520,83.377700,83.957500,0.201448,0.273990,0.269312,0.286720,0.006514,2.380590,2.375912,2.393320,0.006514,0.259400,0.804100,0.403000,0.640100,305.399461,35.149482,3.032576,926.147023,0.000000,0.000000,true
1024,1024,11,gaussian,cuda_separable,"NVIDIA GeForce RTX 4070 Laptop GPU",8,8,5,46137344,83.676520,83.377700,83.957500,0.201448,0.073312,0.072704,0.074720,0.000808,2.921712,2.921104,2.923120,0.000808,0.353300,0.934700,0.835300,0.725100,1141.375453,28.639551,0.551377,629.328657,0.000000,0.000000,true
1024,1024,11,gaussian,cuda_naive_global_memory,"NVIDIA GeForce RTX 4070 Laptop GPU",16,16,5,253755392,83.676520,83.377700,83.957500,0.201448,0.239002,0.237568,0.241664,0.001533,2.174502,2.173068,2.177164,0.001533,0.244100,0.868200,0.387100,0.436100,350.108611,38.480781,3.032576,1061.730912,0.000000,0.000000,true
1024,1024,11,gaussian,cuda_shared_memory_tiled,"NVIDIA GeForce RTX 4070 Laptop GPU",16,16,5,253755392,83.676520,83.377700,83.957500,0.201448,0.249856,0.243712,0.262144,0.006378,2.338056,2.331912,2.350344,0.006378,0.238400,0.861300,0.429600,0.558900,334.898984,35.788929,3.032576,1015.606565,0.000000,0.000000,true
1024,1024,11,gaussian,cuda_shared_constant_filter,"NVIDIA GeForce RTX 4070 Laptop GPU",16,16,5,253755392,83.676520,83.377700,83.957500,0.201448,0.136378,0.133120,0.140288,0.002840,1.998778,1.995520,2.002688,0.002840,0.282100,0.817700,0.373800,0.388800,613.564985,41.863847,3.032576,1860.682343,0.000000,0.000000,true
1024,1024,11,gaussian,cuda_multi_output,"NVIDIA GeForce RTX 4070 Laptop GPU",16,16,5,253755392,83.676520,83.377700,83.957500,0.201448,0.241254,0.239616,0.246784,0.002793,2.146254,2.144616,2.151784,0.002793,0.227000,0.783500,0.397700,0.496800,346.839347,38.987233,3.032576,1051.816620,0.000000,0.000000,true
1024,1024,11,gaussian,cuda_register_tiled,"NVIDIA GeForce RTX 4070 Laptop GPU",16,16,5,253755392,83.676520,83.377700,83.957500,0.201448,0.186368,0.181248,0.193536,0.003992,2.234068,2.228948,2.241236,0.003992,0.282600,0.875800,0.378500,0.510800,448.985454,37.454778,3.032576,1361.582436,0.000000,0.000000,true
1024,1024,11,gaussian,cuda_separable,"NVIDIA GeForce RTX 4070 Laptop GPU",16,16,5,46137344,83.676520,83.377700,83.957500,0.201448,0.063475,0.062464,0.064512,0.000902,2.392475,2.391464,2.393512,0.000902,0.282200,1.074300,0.391200,0.581300,1318.255338,34.974875,0.551377,726.856232,0.000000,0.000000,true
1024,1024,11,gaussian,cuda_naive_global_memory,"NVIDIA GeForce RTX 4070 Laptop GPU",32,8,5,253755392,83.676520,83.377700,83.957500,0.201448,0.240819,0.236544,0.242688,0.002178,2.242719,2.238444,2.244588,0.002178,0.296700,0.820200,0.456100,0.428900,347.466143,37.310297,3.032576,1053.717428,0.000000,0.000000,true
1024,1024,11,gaussian,cuda_shared_memory_tiled,"NVIDIA GeForce RTX 4070 Laptop GPU",32,8,5,253755392,83.676520,83.377700,83.957500,0.201448,0.251283,0.245728,0.267264,0.008135,2.241483,2.235928,2.257464,0.008135,0.293800,0.884700,0.378100,0.433600,332.996876,37.330871,3.032576,1009.838276,0.000000,0.000000,true
1024,1024,11,gaussian,cuda_shared_constant_filter,"NVIDIA GeForce RTX 4070 Laptop GPU",32,8,5,253755392,83.676520,83.377700,83.957500,0.201448,0.137792,0.136000,0.139264,0.001281,2.099492,2.097700,2.100964,0.001281,0.250700,0.800100,0.381000,0.529900,607.266881,39.855603,3.032576,1841.582865,0.000000,0.000000,true
1024,1024,11,gaussian,cuda_multi_output,"NVIDIA GeForce RTX 4070 Laptop GPU",32,8,5,253755392,83.676520,83.377700,83.957500,0.201448,0.241254,0.238592,0.243712,0.001899,2.205654,2.202992,2.208112,0.001899,0.277300,0.816300,0.377200,0.493600,346.839351,37.937276,3.032576,1051.816633,0.000000,0.000000,true
1024,1024,11,gaussian,cuda_register_tiled,"NVIDIA GeForce RTX 4070 Laptop GPU",32,8,5,253755392,83.676520,83.377700,83.957500,0.201448,0.184678,0.182272,0.190400,0.003074,2.176778,2.174372,2.182500,0.003074,0.288300,0.887900,0.396600,0.419300,453.093162,38.440532,3.032576,1374.039371,0.000000,0.000000,true
1024,1024,11,gaussian,cuda_separable,"NVIDIA GeForce RTX 4070 Laptop GPU",32,8,5,46137344,83.676520,83.377700,83.957500,0.201448,0.065946,0.062464,0.078848,0.006463,2.214446,2.210964,2.227348,0.006463,0.359300,0.888700,0.375500,0.525000,1268.871948,37.786668,0.551377,699.627345,0.000000,0.000000,true
1024,1024,11,gaussian,cuda_naive_global_memory,"NVIDIA GeForce RTX 4070 Laptop GPU",32,16,5,253755392,83.676520,83.377700,83.957500,0.201448,0.240026,0.237568,0.245760,0.002939,2.152926,2.150468,2.158660,0.002939,0.284800,0.808900,0.420800,0.398400,348.614980,38.866424,3.032576,1057.201362,0.000000,0.000000,true
1024,1024,11,gaussian,cuda_shared_memory_tiled,"NVIDIA GeForce RTX 4070 Laptop GPU",32,16,5,253755392,83.676520,83.377700,83.957500,0.201448,0.245965,0.241664,0.247808,0.002187,2.315365,2.311064,2.317208,0.002187,0.280300,0.803200,0.453800,0.532100,340.197132,36.139670,3.032576,1031.673600,0.000000,0.000000,true
1024,1024,11,gaussian,cuda_shared_constant_filter,"NVIDIA GeForce RTX 4070 Laptop GPU",32,16,5,253755392,83.676520,83.377700,83.957500,0.201448,0.140493,0.134144,0.161792,0.010669,2.069993,2.063644,2.091292,0.010669,0.257500,0.888500,0.376700,0.406800,595.592955,40.423580,3.032576,1806.180798,0.000000,0.000000,true
1024,1024,11,gaussian,cuda_multi_output,"NVIDIA GeForce RTX 4070 Laptop GPU",32,16,5,253755392,83.676520,83.377700,83.957500,0.201448,0.243712,0.240640,0.247808,0.002968,2.700612,2.697540,2.704708,0.002968,0.225200,0.849200,0.853800,0.528700,343.341810,30.984281,3.032576,1041.210075,0.000000,0.000000,true
1024,1024,11,gaussian,cuda_register_tiled,"NVIDIA GeForce RTX 4070 Laptop GPU",32,16,5,253755392,83.676520,83.377700,83.957500,0.201448,0.187347,0.185344,0.188320,0.001082,2.273547,2.271544,2.274520,0.001082,0.265800,0.895300,0.378100,0.547000,446.638760,36.804391,3.032576,1354.465908,0.000000,0.000000,true
1024,1024,11,gaussian,cuda_separable,"NVIDIA GeForce RTX 4070 Laptop GPU",32,16,5,46137344,83.676520,83.377700,83.957500,0.201448,0.069210,0.068544,0.070656,0.000829,2.413310,2.412644,2.414756,0.000829,0.375300,0.940100,0.390200,0.638500,1209.030522,34.672932,0.551377,666.632134,0.000000,0.000000,true
1024,1024,11,sharpen,cuda_naive_global_memory,"NVIDIA GeForce RTX 4070 Laptop GPU",8,8,5,253755392,86.781840,83.934800,96.397400,4.814304,0.301875,0.299008,0.308224,0.003328,2.434475,2.431608,2.440824,0.003328,0.467700,0.742400,0.405200,0.517300,287.475886,35.647042,2.924061,840.597021,0.000001,0.000000,true
1024,1024,11,sharpen,cuda_shared_memory_tiled,"NVIDIA GeForce RTX 4070 Laptop GPU",8,8,5,253755392,86.781840,83.934800,96.397400,4.814304,0.256205,0.251904,0.264192,0.004217,2.175405,2.171104,2.183392,0.004217,0.267800,0.854700,0.390300,0.406400,338.720584,39.892272,2.924061,990.439641,0.000001,0.000000,true
1024,1024,11,sharpen,cuda_shared_constant_filter,"NVIDIA GeForce RTX 4070 Laptop GPU",8,8,5,253755392,86.781840,83.934800,96.397400,4.814304,0.148058,0.147392,0.149504,0.000829,2.134058,2.133392,2.135504,0.000829,0.246200,0.778200,0.497700,0.463900,586.135651,40.665182,2.924061,1713.896385,0.000001,0.000000,true
1024,1024,11,sharpen,cuda_multi_output,"NVIDIA GeForce RTX 4070 Laptop GPU",8,8,5,253755392,86.781840,83.934800,96.397400,4.814304,0.302285,0.301056,0.306176,0.001986,2.728485,2.727256,2.732376,0.001986,0.205700,0.898300,0.798500,0.523700,287.086349,31.805873,2.924061,839.457992,0.000001,0.000000,true
1024,1024,11,sharpen,cuda_register_tiled,"NVIDIA GeForce RTX 4070 Laptop GPU",8,8,5,253755392,86.781840,83.934800,96.397400,4.814304,0.272179,0.269312,0.274432,0.001638,2.262279,2.259412,2.264532,0.001638,0.249100,0.870700,0.385800,0.484500,318.840832,38.360358,2.924061,932.310034,0.000001,0.000000,true
1024,1024,11,sharpen,cuda_naive_global_memory,"NVIDIA GeForce RTX 4070 Laptop GPU",16,16,5,253755392,86.781840,83.934800,96.397400,4.814304,0.240179,0.237568,0.246688,0.003319,2.268879,2.266268,2.275388,0.003319,0.272100,0.795700,0.409700,0.551200,361.321211,38.248771,2.924061,1056.525253,0.000001,0.000000,true
1024,1024,11,sharpen,cuda_shared_memory_tiled,"NVIDIA GeForce RTX 4070 Laptop GPU",16,16,5,253755392,86.781840,83.934800,96.397400,4.814304,0.260090,0.243680,0.318464,0.029241,2.358490,2.342080,2.416864,0.029241,0.257600,0.866400,0.387300,0.587100,333.661319,36.795515,2.924061,975.646043,0.000001,0.000000,true
1024,1024,11,sharpen,cuda_shared_constant_filter,"NVIDIA GeForce RTX 4070 Laptop GPU",16,16,5,253755392,86.781840,83.934800,96.397400,4.814304,0.141312,0.133120,0.166912,0.012855,2.136612,2.128420,2.162212,0.012855,0.287400,0.911100,0.382100,0.414700,614.115162,40.616565,2.924061,1795.710181,0.000001,0.000000,true
1024,1024,11,sharpen,cuda_multi_output,"NVIDIA GeForce RTX 4070 Laptop GPU",16,16,5,253755392,86.781840,83.934800,96.397400,4.814304,0.239795,0.239488,0.240640,0.000425,2.291295,2.290988,2.292140,0.000425,0.242500,0.810500,0.484400,0.514100,361.899814,37.874578,2.924061,1058.217123,0.000001,0.000000,true
1024,1024,11,sharpen,cuda_register_tiled,"NVIDIA GeForce RTX 4070 Laptop GPU",16,16,5,253755392,86.781840,83.934800,96.397400,4.814304,0.186573,0.185344,0.187392,0.001003,2.254773,2.253544,2.255592,0.001003,0.286700,0.892700,0.387700,0.501100,465.136621,38.488064,2.924061,1360.087844,0.000001,0.000000,true
1024,1024,11,sharpen,cuda_naive_global_memory,"NVIDIA GeForce RTX 4070 Laptop GPU",32,8,5,253755392,86.781840,83.934800,96.397400,4.814304,0.246573,0.239616,0.270336,0.011899,2.297073,2.290116,2.320836,0.011899,0.370900,0.790400,0.401100,0.488100,351.952196,37.779316,2.924061,1029.129683,0.000001,0.000000,true
1024,1024,11,sharpen,cuda_shared_memory_tiled,"NVIDIA GeForce RTX 4070 Laptop GPU",32,8,5,253755392,86.781840,83.934800,96.397400,4.814304,0.249242,0.245760,0.257024,0.004024,2.239642,2.236160,2.247424,0.004024,0.214100,0.832400,0.401800,0.542100,348.183615,38.748093,2.924061,1018.110121,0.000001,0.000000,true
1024,1024,11,sharpen,cuda_shared_constant_filter,"NVIDIA GeForce RTX 4070 Laptop GPU",32,8,5,253755392,86.781840,83.934800,96.397400,4.814304,0.142541,0.135168,0.163840,0.010806,2.161141,2.153768,2.182440,0.010806,0.228400,0.973700,0.387200,0.429300,608.821051,40.155570,2.924061,1780.229878,0.000001,0.000000,true
1024,1024,11,sharpen,cuda_multi_output,"NVIDIA GeForce RTX 4070 Laptop GPU",32,8,5,253755392,86.781840,83.934800,96.397400,4.814304,0.243917,0.239616,0.258048,0.007106,2.289417,2.285116,2.303548,0.007106,0.292400,0.812600,0.441600,0.498900,355.784590,37.905653,2.924061,1040.335837,0.000001,0.000000,true
1024,1024,11,sharpen,cuda_register_tiled,"NVIDIA GeForce RTX 4070 Laptop GPU",32,8,5,253755392,86.781840,83.934800,96.397400,4.814304,0.186144,0.183200,0.189440,0.002212,2.403844,2.400900,2.407140,0.002212,0.322200,0.879800,0.386000,0.629700,466.208096,36.101278,2.924061,1363.220902,0.000001,0.000000,true
1024,1024,11,sharpen,cuda_naive_global_memory,"NVIDIA GeForce RTX 4070 Laptop GPU",32,16,5,253755392,86.781840,83.934800,96.397400,4.814304,0.240026,0.238592,0.243712,0.002007,2.234026,2.232592,2.237712,0.002007,0.300200,0.818300,0.391500,0.484000,361.552438,38.845499,2.924061,1057.201375,0.000001,0.000000,true
1024,1024,11,sharpen,cuda_shared_memory_tiled,"NVIDIA GeForce RTX 4070 Laptop GPU",32,16,5,253755392,86.781840,83.934800,96.397400,4.814304,0.243910,0.242656,0.246784,0.001510,2.381310,2.380056,2.384184,0.001510,0.338900,0.827400,0.479600,0.491500,355.793932,36.442893,2.924061,1040.363154,0.000001,0.000000,true
1024,1024,11,sharpen,cuda_shared_constant_filter,"NVIDIA GeForce RTX 4070 Laptop GPU",32,16,5,253755392,86.781840,83.934800,96.397400,4.814304,0.135955,0.134144,0.139264,0.001766,2.090655,2.088844,2.093964,0.001766,0.377500,0.761200,0.392900,0.423100,638.312034,41.509399,2.924061,1866.463311,0.000001,0.000000,true
1024,1024,11,sharpen,cuda_multi_output,"NVIDIA GeForce RTX 4070 Laptop GPU",32,16,5,253755392,86.781840,83.934800,96.397400,4.814304,0.243910,0.241664,0.249856,0.003068,2.229710,2.227464,2.235656,0.003068,0.272200,0.797300,0.460400,0.455900,355.793928,38.920678,2.924061,1040.363141,0.000001,0.000000,true
1024,1024,11,sharpen,cuda_register_tiled,"NVIDIA GeForce RTX 4070 Laptop GPU",32,16,5,253755392,86.781840,83.934800,96.397400,4.814304,0.185754,0.183296,0.192512,0.003463,2.281154,2.278696,2.287912,0.003463,0.369600,0.748000,0.389500,0.588300,467.187934,38.042962,2.924061,1366.086007,0.000001,0.000000,true
1024,1024,11,sobel,cuda_naive_global_memory,"NVIDIA GeForce RTX 4070 Laptop GPU",8,8,5,253755392,85.495280,84.821800,86.429900,0.676422,0.296960,0.294912,0.302080,0.002591,2.364460,2.362412,2.369580,0.002591,0.345700,0.677800,0.426800,0.617200,287.901674,36.158480,2.968063,854.510356,0.000000,0.000000,true
1024,1024,11,sobel,cuda_shared_memory_tiled,"NVIDIA GeForce RTX 4070 Laptop GPU",8,8,5,253755392,85.495280,84.821800,86.429900,0.676422,0.255962,0.251904,0.263168,0.004138,2.195462,2.191404,2.202668,0.004138,0.256900,0.754400,0.380800,0.547400,334.016028,38.941824,2.968063,991.380673,0.000000,0.000000,true
1024,1024,11,sobel,cuda_shared_constant_filter,"NVIDIA GeForce RTX 4070 Laptop GPU",8,8,5,253755392,85.495280,84.821800,86.429900,0.676422,0.149504,0.146432,0.155648,0.003238,2.236504,2.233432,2.242648,0.003238,0.574000,0.740900,0.383500,0.388600,571.859482,38.227197,2.968063,1697.315069,0.000000,0.000000,true
1024,1024,11,sobel,cuda_multi_output,"NVIDIA GeForce RTX 4070 Laptop GPU",8,8,5,253755392,85.495280,84.821800,86.429900,0.676422,0.299213,0.296960,0.305152,0.002996,2.219613,2.217360,2.225552,0.002996,0.245800,0.726700,0.447700,0.500200,285.734031,38.518105,2.968063,848.076656,0.000000,0.000000,true
1024,1024,11,sobel,cuda_register_tiled,"NVIDIA GeForce RTX 4070 Laptop GPU",8,8,5,253755392,85.495280,84.821800,86.429900,0.676422,0.270950,0.267264,0.274432,0.002717,2.188050,2.184364,2.191532,0.002717,0.386300,0.634700,0.448000,0.448100,315.538496,39.073725,2.968063,936.538189,0.000000,0.000000,true
1024,1024,11,sobel,cuda_naive_global_memory,"NVIDIA GeForce RTX 4070 Laptop GPU",16,16,5,253755392,85.495280,84.821800,86.429900,0.676422,0.243917,0.237568,0.258048,0.007223,2.683017,2.676668,2.697148,0.007223,0.242600,0.839300,0.838500,0.518700,350.510005,31.865354,2.968063,1040.335837,0.000000,0.000000,true
1024,1024,11,sobel,cuda_shared_memory_tiled,"NVIDIA GeForce RTX 4070 Laptop GPU",16,16,5,253755392,85.495280,84.821800,86.429900,0.676422,0.246150,0.243616,0.254976,0.004432,2.111550,2.109016,2.120376,0.004432,0.365300,0.621100,0.393500,0.485500,347.329440,40.489339,2.968063,1030.895720,0.000000,0.000000,true
1024,1024,11,sobel,cuda_shared_constant_filter,"NVIDIA GeForce RTX 4070 Laptop GPU",16,16,5,253755392,85.495280,84.821800,86.429900,0.676422,0.136390,0.133120,0.138208,0.001755,2.061090,2.057820,2.062908,0.001755,0.248000,0.786600,0.375400,0.514700,626.842359,41.480607,2.968063,1860.507720,0.000000,0.000000,true
1024,1024,11,sobel,cuda_multi_output,"NVIDIA GeForce RTX 4070 Laptop GPU",16,16,5,253755392,85.495280,84.821800,86.429900,0.676422,0.240640,0.238592,0.245760,0.002670,2.243740,2.241692,2.248860,0.002670,0.254800,0.793300,0.404000,0.551000,355.282913,38.103916,2.968063,1054.502130,0.000000,0.000000,true
1024,1024,11,sobel,cuda_register_tiled,"NVIDIA GeForce RTX 4070 Laptop GPU",16,16,5,253755392,85.495280,84.821800,86.429900,0.676422,0.187558,0.181088,0.200704,0.006806,2.300758,2.294288,2.313904,0.006806,0.364000,0.632500,0.553700,0.563000,455.832848,37.159608,2.968063,1352.940690,0.000000,0.000000,true
1024,1024,11,sobel,cuda_naive_global_memory,"NVIDIA GeForce RTX 4070 Laptop GPU",32,8,5,253755392,85.495280,84.821800,86.429900,0.676422,0.247194,0.240640,0.264192,0.008751,2.209794,2.203240,2.226792,0.008751,0.432400,0.628200,0.382500,0.519500,345.863653,38.689260,2.968063,1026.545171,0.000000,0.000000,true
1024,1024,11,sobel,cuda_shared_memory_tiled,"NVIDIA GeForce RTX 4070 Laptop GPU",32,8,5,253755392,85.495280,84.821800,86.429900,0.676422,0.252102,0.248832,0.261088,0.004585,2.844002,2.840732,2.852988,0.004585,0.299200,0.743300,1.023900,0.525500,339.129173,30.061606,2.968063,1006.556808,0.000000,0.000000,true
1024,1024,11,sobel,cuda_shared_constant_filter,"NVIDIA GeForce RTX 4070 Laptop GPU",32,8,5,253755392,85.495280,84.821800,86.429900,0.676422,0.143302,0.134112,0.157696,0.010513,2.744302,2.735112,2.758696,0.010513,0.318300,0.694300,1.106000,0.482400,596.607446,31.153739,2.968063,1770.768589,0.000000,0.000000,true
1024,1024,11,sobel,cuda_multi_output,"NVIDIA GeForce RTX 4070 Laptop GPU",32,8,5,253755392,85.495280,84.821800,86.429900,0.676422,0.243917,0.237568,0.260096,0.008279,2.224617,2.218268,2.240796,0.008279,0.345200,0.691900,0.378000,0.565600,350.510005,38.431464,2.968063,1040.335837,0.000000,0.000000,true
1024,1024,11,sobel,cuda_register_tiled,"NVIDIA GeForce RTX 4070 Laptop GPU",32,8,5,253755392,85.495280,84.821800,86.429900,0.676422,0.184115,0.182272,0.189440,0.002778,2.054515,2.052672,2.059840,0.002778,0.397600,0.649200,0.392500,0.431100,464.357530,41.613360,2.968063,1378.242482,0.000000,0.000000,true
1024,1024,11,sobel,cuda_naive_global_memory,"NVIDIA GeForce RTX 4070 Laptop GPU",32,16,5,253755392,85.495280,84.821800,86.429900,0.676422,0.239162,0.236544,0.242656,0.002492,2.231762,2.229144,2.235256,0.002492,0.229700,0.763400,0.451800,0.547700,357.479120,38.308429,2.968063,1061.020611,0.000000,0.000000,true
1024,1024,11,sobel,cuda_shared_memory_tiled,"NVIDIA GeForce RTX 4070 Laptop GPU",32,16,5,253755392,85.495280,84.821800,86.429900,0.676422,0.249030,0.242688,0.261088,0.006669,2.165930,2.159588,2.177988,0.006669,0.469600,0.636000,0.385900,0.425400,343.312621,39.472773,2.968063,1018.973546,0.000000,0.000000,true
1024,1024,11,sobel,cuda_shared_constant_filter,"NVIDIA GeForce RTX 4070 Laptop GPU",32,16,5,253755392,85.495280,84.821800,86.429900,0.676422,0.139264,0.135168,0.142336,0.002335,1.972664,1.968568,1.975736,0.002335,0.364000,0.612900,0.392800,0.463700,613.907976,43.340011,2.968063,1822.117654,0.000000,0.000000,true
1024,1024,11,sobel,cuda_multi_output,"NVIDIA GeForce RTX 4070 Laptop GPU",32,16,5,253755392,85.495280,84.821800,86.429900,0.676422,0.244275,0.241536,0.247808,0.002446,2.168275,2.165536,2.171808,0.002446,0.268000,0.774900,0.377000,0.504100,349.995742,39.430087,2.968063,1038.809472,0.000000,0.000000,true
1024,1024,11,sobel,cuda_register_tiled,"NVIDIA GeForce RTX 4070 Laptop GPU",32,16,5,253755392,85.495280,84.821800,86.429900,0.676422,0.183040,0.180224,0.184288,0.001486,2.132640,2.129824,2.133888,0.001486,0.310100,0.752100,0.395200,0.492200,467.085230,40.088941,2.968063,1386.338469,0.000000,0.000000,true
2048,2048,3,box,cuda_naive_global_memory,"NVIDIA GeForce RTX 4070 Laptop GPU",8,8,5,75497472,36.523080,35.843000,38.428500,0.960402,0.120589,0.118784,0.122848,0.001344,4.871989,4.870184,4.874248,0.001344,0.327400,2.458000,1.406300,0.559700,302.872899,7.496544,2.067117,626.073656,0.000000,0.000000,true
2048,2048,3,box,cuda_shared_memory_tiled,"NVIDIA GeForce RTX 4070 Laptop GPU",8,8,5,75497472,36.523080,35.843000,38.428500,0.960402,0.139059,0.134144,0.153600,0.007339,4.824359,4.819444,4.838900,0.007339,0.355700,2.368700,1.372300,0.588600,262.644110,7.570556,2.067117,542.916050,0.000000,0.000000,true
2048,2048,3,box,cuda_shared_constant_filter,"NVIDIA GeForce RTX 4070 Laptop GPU",8,8,5,75497472,36.523080,35.843000,38.428500,0.960402,0.128154,0.126880,0.129024,0.000807,5.217454,5.216180,5.218324,0.000807,0.288000,2.620800,1.479800,0.700700,284.994566,7.000173,2.067117,589.117054,0.000000,0.000000,true
2048,2048,3,box,cuda_multi_output,"NVIDIA GeForce RTX 4070 Laptop GPU",8,8,5,75497472,36.523080,35.843000,38.428500,0.960402,0.111821,0.110592,0.113664,0.001194,5.653821,5.652592,5.655664,0.001194,0.355400,2.199100,2.420000,0.567500,326.621521,6.459893,2.067117,675.164832,0.000000,0.000000,true
2048,2048,3,box,cuda_register_tiled,"NVIDIA GeForce RTX 4070 Laptop GPU",8,8,5,75497472,36.523080,35.843000,38.428500,0.960402,0.101773,0.100352,0.103360,0.001024,5.068373,5.066952,5.069960,0.001024,0.263000,2.519900,1.355700,0.828000,358.868785,7.206076,2.067117,741.823691,0.000000,0.000000,true
2048,2048,3,box,cuda_separable,"NVIDIA GeForce RTX 4070 Laptop GPU",8,8,5,50331648,36.523080,35.843000,38.428500,0.960402,0.243277,0.241664,0.244736,0.001060,5.261177,5.259564,5.262636,0.001060,0.527100,2.451900,1.362600,0.676300,150.129730,6.941998,1.378078,206.890457,0.000000,0.000000,true
2048,2048,3,box,cuda_naive_global_memory,"NVIDIA GeForce RTX 4070 Laptop GPU",16,16,5,75497472,36.523080,35.843000,38.428500,0.960402,0.114867,0.113664,0.116736,0.001010,4.992967,4.991764,4.994836,0.001010,0.435600,2.274100,1.376400,0.792000,317.959170,7.314905,2.067117,657.258739,0.000000,0.000000,true
2048,2048,3,box,cuda_shared_memory_tiled,"NVIDIA GeForce RTX 4070 Laptop GPU",16,16,5,75497472,36.523080,35.843000,38.428500,0.960402,0.132710,0.131072,0.135168,0.001389,5.726510,5.724872,5.728968,0.001389,0.399400,2.248000,2.407700,0.538700,275.208882,6.377895,2.067117,568.888901,0.000000,0.000000,true
2048,2048,3,box,cuda_shared_constant_filter,"NVIDIA GeForce RTX 4070 Laptop GPU",16,16,5,75497472,36.523080,35.843000,38.428500,0.960402,0.120013,0.118784,0.120832,0.000766,5.185413,5.184184,5.186232,0.000766,0.282500,2.575200,1.354800,0.852900,304.326530,7.043428,2.067117,629.078481,0.000000,0.000000,true
2048,2048,3,box,cuda_multi_output,"NVIDIA GeForce RTX 4070 Laptop GPU",16,16,5,75497472,36.523080,35.843000,38.428500,0.960402,0.102400,0.101376,0.103424,0.000648,4.900700,4.899676,4.901724,0.000648,0.326300,2.441700,1.444800,0.585500,356.670712,7.452625,2.067117,737.280019,0.000000,0.000000,true
2048,2048,3,box,cuda_register_tiled,"NVIDIA GeForce RTX 4070 Laptop GPU",16,16,5,75497472,36.523080,35.843000,38.428500,0.960402,0.079629,0.077824,0.084928,0.002752,4.818629,4.816824,4.823928,0.002752,0.384500,2.317900,1.374100,0.662500,458.666723,7.579559,2.067117,948.117685,0.000000,0.000000,true
2048,2048,3,box,cuda_separable,"NVIDIA GeForce RTX 4070 Laptop GPU",16,16,5,50331648,36.523080,35.843000,38.428500,0.960402,0.245536,0.239616,0.266176,0.010347,5.824136,5.818216,5.844776,0.010347,0.560100,2.833700,1.439200,0.745600,148.748371,6.270987,1.378078,204.986837,0.000000,0.000000,true
2048,2048,3,box,cuda_naive_global_memory,"NVIDIA GeForce RTX 4070 Laptop GPU",32,8,5,75497472,36.523080,35.843000,38.428500,0.960402,0.114278,0.112640,0.115712,0.001044,5.357278,5.355640,5.358712,0.001044,0.259900,2.521300,1.358800,1.103000,319.597400,6.817469,2.067117,660.645153,0.000000,0.000000,true
2048,2048,3,box,cuda_shared_memory_tiled,"NVIDIA GeForce RTX 4070 Laptop GPU",32,8,5,75497472,36.523080,35.843000,38.428500,0.960402,0.132506,0.131072,0.134144,0.001044,5.502006,5.500572,5.503644,0.001044,0.962600,2.096000,1.484800,0.826100,275.634246,6.638139,2.067117,569.768179,0.000000,0.000000,true
2048,2048,3,box,cuda_shared_constant_filter,"NVIDIA GeForce RTX 4070 Laptop GPU",32,8,5,75497472,36.523080,35.843000,38.428500,0.960402,0.125133,0.123904,0.126976,0.001003,5.167133,5.165904,5.168976,0.001003,0.345100,2.403200,1.404900,0.888800,291.874558,7.068346,2.067117,603.338800,0.000000,0.000000,true
2048,2048,3,box,cuda_multi_output,"NVIDIA GeForce RTX 4070 Laptop GPU",32,8,5,75497472,36.523080,35.843000,38.428500,0.960402,0.105472,0.101376,0.120832,0.007690,5.277072,5.272976,5.292432,0.007690,0.285500,2.565400,1.454100,0.866600,346.282241,6.921088,2.067117,715.805836,0.000000,0.000000,true
2048,2048,3,box,cuda_register_tiled,"NVIDIA GeForce RTX 4070 Laptop GPU",32,8,5,75497472,36.523080,35.843000,38.428500,0.960402,0.079251,0.077824,0.080864,0.001034,6.124151,6.122724,6.125764,0.001034,0.334800,2.225600,2.583800,0.900700,460.852093,5.963778,2.067117,952.635100,0.000000,0.000000,true
2048,2048,3,box,cuda_separable,"NVIDIA GeForce RTX 4070 Laptop GPU",32,8,5,50331648,36.523080,35.843000,38.428500,0.960402,0.238797,0.237568,0.240640,0.001194,5.769197,5.767968,5.771040,0.001194,0.443300,2.702200,1.484100,0.900800,152.946268,6.330704,1.378078,210.771867,0.000000,0.000000,true
2048,2048,3,box,cuda_naive_global_memory,"NVIDIA GeForce RTX 4070 Laptop GPU",32,16,5,75497472,36.523080,35.843000,38.428500,0.960402,0.125914,0.120832,0.141312,0.007733,4.851514,4.846432,4.866912,0.007733,0.345200,2.345200,1.375200,0.660000,290.064614,7.528183,2.067117,599.597435,0.000000,0.000000,true
2048,2048,3,box,cuda_shared_memory_tiled,"NVIDIA GeForce RTX 4070 Laptop GPU",32,16,5,75497472,36.523080,35.843000,38.428500,0.960402,0.143130,0.142336,0.144384,0.000973,5.223730,5.222936,5.224984,0.000973,0.260900,2.498700,1.477800,0.843200,255.174897,6.991763,2.067117,527.476316,0.000000,0.000000,true
2048,2048,3,box,cuda_shared_constant_filter,"NVIDIA GeForce RTX 4070 Laptop GPU",32,16,5,75497472,36.523080,35.843000,38.428500,0.960402,0.129024,0.128000,0.130048,0.000916,5.211924,5.210900,5.212948,0.000916,0.335900,2.237600,1.441000,1.068400,283.071976,7.007600,2.067117,585.142835,0.000000,0.000000,true
2048,2048,3,box,cuda_multi_output,"NVIDIA GeForce RTX 4070 Laptop GPU",32,16,5,75497472,36.523080,35.843000,38.428500,0.960402,0.107302,0.106496,0.108480,0.000746,5.253802,5.252996,5.254980,0.000746,0.263800,2.546400,1.351300,0.985000,340.375242,6.951742,2.067117,703.595378,0.000000,0.000000,true
2048,2048,3,box,cuda_register_tiled,"NVIDIA GeForce RTX 4070 Laptop GPU",32,16,5,75497472,36.523080,35.843000,38.428500,0.960402,0.083546,0.081920,0.087040,0.001790,5.640746,5.639120,5.644240,0.001790,1.163800,2.284700,1.435100,0.673600,437.163426,6.474867,2.067117,903.667859,0.000000,0.000000,true
2048,2048,3,box,cuda_separable,"NVIDIA GeForce RTX 4070 Laptop GPU",32,16,5,50331648,36.523080,35.843000,38.428500,0.960402,0.239590,0.236544,0.240640,0.001571,5.929290,5.926244,5.930340,0.001571,0.453200,2.724100,1.466200,1.046200,152.439663,6.159773,1.378078,210.073725,0.000000,0.000000,true
2048,2048,3,gaussian,cuda_naive_global_memory,"NVIDIA GeForce RTX 4070 Laptop GPU",8,8,5,75497472,35.874920,35.332900,37.344700,0.745310,0.119776,0.118784,0.121696,0.001064,5.205176,5.204184,5.207096,0.001064,0.282400,2.600600,1.349900,0.852500,299.516757,6.892163,2.104464,630.322185,0.000000,0.000000,true
2048,2048,3,gaussian,cuda_shared_memory_tiled,"NVIDIA GeForce RTX 4070 Laptop GPU",8,8,5,75497472,35.874920,35.332900,37.344700,0.745310,0.136755,0.134144,0.144384,0.003887,5.879355,5.876744,5.886984,0.003887,0.436200,2.253800,2.434000,0.618600,262.329485,6.101846,2.104464,552.062917,0.000000,0.000000,true
2048,2048,3,gaussian,cuda_shared_constant_filter,"NVIDIA GeForce RTX 4070 Laptop GPU",8,8,5,75497472,35.874920,35.332900,37.344700,0.745310,0.127910,0.126976,0.129024,0.000657,5.279410,5.278476,5.280524,0.000657,0.370100,2.419900,1.356100,1.005400,280.469136,6.795251,2.104464,590.237155,0.000000,0.000000,true
2048,2048,3,gaussian,cuda_multi_output,"NVIDIA GeForce RTX 4070 Laptop GPU",8,8,5,75497472,35.874920,35.332900,37.344700,0.745310,0.111821,0.110592,0.113664,0.001194,4.835521,4.834292,4.837364,0.001194,0.414600,2.223600,1.415400,0.670100,320.825104,7.419040,2.104464,675.164832,0.000000,0.000000,true
2048,2048,3,gaussian,cuda_register_tiled,"NVIDIA GeForce RTX 4070 Laptop GPU",8,8,5,75497472,35.874920,35.332900,37.344700,0.745310,0.101978,0.101312,0.103424,0.000829,5.008878,5.008212,5.010324,0.000829,0.358500,2.478000,1.369200,0.701200,351.792168,7.162267,2.104464,740.333898,0.000000,0.000000,true
2048,2048,3,gaussian,cuda_separable,"NVIDIA GeForce RTX 4070 Laptop GPU",8,8,5,50331648,35.874920,35.332900,37.344700,0.745310,0.246362,0.240640,0.264192,0.008948,6.507362,6.501640,6.525192,0.008948,0.508500,2.730900,1.660300,1.361300,145.618961,5.512975,1.402976,204.299892,0.000000,0.000000,true
2048,2048,3,gaussian,cuda_naive_global_memory,"NVIDIA GeForce RTX 4070 Laptop GPU",16,16,5,75497472,35.874920,35.332900,37.344700,0.745310,0.114688,0.113664,0.116736,0.001122,5.068288,5.067264,5.070336,0.001122,0.276400,2.520400,1.356900,0.799900,312.804474,7.078311,2.104464,658.285705,0.000000,0.000000,true
2048,2048,3,gaussian,cuda_shared_memory_tiled,"NVIDIA GeForce RTX 4070 Laptop GPU",16,16,5,75497472,35.874920,35.332900,37.344700,0.745310,0.135546,0.131936,0.149504,0.006979,5.230246,5.226636,5.244204,0.006979,0.517000,2.290300,1.490900,0.796500,264.670494,6.859127,2.104464,556.989485,0.000000,0.000000,true
2048,2048,3,gaussian,cuda_shared_constant_filter,"NVIDIA GeForce RTX 4070 Laptop GPU",16,16,5,75497472,35.874920,35.332900,37.344700,0.745310,0.120781,0.119776,0.122880,0.001268,4.818981,4.817976,4.821080,0.001268,0.349500,2.248300,1.438800,0.661600,297.025019,7.444504,2.104464,625.078414,0.000000,0.000000,true
2048,2048,3,gaussian,cuda_multi_output,"NVIDIA GeForce RTX 4070 Laptop GPU",16,16,5,75497472,35.874920,35.332900,37.344700,0.745310,0.101990,0.101376,0.103424,0.000819,5.330290,5.329676,5.331724,0.000819,0.314500,2.504200,1.351000,1.058600,351.748017,6.730388,2.104464,740.240984,0.000000,0.000000,true
2048,2048,3,gaussian,cuda_register_tiled,"NVIDIA GeForce RTX 4070 Laptop GPU",16,16,5,75497472,35.874920,35.332900,37.344700,0.745310,0.079053,0.077824,0.081920,0.001638,5.062153,5.060924,5.065020,0.001638,0.298100,2.470600,1.512000,0.702400,453.809623,7.086890,2.104464,955.025943,0.000000,0.000000,true
2048,2048,3,gaussian,cuda_separable,"NVIDIA GeForce RTX 4070 Laptop GPU",16,16,5,50331648,35.874920,35.332900,37.344700,0.745310,0.240198,0.237568,0.241664,0.001381,6.030698,6.028068,6.032164,0.001381,0.376900,2.692800,1.352100,1.368700,149.355364,5.948717,1.402976,209.541975,0.000000,0.000000,true
2048,2048,3,gaussian,cuda_naive_global_memory,"NVIDIA GeForce RTX 4070 Laptop GPU",32,8,5,75497472,35.874920,35.332900,37.344700,0.745310,0.114278,0.112640,0.116736,0.001389,4.838878,4.837240,4.841336,0.001389,0.299100,2.417200,1.467300,0.541000,313.925637,7.413892,2.104464,660.645153,0.000000,0.000000,true
2048,2048,3,gaussian,cuda_shared_memory_tiled,"NVIDIA GeForce RTX 4070 Laptop GPU",32,8,5,75497472,35.874920,35.332900,37.344700,0.745310,0.132864,0.131936,0.134144,0.001008,5.664164,5.663236,5.665444,0.001008,0.356700,2.366800,2.085200,0.722600,270.012353,6.333665,2.104464,568.231233,0.000000,0.000000,true
2048,2048,3,gaussian,cuda_shared_constant_filter,"NVIDIA GeForce RTX 4070 Laptop GPU",32,8,5,75497472,35.874920,35.332900,37.344700,0.745310,0.122054,0.119808,0.123904,0.001360,6.672154,6.669908,6.674004,0.001360,2.576600,2.092800,1.371200,0.509500,293.925664,5.376812,2.104464,618.555932,0.000000,0.000000,true
2048,2048,3,gaussian,cuda_multi_output,"NVIDIA GeForce RTX 4070 Laptop GPU",32,8,5,75497472,35.874920,35.332900,37.344700,0.745310,0.101357,0.100352,0.103328,0.001265,5.581557,5.580552,5.583528,0.001265,0.248500,3.162500,1.419300,0.649900,353.946860,6.427404,2.104464,744.868369,0.000000,0.000000,true
2048,2048,3,gaussian,cuda_register_tiled,"NVIDIA GeForce RTX 4070 Laptop GPU",32,8,5,75497472,35.874920,35.332900,37.344700,0.745310,0.083501,0.078752,0.098304,0.007433,4.712501,4.707752,4.727304,0.007433,0.400200,2.229000,1.417200,0.582600,429.635639,7.612714,2.104464,904.152668,0.000000,0.000000,true
2048,2048,3,gaussian,cuda_separable,"NVIDIA GeForce RTX 4070 Laptop GPU",32,8,5,50331648,35.874920,35.332900,37.344700,0.745310,0.238387,0.236544,0.239616,0.001194,5.869887,5.868044,5.871116,0.001194,0.382800,2.758400,1.355900,1.134400,150.490125,6.111688,1.402976,211.134018,0.000000,0.000000,true
2048,2048,3,gaussian,cuda_naive_global_memory,"NVIDIA GeForce RTX 4070 Laptop GPU",32,16,5,75497472,35.874920,35.332900,37.344700,0.745310,0.123462,0.121856,0.125952,0.001405,4.816062,4.814456,4.818552,0.001405,0.394500,2.258600,1.501900,0.537600,290.573649,7.449015,2.104464,611.501737,0.000000,0.000000,true
2048,2048,3,gaussian,cuda_shared_memory_tiled,"NVIDIA GeForce RTX 4070 Laptop GPU",32,16,5,75497472,35.874920,35.332900,37.344700,0.745310,0.147859,0.142336,0.165888,0.009038,4.999059,4.993536,5.017088,0.009038,0.272500,2.530700,1.352200,0.695800,242.628937,7.176334,2.104464,510.603825,0.000000,0.000000,true
2048,2048,3,gaussian,cuda_shared_constant_filter,"NVIDIA GeForce RTX 4070 Laptop GPU",32,16,5,75497472,35.874920,35.332900,37.344700,0.745310,0.128973,0.128000,0.130880,0.001052,5.035073,5.034100,5.036980,0.001052,0.280000,2.507100,1.537500,0.581500,278.158802,7.125005,2.104464,585.375142,0.000000,0.000000,true
2048,2048,3,gaussian,cuda_multi_output,"NVIDIA GeForce RTX 4070 Laptop GPU",32,16,5,75497472,35.874920,35.332900,37.344700,0.745310,0.107110,0.106496,0.108544,0.000819,5.518010,5.517396,5.519444,0.000819,0.243900,2.438200,2.112700,0.616100,334.934052,6.501423,2.104464,704.856603,0.000000,0.000000,true
2048,2048,3,gaussian,cuda_register_tiled,"NVIDIA GeForce RTX 4070 Laptop GPU",32,16,5,75497472,35.874920,35.332900,37.344700,0.745310,0.083053,0.080896,0.089024,0.003065,5.089853,5.087696,5.095824,0.003065,0.277700,2.564000,1.418600,0.746500,431.953172,7.048322,2.104464,909.029832,0.000000,0.000000,true
2048,2048,3,gaussian,cuda_separable,"NVIDIA GeForce RTX 4070 Laptop GPU",32,16,5,50331648,35.874920,35.332900,37.344700,0.745310,0.241632,0.241504,0.241664,0.000064,5.427632,5.427504,5.427664,0.000064,0.423300,2.584600,1.391100,0.787000,148.469239,6.609682,1.402976,208.298764,0.000000,0.000000,true
2048,2048,3,sharpen,cuda_naive_global_memory,"NVIDIA GeForce RTX 4070 Laptop GPU",8,8,5,75497472,36.086500,35.365300,38.360800,1.144370,0.121242,0.118784,0.128000,0.003463,7.308842,7.306384,7.315600,0.003463,0.366400,3.501000,2.661600,0.658600,297.641229,4.937376,2.092125,622.702683,0.000001,0.000000,true
2048,2048,3,sharpen,cuda_shared_memory_tiled,"NVIDIA GeForce RTX 4070 Laptop GPU",8,8,5,75497472,36.086500,35.365300,38.360800,1.144370,0.134720,0.133120,0.136192,0.001032,7.404420,7.402820,7.405892,0.001032,0.254800,3.761400,2.631800,0.621700,267.862980,4.873643,2.092125,560.402860,0.000001,0.000000,true
2048,2048,3,sharpen,cuda_shared_constant_filter,"NVIDIA GeForce RTX 4070 Laptop GPU",8,8,5,75497472,36.086500,35.365300,38.360800,1.144370,0.128000,0.126976,0.130048,0.001122,7.200300,7.199276,7.202348,0.001122,0.361300,3.482800,2.630700,0.597500,281.925774,5.011805,2.092125,589.823986,0.000001,0.000000,true
2048,2048,3,sharpen,cuda_multi_output,"NVIDIA GeForce RTX 4070 Laptop GPU",8,8,5,75497472,36.086500,35.365300,38.360800,1.144370,0.111379,0.110592,0.112640,0.000760,7.214079,7.213292,7.215340,0.000760,0.241300,3.633700,2.630800,0.596900,323.996760,5.002232,2.092125,677.841750,0.000001,0.000000,true
2048,2048,3,sharpen,cuda_register_tiled,"NVIDIA GeForce RTX 4070 Laptop GPU",8,8,5,75497472,36.086500,35.365300,38.360800,1.144370,0.101760,0.101248,0.103424,0.000833,7.407160,7.406648,7.408824,0.000833,0.373600,3.468700,2.634100,0.829000,354.623629,4.871840,2.092125,741.916992,0.000001,0.000000,true
2048,2048,3,sharpen,cuda_naive_global_memory,"NVIDIA GeForce RTX 4070 Laptop GPU",16,16,5,75497472,36.086500,35.365300,38.360800,1.144370,0.114893,0.113664,0.115712,0.000766,7.384693,7.383464,7.385512,0.000766,0.353800,3.533300,2.639900,0.742800,314.088433,4.886662,2.092125,657.112290,0.000001,0.000000,true
2048,2048,3,sharpen,cuda_shared_memory_tiled,"NVIDIA GeForce RTX 4070 Laptop GPU",16,16,5,75497472,36.086500,35.365300,38.360800,1.144370,0.132493,0.131072,0.134080,0.001024,8.337493,8.336072,8.339080,0.001024,0.289300,3.704900,3.522200,0.688600,272.365753,4.328220,2.092125,569.823224,0.000001,0.000000,true
2048,2048,3,sharpen,cuda_shared_constant_filter,"NVIDIA GeForce RTX 4070 Laptop GPU",16,16,5,75497472,36.086500,35.365300,38.360800,1.144370,0.120422,0.118784,0.121856,0.001044,7.343022,7.341384,7.344456,0.001044,0.237500,3.617900,2.630700,0.736500,299.666004,4.914393,2.092125,626.938765,0.000001,0.000000,true
2048,2048,3,sharpen,cuda_multi_output,"NVIDIA GeForce RTX 4070 Laptop GPU",16,16,5,75497472,36.086500,35.365300,38.360800,1.144370,0.102400,0.101376,0.103424,0.000648,7.361500,7.360476,7.362524,0.000648,0.347500,3.481900,2.649500,0.780200,352.407235,4.902058,2.092125,737.280019,0.000001,0.000000,true
2048,2048,3,sharpen,cuda_register_tiled,"NVIDIA GeForce RTX 4070 Laptop GPU",16,16,5,75497472,36.086500,35.365300,38.360800,1.144370,0.082534,0.077824,0.091136,0.005205,7.425134,7.420424,7.433736,0.005205,0.330400,3.497100,2.655500,0.859600,437.229819,4.860047,2.092125,914.739475,0.000001,0.000000,true
2048,2048,3,sharpen,cuda_naive_global_memory,"NVIDIA GeForce RTX 4070 Laptop GPU",32,8,5,75497472,36.086500,35.365300,38.360800,1.144370,0.114074,0.113664,0.115712,0.000819,7.388474,7.388064,7.390112,0.000819,0.248600,3.615100,2.630300,0.780400,316.344006,4.884162,2.092125,661.831231,0.000001,0.000000,true
2048,2048,3,sharpen,cuda_shared_memory_tiled,"NVIDIA GeForce RTX 4070 Laptop GPU",32,8,5,75497472,36.086500,35.365300,38.360800,1.144370,0.132506,0.132096,0.134144,0.000819,7.237306,7.236896,7.238944,0.000819,0.360300,3.505000,2.648700,0.590800,272.339448,4.986179,2.092125,569.768192,0.000001,0.000000,true
2048,2048,3,sharpen,cuda_shared_constant_filter,"NVIDIA GeForce RTX 4070 Laptop GPU",32,8,5,75497472,36.086500,35.365300,38.360800,1.144370,0.121414,0.120832,0.122880,0.000806,7.338414,7.337832,7.339880,0.000806,0.248600,3.607000,2.633300,0.728100,297.217623,4.917479,2.092125,621.816446,0.000001,0.000000,true
2048,2048,3,sharpen,cuda_multi_output,"NVIDIA GeForce RTX 4070 Laptop GPU",32,8,5,75497472,36.086500,35.365300,38.360800,1.144370,0.101990,0.101376,0.103424,0.000819,7.360490,7.359876,7.361924,0.000819,0.336300,3.500900,2.644900,0.776400,353.822526,4.902730,2.092125,740.240984,0.000001,0.000000,true
2048,2048,3,sharpen,cuda_register_tiled,"NVIDIA GeForce RTX 4070 Laptop GPU",32,8,5,75497472,36.086500,35.365300,38.360800,1.144370,0.082125,0.077824,0.089088,0.003961,7.530125,7.525824,7.537088,0.003961,0.303700,3.680000,2.629800,0.834500,439.410518,4.792284,2.092125,919.301768,0.000001,0.000000,true
2048,2048,3,sharpen,cuda_naive_global_memory,"NVIDIA GeForce RTX 4070 Laptop GPU",32,16,5,75497472,36.086500,35.365300,38.360800,1.144370,0.122470,0.121856,0.123904,0.000819,7.405570,7.404956,7.407004,0.000819,0.262200,3.724700,2.629600,0.666600,294.654880,4.872886,2.092125,616.454866,0.000001,0.000000,true
2048,2048,3,sharpen,cuda_shared_memory_tiled,"NVIDIA GeForce RTX 4070 Laptop GPU",32,16,5,75497472,36.086500,35.365300,38.360800,1.144370,0.143360,0.142336,0.145408,0.001122,7.501160,7.500136,7.503208,0.001122,0.262500,3.692600,2.631800,0.770900,251.719446,4.810789,2.092125,526.628568,0.000001,0.000000,true
2048,2048,3,sharpen,cuda_shared_constant_filter,"NVIDIA GeForce RTX 4070 Laptop GPU",32,16,5,75497472,36.086500,35.365300,38.360800,1.144370,0.130048,0.129024,0.133120,0.001586,7.556948,7.555924,7.560020,0.001586,0.330500,3.741600,2.634000,0.720800,277.486003,4.775274,2.092125,580.535429,0.000001,0.000000,true
2048,2048,3,sharpen,cuda_multi_output,"NVIDIA GeForce RTX 4070 Laptop GPU",32,16,5,75497472,36.086500,35.365300,38.360800,1.144370,0.107110,0.106496,0.108544,0.000819,7.497610,7.496996,7.499044,0.000819,0.269400,3.738400,2.628000,0.754700,336.909398,4.813067,2.092125,704.856603,0.000001,0.000000,true
2048,2048,3,sharpen,cuda_register_tiled,"NVIDIA GeForce RTX 4070 Laptop GPU",32,16,5,75497472,36.086500,35.365300,38.360800,1.144370,0.084787,0.081920,0.091136,0.003743,7.240187,7.237320,7.246536,0.003743,0.439100,3.504900,2.628900,0.582500,425.612598,4.984194,2.092125,890.434794,0.000001,0.000000,true
2048,2048,3,sobel,cuda_naive_global_memory,"NVIDIA GeForce RTX 4070 Laptop GPU",8,8,5,75497472,36.136580,35.364400,37.335600,0.684123,0.119194,0.118784,0.120832,0.000819,7.268094,7.267684,7.269732,0.000819,0.376800,3.510300,2.632300,0.629500,303.175498,4.971948,2.089226,633.402045,0.000000,0.000000,true
2048,2048,3,sobel,cuda_shared_memory_tiled,"NVIDIA GeForce RTX 4070 Laptop GPU",8,8,5,75497472,36.136580,35.364400,37.335600,0.684123,0.135155,0.134144,0.136192,0.000916,8.076255,8.075244,8.077292,0.000916,0.331500,3.504000,3.518900,0.586700,267.371003,4.474423,2.089226,558.598373,0.000000,0.000000,true
2048,2048,3,sobel,cuda_shared_constant_filter,"NVIDIA GeForce RTX 4070 Laptop GPU",8,8,5,75497472,36.136580,35.364400,37.335600,0.684123,0.128205,0.128000,0.129024,0.000410,7.333605,7.333400,7.334424,0.000410,0.326300,3.498500,2.680800,0.699800,281.866035,4.927533,2.089226,588.881768,0.000000,0.000000,true
2048,2048,3,sobel,cuda_multi_output,"NVIDIA GeForce RTX 4070 Laptop GPU",8,8,5,75497472,36.136580,35.364400,37.335600,0.684123,0.111411,0.110592,0.112640,0.001003,7.258111,7.257292,7.259340,0.001003,0.321100,3.543400,2.630300,0.651900,324.353206,4.978786,2.089226,677.647056,0.000000,0.000000,true
2048,2048,3,sobel,cuda_register_tiled,"NVIDIA GeForce RTX 4070 Laptop GPU",8,8,5,75497472,36.136580,35.364400,37.335600,0.684123,0.105248,0.102304,0.113664,0.004280,5.403548,5.400604,5.411964,0.004280,0.392200,2.910900,1.410400,0.584800,343.346958,6.687565,2.089226,717.329291,0.000000,0.000000,true
2048,2048,3,sobel,cuda_naive_global_memory,"NVIDIA GeForce RTX 4070 Laptop GPU",16,16,5,75497472,36.136580,35.364400,37.335600,0.684123,0.116531,0.115712,0.117760,0.001003,5.123531,5.122712,5.124760,0.001003,0.246100,2.672500,1.354000,0.734400,310.102181,7.053061,2.089226,647.873450,0.000000,0.000000,true
2048,2048,3,sobel,cuda_shared_memory_tiled,"NVIDIA GeForce RTX 4070 Laptop GPU",16,16,5,75497472,36.136580,35.364400,37.335600,0.684123,0.134477,0.133120,0.136032,0.000975,5.185577,5.184220,5.187132,0.000975,0.274000,2.596200,1.537900,0.643000,268.719811,6.968671,2.089226,561.416339,0.000000,0.000000,true
2048,2048,3,sobel,cuda_shared_constant_filter,"NVIDIA GeForce RTX 4070 Laptop GPU",16,16,5,75497472,36.136580,35.364400,37.335600,0.684123,0.123290,0.121856,0.124928,0.001044,4.902090,4.900656,4.903728,0.001044,0.340500,2.499800,1.380600,0.557900,293.103237,7.371669,2.089226,612.358819,0.000000,0.000000,true
2048,2048,3,sobel,cuda_multi_output,"NVIDIA GeForce RTX 4070 Laptop GPU",16,16,5,75497472,36.136580,35.364400,37.335600,0.684123,0.103616,0.103360,0.104448,0.000417,4.946016,4.945760,4.946848,0.000417,0.387600,2.453700,1.364200,0.636900,348.754833,7.306200,2.089226,728.627564,0.000000,0.000000,true
2048,2048,3,sobel,cuda_register_tiled,"NVIDIA GeForce RTX 4070 Laptop GPU",16,16,5,75497472,36.136580,35.364400,37.335600,0.684123,0.088883,0.087040,0.093184,0.002281,4.986883,4.985040,4.991184,0.002281,0.380500,2.399400,1.469300,0.648800,406.562544,7.246326,2.089226,849.400919,0.000000,0.000000,true
2048,2048,3,sobel,cuda_naive_global_memory,"NVIDIA GeForce RTX 4070 Laptop GPU",32,8,5,75497472,36.136580,35.364400,37.335600,0.684123,0.120218,0.118784,0.121856,0.001044,4.878718,4.877284,4.880356,0.001044,0.339900,2.464800,1.393900,0.559900,300.593086,7.406983,2.089226,628.006804,0.000000,0.000000,true
2048,2048,3,sobel,cuda_shared_memory_tiled,"NVIDIA GeForce RTX 4070 Laptop GPU",32,8,5,75497472,36.136580,35.364400,37.335600,0.684123,0.135130,0.134144,0.137216,0.001267,5.373130,5.372144,5.375216,0.001267,0.283000,2.637900,1.435600,0.881500,267.421650,6.725425,2.089226,558.704186,0.000000,0.000000,true
2048,2048,3,sobel,cuda_shared_constant_filter,"NVIDIA GeForce RTX 4070 Laptop GPU",32,8,5,75497472,36.136580,35.364400,37.335600,0.684123,0.129779,0.123776,0.140224,0.005556,5.090879,5.084876,5.101324,0.005556,0.360000,2.507300,1.418600,0.675200,278.446626,7.098298,2.089226,581.737850,0.000000,0.000000,true
2048,2048,3,sobel,cuda_multi_output,"NVIDIA GeForce RTX 4070 Laptop GPU",32,8,5,75497472,36.136580,35.364400,37.335600,0.684123,0.104038,0.103424,0.105472,0.000819,5.352638,5.352024,5.354072,0.000819,0.266400,2.698500,1.512800,0.770900,347.338874,6.751172,2.089226,725.669306,0.000000,0.000000,true
2048,2048,3,sobel,cuda_register_tiled,"NVIDIA GeForce RTX 4070 Laptop GPU",32,8,5,75497472,36.136580,35.364400,37.335600,0.684123,0.084774,0.080896,0.097280,0.006265,5.005174,5.001296,5.017680,0.006265,0.352100,2.525000,1.440300,0.603000,426.267606,7.219844,2.089226,890.569241,0.000000,0.000000,true
2048,2048,3,sobel,cuda_naive_global_memory,"NVIDIA GeForce RTX 4070 Laptop GPU",32,16,5,75497472,36.136580,35.364400,37.335600,0.684123,0.126758,0.125952,0.128000,0.000763,5.248958,5.248152,5.250200,0.000763,0.266200,2.637300,1.405100,0.813600,285.082324,6.884524,2.089226,595.601321,0.000000,0.000000,true
2048,2048,3,sobel,cuda_shared_memory_tiled,"NVIDIA GeForce RTX 4070 Laptop GPU",32,16,5,75497472,36.136580,35.364400,37.335600,0.684123,0.151757,0.147456,0.155648,0.003065,5.136157,5.131856,5.140048,0.003065,0.507900,2.398900,1.396500,0.681100,238.121649,7.035724,2.089226,497.489871,0.000000,0.000000,true
2048,2048,3,sobel,cuda_shared_constant_filter,"NVIDIA GeForce RTX 4070 Laptop GPU",32,16,5,75497472,36.136580,35.364400,37.335600,0.684123,0.132454,0.131936,0.133120,0.000546,5.407154,5.406636,5.407820,0.000546,0.255300,2.731100,1.458400,0.829900,272.822801,6.683105,2.089226,569.988411,0.000000,0.000000,true
2048,2048,3,sobel,cuda_multi_output,"NVIDIA GeForce RTX 4070 Laptop GPU",32,16,5,75497472,36.136580,35.364400,37.335600,0.684123,0.113248,0.108544,0.115712,0.002638,5.027448,5.022744,5.029912,0.002638,0.262100,2.607600,1.482500,0.562000,319.092431,7.187858,2.089226,666.656111,0.000000,0.000000,true
2048,2048,3,sobel,cuda_register_tiled,"NVIDIA GeForce RTX 4070 Laptop GPU",32,16,5,75497472,36.136580,35.364400,37.335600,0.684123,0.085811,0.084992,0.087040,0.000766,5.314111,5.313292,5.315340,0.000766,0.269100,2.686600,1.366800,0.905800,421.117294,6.800117,2.089226,879.809077,0.000000,0.000000,true
2048,2048,5,box,cuda_naive_global_memory,"NVIDIA GeForce RTX 4070 Laptop GPU",8,8,5,209715200,80.262020,78.817000,82.146400,1.255257,0.263712,0.263072,0.265120,0.000786,5.297712,5.297072,5.299120,0.000786,0.337900,2.589400,1.493000,0.613700,304.354819,15.150318,2.612882,795.243275,0.000000,0.000000,true
2048,2048,5,box,cuda_shared_memory_tiled,"NVIDIA GeForce RTX 4070 Laptop GPU",8,8,5,209715200,80.262020,78.817000,82.146400,1.255257,0.250880,0.243712,0.277504,0.013320,6.530780,6.523612,6.557404,0.013320,0.401400,3.856400,1.400400,0.621700,319.921959,12.289806,2.612882,835.918377,0.000000,0.000000,true
2048,2048,5,box,cuda_shared_constant_filter,"NVIDIA GeForce RTX 4070 Laptop GPU",8,8,5,209715200,80.262020,78.817000,82.146400,1.255257,0.213811,0.212992,0.216064,0.001194,6.257011,6.256192,6.259264,0.001194,0.348800,3.689300,1.398400,0.606700,375.387350,12.827533,2.612882,980.842908,0.000000,0.000000,true
2048,2048,5,box,cuda_multi_output,"NVIDIA GeForce RTX 4070 Laptop GPU",8,8,5,209715200,80.262020,78.817000,82.146400,1.255257,0.264806,0.263168,0.266240,0.001044,6.561806,6.560168,6.563240,0.001044,0.379100,3.729700,1.499400,0.688800,303.096984,12.231696,2.612882,791.956703,0.000000,0.000000,true
2048,2048,5,box,cuda_register_tiled,"NVIDIA GeForce RTX 4070 Laptop GPU",8,8,5,209715200,80.262020,78.817000,82.146400,1.255257,0.239616,0.238592,0.240640,0.000648,6.518216,6.517192,6.519240,0.000648,0.256900,2.779500,2.569600,0.672600,334.961016,12.313495,2.612882,875.213662,0.000000,0.000000,true
2048,2048,5,box,cuda_separable,"NVIDIA GeForce RTX 4070 Laptop GPU",8,8,5,83886080,80.262020,78.817000,82.146400,1.255257,0.231834,0.230400,0.235520,0.001899,6.090234,6.088800,6.093920,0.001899,0.391700,3.175100,1.414600,0.877000,346.205294,13.178808,1.045153,361.837454,0.000000,0.000000,true
2048,2048,5,box,cuda_naive_global_memory,"NVIDIA GeForce RTX 4070 Laptop GPU",16,16,5,209715200,80.262020,78.817000,82.146400,1.255257,0.238387,0.237568,0.239616,0.000766,7.303587,7.302768,7.304816,0.000766,0.320900,3.641100,2.468000,0.635200,336.687620,10.989397,2.612882,879.725074,0.000000,0.000000,true
2048,2048,5,box,cuda_shared_memory_tiled,"NVIDIA GeForce RTX 4070 Laptop GPU",16,16,5,209715200,80.262020,78.817000,82.146400,1.255257,0.257229,0.250880,0.277504,0.010166,6.645729,6.639380,6.666004,0.010166,0.263700,2.843900,2.628100,0.652800,312.025795,12.077234,2.612882,815.286632,0.000000,0.000000,true
2048,2048,5,box,cuda_shared_constant_filter,"NVIDIA GeForce RTX 4070 Laptop GPU",16,16,5,209715200,80.262020,78.817000,82.146400,1.255257,0.205197,0.203776,0.206848,0.001050,5.365597,5.364176,5.367248,0.001050,0.238500,2.804800,1.399400,0.717700,391.146552,14.958638,2.612882,1022.019847,0.000000,0.000000,true
2048,2048,5,box,cuda_multi_output,"NVIDIA GeForce RTX 4070 Laptop GPU",16,16,5,209715200,80.262020,78.817000,82.146400,1.255257,0.228557,0.226304,0.230400,0.001358,6.407257,6.405004,6.409100,0.001358,0.368600,3.827500,1.431900,0.550700,351.168817,12.526737,2.612882,917.562736,0.000000,0.000000,true
2048,2048,5,box,cuda_register_tiled,"NVIDIA GeForce RTX 4070 Laptop GPU",16,16,5,209715200,80.262020,78.817000,82.146400,1.255257,0.167936,0.166912,0.169984,0.001122,5.082536,5.081512,5.084584,0.001122,0.224100,2.741800,1.399000,0.549700,477.932188,15.791727,2.612882,1248.780486,0.000000,0.000000,true
2048,2048,5,box,cuda_separable,"NVIDIA GeForce RTX 4070 Laptop GPU",16,16,5,83886080,80.262020,78.817000,82.146400,1.255257,0.211763,0.210944,0.212992,0.000766,5.931563,5.930744,5.932792,0.000766,0.436100,2.943000,1.435700,0.905000,379.017789,13.531344,1.045153,396.131528,0.000000,0.000000,true
2048,2048,5,box,cuda_naive_global_memory,"NVIDIA GeForce RTX 4070 Laptop GPU",32,8,5,209715200,80.262020,78.817000,82.146400,1.255257,0.236339,0.235520,0.237568,0.000766,7.669239,7.668420,7.670468,0.000766,0.573300,2.587400,3.575300,0.696900,339.605191,10.465447,2.612882,887.348344,0.000000,0.000000,true
2048,2048,5,box,cuda_shared_memory_tiled,"NVIDIA GeForce RTX 4070 Laptop GPU",32,8,5,209715200,80.262020,78.817000,82.146400,1.255257,0.254566,0.253952,0.256000,0.000819,5.310266,5.309652,5.311700,0.000819,0.236300,2.684900,1.397600,0.736900,315.289133,15.114500,2.612882,823.813351,0.000000,0.000000,true
2048,2048,5,box,cuda_shared_constant_filter,"NVIDIA GeForce RTX 4070 Laptop GPU",32,8,5,209715200,80.262020,78.817000,82.146400,1.255257,0.209101,0.207872,0.210944,0.001003,5.206601,5.205372,5.208444,0.001003,0.240600,2.734100,1.399800,0.623000,383.843681,15.415436,2.612882,1002.938306,0.000000,0.000000,true
2048,2048,5,box,cuda_multi_output,"NVIDIA GeForce RTX 4070 Laptop GPU",32,8,5,209715200,80.262020,78.817000,82.146400,1.255257,0.225894,0.225280,0.227328,0.000819,5.158094,5.157480,5.159528,0.000819,0.354200,2.481600,1.383600,0.712800,355.307701,15.560402,2.612882,928.377151,0.000000,0.000000,true
2048,2048,5,box,cuda_register_tiled,"NVIDIA GeForce RTX 4070 Laptop GPU",32,8,5,209715200,80.262020,78.817000,82.146400,1.255257,0.168550,0.167936,0.168960,0.000502,6.300450,6.299836,6.300860,0.000502,0.358400,3.610300,1.396700,0.766500,476.190024,12.739092,2.612882,1244.228418,0.000000,0.000000,true
2048,2048,5,box,cuda_separable,"NVIDIA GeForce RTX 4070 Laptop GPU",32,8,5,83886080,80.262020,78.817000,82.146400,1.255257,0.212378,0.210944,0.214016,0.001229,5.882278,5.880844,5.883916,0.001229,0.284100,3.180500,1.399000,0.806300,377.921308,13.644718,1.045153,394.985537,0.000000,0.000000,true
2048,2048,5,box,cuda_naive_global_memory,"NVIDIA GeForce RTX 4070 Laptop GPU",32,16,5,209715200,80.262020,78.817000,82.146400,1.255257,0.260083,0.239584,0.339936,0.039929,5.112483,5.091984,5.192336,0.039929,0.334800,2.547400,1.405900,0.564300,308.601326,15.699224,2.612882,806.338899,0.000000,0.000000,true
2048,2048,5,box,cuda_shared_memory_tiled,"NVIDIA GeForce RTX 4070 Laptop GPU",32,16,5,209715200,80.262020,78.817000,82.146400,1.255257,0.269715,0.262112,0.295936,0.013127,5.240315,5.232712,5.266536,0.013127,0.297800,2.614700,1.396400,0.661700,297.580638,15.316258,2.612882,777.543139,0.000000,0.000000,true
2048,2048,5,box,cuda_shared_constant_filter,"NVIDIA GeForce RTX 4070 Laptop GPU",32,16,5,209715200,80.262020,78.817000,82.146400,1.255257,0.214835,0.209920,0.230400,0.007809,6.049235,6.044320,6.064800,0.007809,0.318900,2.518700,2.312400,0.684400,373.598089,13.268127,2.612882,976.167780,0.000000,0.000000,true
2048,2048,5,box,cuda_multi_output,"NVIDIA GeForce RTX 4070 Laptop GPU",32,16,5,209715200,80.262020,78.817000,82.146400,1.255257,0.230605,0.229376,0.231424,0.000766,5.195905,5.194676,5.196724,0.000766,0.343400,2.531600,1.396200,0.694100,348.050083,15.447169,2.612882,909.413852,0.000000,0.000000,true
2048,2048,5,box,cuda_register_tiled,"NVIDIA GeForce RTX 4070 Laptop GPU",32,16,5,209715200,80.262020,78.817000,82.146400,1.255257,0.172237,0.171008,0.174080,0.001194,7.066137,7.064908,7.067980,0.001194,0.394900,3.542000,2.324900,0.632100,465.998082,11.358685,2.612882,1217.598075,0.000000,0.000000,true
2048,2048,5,box,cuda_separable,"NVIDIA GeForce RTX 4070 Laptop GPU",32,16,5,83886080,80.262020,78.817000,82.146400,1.255257,0.218112,0.217088,0.219136,0.000648,6.941012,6.939988,6.942036,0.000648,0.543000,4.044600,1.397800,0.737500,367.985341,11.563446,1.045153,384.600932,0.000000,0.000000,true
2048,2048,5,gaussian,cuda_naive_global_memory,"NVIDIA GeForce RTX 4070 Laptop GPU",8,8,5,209715200,78.330100,76.980600,79.340300,0.817270,0.424346,0.422912,0.425984,0.001044,5.921946,5.920512,5.923584,0.001044,0.393700,3.063900,1.401200,0.638800,184.590343,13.227089,2.677326,494.208494,0.000000,0.000000,true
2048,2048,5,gaussian,cuda_shared_memory_tiled,"NVIDIA GeForce RTX 4070 Laptop GPU",8,8,5,209715200,78.330100,76.980600,79.340300,0.817270,0.395878,0.393216,0.399360,0.002109,6.951178,6.948516,6.954660,0.002109,0.361700,4.096100,1.427000,0.670500,197.864039,11.268607,2.677326,529.746502,0.000000,0.000000,true
2048,2048,5,gaussian,cuda_shared_constant_filter,"NVIDIA GeForce RTX 4070 Laptop GPU",8,8,5,209715200,78.330100,76.980600,79.340300,0.817270,0.342835,0.342016,0.344064,0.000766,6.608835,6.608016,6.610064,0.000766,0.247100,2.883800,2.368600,0.766500,228.477414,11.852331,2.677326,611.708483,0.000000,0.000000,true
2048,2048,5,gaussian,cuda_multi_output,"NVIDIA GeForce RTX 4070 Laptop GPU",8,8,5,209715200,78.330100,76.980600,79.340300,0.817270,0.426394,0.424960,0.428032,0.001044,5.868294,5.866860,5.869932,0.001044,0.331700,3.090000,1.459900,0.560300,183.703743,13.348020,2.677326,491.834776,0.000000,0.000000,true
2048,2048,5,gaussian,cuda_register_tiled,"NVIDIA GeForce RTX 4070 Laptop GPU",8,8,5,209715200,78.330100,76.980600,79.340300,0.817270,0.384205,0.382976,0.387072,0.001505,6.508005,6.506776,6.510872,0.001505,0.380700,3.761100,1.405200,0.576800,203.875902,12.035962,2.677326,545.842219,0.000000,0.000000,true
2048,2048,5,gaussian,cuda_separable,"NVIDIA GeForce RTX 4070 Laptop GPU",8,8,5,83886080,78.330100,76.980600,79.340300,0.817270,0.257427,0.257024,0.259040,0.000806,11.114127,11.113724,11.115740,0.000806,0.375900,3.293900,6.023300,1.163600,304.280599,7.047796,1.070930,325.863322,0.000000,0.000000,true
2048,2048,5,gaussian,cuda_naive_global_memory,"NVIDIA GeForce RTX 4070 Laptop GPU",16,16,5,209715200,78.330100,76.980600,79.340300,0.817270,0.396493,0.395264,0.397312,0.000766,5.481393,5.480164,5.482212,0.000766,0.368800,2.752800,1.409600,0.553700,197.557435,14.290182,2.677326,528.925624,0.000000,0.000000,true
2048,2048,5,gaussian,cuda_shared_memory_tiled,"NVIDIA GeForce RTX 4070 Laptop GPU",16,16,5,209715200,78.330100,76.980600,79.340300,0.817270,0.421683,0.420864,0.422912,0.000766,5.988083,5.987264,5.989312,0.000766,0.336700,3.251000,1.402700,0.576000,185.755803,13.080997,2.677326,497.328810,0.000000,0.000000,true
2048,2048,5,gaussian,cuda_shared_constant_filter,"NVIDIA GeForce RTX 4070 Laptop GPU",16,16,5,209715200,78.330100,76.980600,79.340300,0.817270,0.341811,0.340992,0.342016,0.000410,6.848611,6.847792,6.848816,0.000410,0.222700,2.928500,2.697200,0.658400,229.161882,11.437370,2.677326,613.541025,0.000000,0.000000,true
2048,2048,5,gaussian,cuda_multi_output,"NVIDIA GeForce RTX 4070 Laptop GPU",16,16,5,209715200,78.330100,76.980600,79.340300,0.817270,0.381542,0.379904,0.382976,0.001044,5.529142,5.527504,5.530576,0.001044,0.358400,2.762100,1.414300,0.612800,205.298548,14.166772,2.677326,549.651105,0.000000,0.000000,true
2048,2048,5,gaussian,cuda_register_tiled,"NVIDIA GeForce RTX 4070 Laptop GPU",16,16,5,209715200,78.330100,76.980600,79.340300,0.817270,0.283443,0.281600,0.286720,0.001986,7.094943,7.093100,7.098220,0.001986,0.331300,4.264700,1.650900,0.564600,276.352016,11.040272,2.677326,739.884392,0.000000,0.000000,true
2048,2048,5,gaussian,cuda_separable,"NVIDIA GeForce RTX 4070 Laptop GPU",16,16,5,83886080,78.330100,76.980600,79.340300,0.817270,0.260506,0.259072,0.261120,0.000819,6.549906,6.548472,6.550520,0.000819,0.599500,3.521600,1.402900,0.765400,300.684900,11.958966,1.070930,322.012580,0.000000,0.000000,true
2048,2048,5,gaussian,cuda_naive_global_memory,"NVIDIA GeForce RTX 4070 Laptop GPU",32,8,5,209715200,78.330100,76.980600,79.340300,0.817270,0.396083,0.395264,0.397312,0.000766,7.054383,7.053564,7.055612,0.000766,0.239400,3.952200,1.673900,0.792800,197.761733,11.103749,2.677326,529.472596,0.000000,0.000000,true
2048,2048,5,gaussian,cuda_shared_memory_tiled,"NVIDIA GeForce RTX 4070 Laptop GPU",32,8,5,209715200,78.330100,76.980600,79.340300,0.817270,0.426803,0.424960,0.428032,0.001003,7.107503,7.105660,7.108732,0.001003,0.247700,2.970000,2.591100,0.871900,183.527442,11.020762,2.677326,491.362762,0.000000,0.000000,true
2048,2048,5,gaussian,cuda_shared_constant_filter,"NVIDIA GeForce RTX 4070 Laptop GPU",32,8,5,209715200,78.330100,76.980600,79.340300,0.817270,0.348774,0.348160,0.350208,0.000819,5.737374,5.736760,5.738808,0.000819,0.247700,3.068500,1.402700,0.669700,224.586722,13.652604,2.677326,601.291832,0.000000,0.000000,true
2048,2048,5,gaussian,cuda_multi_output,"NVIDIA GeForce RTX 4070 Laptop GPU",32,8,5,209715200,78.330100,76.980600,79.340300,0.817270,0.391782,0.391168,0.392192,0.000502,16.124182,16.123568,16.124592,0.000502,11.917800,1.814000,1.438200,0.562400,199.932665,4.857927,2.677326,535.284889,0.000000,0.000000,true
2048,2048,5,gaussian,cuda_register_tiled,"NVIDIA GeForce RTX 4070 Laptop GPU",32,8,5,209715200,78.330100,76.980600,79.340300,0.817270,0.288973,0.287744,0.290816,0.001194,7.436973,7.435744,7.438816,0.001194,0.368000,3.756900,2.460800,0.562300,271.063925,10.532525,2.677326,725.726448,0.000000,0.000000,true
2048,2048,5,gaussian,cuda_separable,"NVIDIA GeForce RTX 4070 Laptop GPU",32,8,5,83886080,78.330100,76.980600,79.340300,0.817270,0.263782,0.263168,0.265216,0.000819,7.510782,7.510168,7.512216,0.000819,0.384300,3.490800,2.537000,0.834900,296.949683,10.429020,1.070930,318.012422,0.000000,0.000000,true
2048,2048,5,gaussian,cuda_naive_global_memory,"NVIDIA GeForce RTX 4070 Laptop GPU",32,16,5,209715200,78.330100,76.980600,79.340300,0.817270,0.412467,0.411648,0.413696,0.000766,5.921467,5.920648,5.922696,0.000766,0.330600,3.087400,1.405100,0.685900,189.906249,13.228157,2.677326,508.440907,0.000000,0.000000,true
2048,2048,5,gaussian,cuda_shared_memory_tiled,"NVIDIA GeForce RTX 4070 Laptop GPU",32,16,5,209715200,78.330100,76.980600,79.340300,0.817270,0.450970,0.450560,0.451584,0.000502,5.878370,5.877960,5.878984,0.000502,0.235500,3.058000,1.402500,0.731400,173.692637,13.325140,2.677326,465.031782,0.000000,0.000000,true
2048,2048,5,gaussian,cuda_shared_constant_filter,"NVIDIA GeForce RTX 4070 Laptop GPU",32,16,5,209715200,78.330100,76.980600,79.340300,0.817270,0.365158,0.359424,0.386048,0.010455,7.236158,7.230424,7.257048,0.010455,0.341600,4.061900,1.928900,0.538600,214.509924,10.824818,2.677326,574.312960,0.000000,0.000000,true
2048,2048,5,gaussian,cuda_multi_output,"NVIDIA GeForce RTX 4070 Laptop GPU",32,16,5,209715200,78.330100,76.980600,79.340300,0.817270,0.398336,0.397312,0.400384,0.001122,5.763336,5.762312,5.765384,0.001122,0.244300,3.077500,1.411100,0.632100,196.643289,13.591104,2.677326,526.478158,0.000000,0.000000,true
2048,2048,5,gaussian,cuda_register_tiled,"NVIDIA GeForce RTX 4070 Laptop GPU",32,16,5,209715200,78.330100,76.980600,79.340300,0.817270,0.291635,0.290816,0.292864,0.001003,5.684835,5.684016,5.686064,0.001003,0.236800,3.015000,1.404200,0.737200,268.589317,13.778781,2.677326,719.101115,0.000000,0.000000,true
2048,2048,5,gaussian,cuda_separable,"NVIDIA GeForce RTX 4070 Laptop GPU",32,16,5,83886080,78.330100,76.980600,79.340300,0.817270,0.275046,0.273408,0.277504,0.001389,6.492346,6.490708,6.494804,0.001389,0.367300,3.466700,1.402300,0.981000,284.788673,12.064991,1.070930,304.988829,0.000000,0.000000,true
2048,2048,5,sharpen,cuda_naive_global_memory,"NVIDIA GeForce RTX 4070 Laptop GPU",8,8,5,209715200,78.804960,77.600300,81.597800,1.435202,0.631194,0.562176,0.709632,0.062394,14.298094,14.229076,14.376532,0.062394,0.373900,6.834400,5.136600,1.322000,124.850695,5.511571,2.661193,332.251783,0.000001,0.000000,true
2048,2048,5,sharpen,cuda_shared_memory_tiled,"NVIDIA GeForce RTX 4070 Laptop GPU",8,8,5,209715200,78.804960,77.600300,81.597800,1.435202,0.643072,0.541696,0.719872,0.065450,14.246272,14.144896,14.323072,0.065450,0.238700,7.013100,5.129200,1.222200,122.544537,5.531620,2.661193,326.114651,0.000001,0.000000,true
2048,2048,5,sharpen,cuda_shared_constant_filter,"NVIDIA GeForce RTX 4070 Laptop GPU",8,8,5,209715200,78.804960,77.600300,81.597800,1.435202,0.603136,0.493568,0.705536,0.081558,14.335536,14.225968,14.437936,0.081558,0.252100,6.934500,5.191800,1.354000,130.658690,5.497176,2.661193,347.707978,0.000001,0.000000,true
2048,2048,5,sharpen,cuda_multi_output,"NVIDIA GeForce RTX 4070 Laptop GPU",8,8,5,209715200,78.804960,77.600300,81.597800,1.435202,0.679936,0.564224,0.736256,0.062523,14.591236,14.475524,14.647556,0.062523,0.238900,6.991900,5.178800,1.501700,115.900557,5.400842,2.661193,308.433739,0.000001,0.000000,true
2048,2048,5,sharpen,cuda_register_tiled,"NVIDIA GeForce RTX 4070 Laptop GPU",8,8,5,209715200,78.804960,77.600300,81.597800,1.435202,0.647987,0.518144,0.722944,0.085746,16.083187,15.953344,16.158144,0.085746,0.266200,6.982100,6.838600,1.348300,121.614993,4.899835,2.661193,323.640955,0.000001,0.000000,true
2048,2048,5,sharpen,cuda_naive_global_memory,"NVIDIA GeForce RTX 4070 Laptop GPU",16,16,5,209715200,78.804960,77.600300,81.597800,1.435202,0.610918,0.507904,0.702464,0.071250,14.954318,14.851304,15.045864,0.071250,0.266600,6.986900,5.273700,1.816200,128.994251,5.269713,2.661193,343.278584,0.000001,0.000000,true
2048,2048,5,sharpen,cuda_shared_memory_tiled,"NVIDIA GeForce RTX 4070 Laptop GPU",16,16,5,209715200,78.804960,77.600300,81.597800,1.435202,0.616243,0.455680,0.912384,0.174272,11.322243,11.161680,11.618384,0.174272,0.262900,6.923800,2.860500,0.658800,127.879643,6.960190,2.661193,340.312399,0.000001,0.000000,true
2048,2048,5,sharpen,cuda_shared_constant_filter,"NVIDIA GeForce RTX 4070 Laptop GPU",16,16,5,209715200,78.804960,77.600300,81.597800,1.435202,0.377037,0.369664,0.403456,0.013231,7.125537,7.118164,7.151956,0.013231,0.422900,4.119200,1.401700,0.804700,209.011320,11.059512,2.661193,556.219440,0.000001,0.000000,true
2048,2048,5,sharpen,cuda_multi_output,"NVIDIA GeForce RTX 4070 Laptop GPU",16,16,5,209715200,78.804960,77.600300,81.597800,1.435202,0.421888,0.415744,0.443392,0.010779,7.924688,7.918544,7.946192,0.010779,0.257800,3.740700,2.696600,0.807700,186.791184,9.944235,2.661193,497.087372,0.000001,0.000000,true
2048,2048,5,sharpen,cuda_register_tiled,"NVIDIA GeForce RTX 4070 Laptop GPU",16,16,5,209715200,78.804960,77.600300,81.597800,1.435202,0.304742,0.304128,0.306176,0.000819,5.629242,5.628628,5.630676,0.000819,0.250500,3.031800,1.404200,0.638000,258.595329,13.999212,2.661193,688.172052,0.000001,0.000000,true
2048,2048,5,sharpen,cuda_naive_global_memory,"NVIDIA GeForce RTX 4070 Laptop GPU",32,8,5,209715200,78.804960,77.600300,81.597800,1.435202,0.430490,0.429056,0.432128,0.001044,6.716690,6.715256,6.718328,0.001044,0.329000,3.992700,1.402900,0.561600,183.058917,11.732708,2.661193,487.155091,0.000001,0.000000,true
2048,2048,5,sharpen,cuda_shared_memory_tiled,"NVIDIA GeForce RTX 4070 Laptop GPU",32,8,5,209715200,78.804960,77.600300,81.597800,1.435202,0.463667,0.462848,0.464896,0.000766,7.829667,7.828848,7.830896,0.000766,0.225400,3.912000,2.560700,0.667900,169.960180,10.064918,2.661193,452.296824,0.000001,0.000000,true
2048,2048,5,sharpen,cuda_shared_constant_filter,"NVIDIA GeForce RTX 4070 Laptop GPU",32,8,5,209715200,78.804960,77.600300,81.597800,1.435202,0.378880,0.376832,0.382976,0.002335,8.928180,8.926132,8.932276,0.002335,0.627400,3.560000,3.711500,0.650400,207.994510,8.826542,2.661193,553.513513,0.000001,0.000000,true
2048,2048,5,sharpen,cuda_multi_output,"NVIDIA GeForce RTX 4070 Laptop GPU",32,8,5,209715200,78.804960,77.600300,81.597800,1.435202,0.414515,0.413696,0.415744,0.001003,7.654715,7.653896,7.655944,0.001003,0.241300,3.879700,2.503700,0.615500,190.113560,10.294957,2.661193,505.928857,0.000001,0.000000,true
2048,2048,5,sharpen,cuda_register_tiled,"NVIDIA GeForce RTX 4070 Laptop GPU",32,8,5,209715200,78.804960,77.600300,81.597800,1.435202,0.305152,0.304128,0.306176,0.000916,6.158552,6.157528,6.159576,0.000916,0.336200,3.626500,1.405300,0.485400,258.248218,12.796021,2.661193,687.248324,0.000001,0.000000,true
2048,2048,5,sharpen,cuda_naive_global_memory,"NVIDIA GeForce RTX 4070 Laptop GPU",32,16,5,209715200,78.804960,77.600300,81.597800,1.435202,0.436224,0.435200,0.437248,0.000648,7.156924,7.155900,7.157948,0.000648,0.224700,3.103600,2.690100,0.702300,180.652506,11.011010,2.661193,480.751165,0.000001,0.000000,true
2048,2048,5,sharpen,cuda_shared_memory_tiled,"NVIDIA GeForce RTX 4070 Laptop GPU",32,16,5,209715200,78.804960,77.600300,81.597800,1.435202,0.478003,0.477184,0.479232,0.000766,7.732403,7.731584,7.733632,0.000766,0.254200,3.590400,2.610400,0.799400,164.862828,10.191522,2.661193,438.731787,0.000001,0.000000,true
2048,2048,5,sharpen,cuda_shared_constant_filter,"NVIDIA GeForce RTX 4070 Laptop GPU",32,16,5,209715200,78.804960,77.600300,81.597800,1.435202,0.379290,0.377856,0.380928,0.001044,6.169790,6.168356,6.171428,0.001044,0.318000,3.456200,1.405500,0.610800,207.769896,12.772714,2.661193,552.915771,0.000001,0.000000,true
2048,2048,5,sharpen,cuda_multi_output,"NVIDIA GeForce RTX 4070 Laptop GPU",32,16,5,209715200,78.804960,77.600300,81.597800,1.435202,0.422093,0.420864,0.424960,0.001505,7.723793,7.722564,7.726660,0.001505,0.242100,3.897300,2.573600,0.588700,186.700560,10.202884,2.661193,496.846204,0.000001,0.000000,true
2048,2048,5,sharpen,cuda_register_tiled,"NVIDIA GeForce RTX 4070 Laptop GPU",32,16,5,209715200,78.804960,77.600300,81.597800,1.435202,0.445030,0.308224,0.987136,0.271054,7.141930,7.005124,7.684036,0.271054,0.265500,3.013300,2.709000,0.709100,177.077700,11.034126,2.661193,471.237917,0.000001,0.000000,true
2048,2048,5,sobel,cuda_naive_global_memory,"NVIDIA GeForce RTX 4070 Laptop GPU",8,8,5,209715200,80.012080,78.115200,82.172900,1.300098,0.486195,0.484352,0.488448,0.001638,7.733195,7.731352,7.735448,0.001638,0.274800,3.227800,2.839800,0.904600,164.567813,10.346574,2.621044,431.339516,0.000000,0.000000,true
2048,2048,5,sobel,cuda_shared_memory_tiled,"NVIDIA GeForce RTX 4070 Laptop GPU",8,8,5,209715200,80.012080,78.115200,82.172900,1.300098,0.446874,0.445440,0.448512,0.001044,5.682874,5.681440,5.684512,0.001044,0.359600,2.908400,1.406800,0.561200,179.048572,14.079511,2.621044,469.294226,0.000000,0.000000,true
2048,2048,5,sobel,cuda_shared_constant_filter,"NVIDIA GeForce RTX 4070 Laptop GPU",8,8,5,209715200,80.012080,78.115200,82.172900,1.300098,0.389325,0.388096,0.390144,0.001003,5.739925,5.738696,5.740744,0.001003,0.235100,3.090000,1.416900,0.608600,205.514986,13.939569,2.621044,538.663866,0.000000,0.000000,true
2048,2048,5,sobel,cuda_multi_output,"NVIDIA GeForce RTX 4070 Laptop GPU",8,8,5,209715200,80.012080,78.115200,82.172900,1.300098,0.487014,0.485376,0.488448,0.001229,8.459614,8.457976,8.461048,0.001229,0.363000,4.085500,2.711600,0.812500,164.290994,9.458124,2.621044,430.613960,0.000000,0.000000,true
2048,2048,5,sobel,cuda_register_tiled,"NVIDIA GeForce RTX 4070 Laptop GPU",8,8,5,209715200,80.012080,78.115200,82.172900,1.300098,0.436838,0.436224,0.438272,0.000819,5.823238,5.822624,5.824672,0.000819,0.256100,3.054600,1.408000,0.667700,183.161734,13.740135,2.621044,480.075005,0.000000,0.000000,true
2048,2048,5,sobel,cuda_naive_global_memory,"NVIDIA GeForce RTX 4070 Laptop GPU",16,16,5,209715200,80.012080,78.115200,82.172900,1.300098,0.432128,0.430080,0.434176,0.001448,8.979928,8.977880,8.981976,0.001448,0.369600,3.242100,4.198600,0.737500,185.158286,8.910103,2.621044,485.308057,0.000000,0.000000,true
2048,2048,5,sobel,cuda_shared_memory_tiled,"NVIDIA GeForce RTX 4070 Laptop GPU",16,16,5,209715200,80.012080,78.115200,82.172900,1.300098,0.457114,0.455680,0.460800,0.001899,7.028614,7.027180,7.032300,0.001899,0.372300,4.142000,1.403500,0.653700,175.037627,11.383764,2.621044,458.781362,0.000000,0.000000,true
2048,2048,5,sobel,cuda_shared_constant_filter,"NVIDIA GeForce RTX 4070 Laptop GPU",16,16,5,209715200,80.012080,78.115200,82.172900,1.300098,0.369869,0.369664,0.370688,0.000410,6.890169,6.889964,6.890988,0.000410,0.259300,3.191200,2.316500,0.753300,216.325567,11.612499,2.621044,566.998879,0.000000,0.000000,true
2048,2048,5,sobel,cuda_multi_output,"NVIDIA GeForce RTX 4070 Laptop GPU",16,16,5,209715200,80.012080,78.115200,82.172900,1.300098,0.414106,0.412672,0.414720,0.000819,6.996306,6.994872,6.996920,0.000819,0.401400,2.861200,2.636500,0.683100,193.216609,11.436333,2.621044,506.429278,0.000000,0.000000,true
2048,2048,5,sobel,cuda_register_tiled,"NVIDIA GeForce RTX 4070 Laptop GPU",16,16,5,209715200,80.012080,78.115200,82.172900,1.300098,0.305152,0.304128,0.307200,0.001122,6.925852,6.924828,6.927900,0.001122,0.293400,4.240200,1.405900,0.681200,262.204017,11.552670,2.621044,687.248324,0.000000,0.000000,true
2048,2048,5,sobel,cuda_naive_global_memory,"NVIDIA GeForce RTX 4070 Laptop GPU",32,8,5,209715200,80.012080,78.115200,82.172900,1.300098,0.429875,0.429056,0.431104,0.000766,6.587775,6.586956,6.589004,0.000766,0.237600,3.129000,2.068800,0.722500,186.128627,12.145539,2.621044,487.851363,0.000000,0.000000,true
2048,2048,5,sobel,cuda_shared_memory_tiled,"NVIDIA GeForce RTX 4070 Laptop GPU",32,8,5,209715200,80.012080,78.115200,82.172900,1.300098,0.462848,0.461824,0.463872,0.000916,7.149348,7.148324,7.150372,0.000916,0.240500,3.064500,2.547300,0.834200,172.869021,11.191521,2.621044,453.097349,0.000000,0.000000,true
2048,2048,5,sobel,cuda_shared_constant_filter,"NVIDIA GeForce RTX 4070 Laptop GPU",32,8,5,209715200,80.012080,78.115200,82.172900,1.300098,0.378061,0.376832,0.379904,0.001003,5.823561,5.822332,5.825404,0.001003,0.378200,2.906000,1.406600,0.754700,211.638131,13.739374,2.621044,554.712902,0.000000,0.000000,true
2048,2048,5,sobel,cuda_multi_output,"NVIDIA GeForce RTX 4070 Laptop GPU",32,8,5,209715200,80.012080,78.115200,82.172900,1.300098,0.413696,0.412672,0.414720,0.000916,7.139996,7.138972,7.141020,0.000916,0.242100,3.152900,2.472300,0.859000,193.407912,11.206180,2.621044,506.930689,0.000000,0.000000,true
2048,2048,5,sobel,cuda_register_tiled,"NVIDIA GeForce RTX 4070 Laptop GPU",32,8,5,209715200,80.012080,78.115200,82.172900,1.300098,0.305152,0.304128,0.306176,0.000916,5.772052,5.771028,5.773076,0.000916,0.301700,3.194300,1.405400,0.565500,262.204017,13.861982,2.621044,687.248324,0.000000,0.000000,true
2048,2048,5,sobel,cuda_naive_global_memory,"NVIDIA GeForce RTX 4070 Laptop GPU",32,16,5,209715200,80.012080,78.115200,82.172900,1.300098,0.436019,0.435200,0.436224,0.000410,6.717019,6.716200,6.717224,0.000410,0.235800,3.021400,2.449100,0.574700,183.505859,11.911843,2.621044,480.976971,0.000000,0.000000,true
2048,2048,5,sobel,cuda_shared_memory_tiled,"NVIDIA GeForce RTX 4070 Laptop GPU",32,16,5,209715200,80.012080,78.115200,82.172900,1.300098,0.476160,0.475136,0.477184,0.000648,5.793060,5.792036,5.794084,0.000648,0.235400,3.096700,1.422300,0.562500,168.036124,13.811713,2.621044,440.430111,0.000000,0.000000,true
2048,2048,5,sobel,cuda_shared_constant_filter,"NVIDIA GeForce RTX 4070 Laptop GPU",32,16,5,209715200,80.012080,78.115200,82.172900,1.300098,0.379290,0.377856,0.380928,0.001044,6.589190,6.587756,6.590828,0.001044,0.334000,3.277400,1.927300,0.671200,210.952477,12.142932,2.621044,552.915771,0.000000,0.000000,true
2048,2048,5,sobel,cuda_multi_output,"NVIDIA GeForce RTX 4070 Laptop GPU",32,16,5,209715200,80.012080,78.115200,82.172900,1.300098,0.422298,0.420864,0.422912,0.000819,7.114198,7.112764,7.114812,0.000819,0.248200,3.084100,2.589100,0.770500,189.468471,11.246817,2.621044,496.605241,0.000000,0.000000,true
2048,2048,5,sobel,cuda_register_tiled,"NVIDIA GeForce RTX 4070 Laptop GPU",32,16,5,209715200,80.012080,78.115200,82.172900,1.300098,0.308224,0.307200,0.309248,0.000916,5.662224,5.661200,5.663248,0.000916,0.236300,3.041400,1.403000,0.673300,259.590683,14.130857,2.621044,680.398661,0.000000,0.000000,true
2048,2048,7,box,cuda_naive_global_memory,"NVIDIA GeForce RTX 4070 Laptop GPU",8,8,5,411041792,148.980320,145.753000,152.138000,2.149850,1.524736,1.521664,1.526784,0.002148,9.769436,9.766364,9.771484,0.002148,0.419600,4.204200,2.773900,0.847000,97.708928,15.249634,2.759034,269.582270,0.000000,0.000000,true
2048,2048,7,box,cuda_shared_memory_tiled,"NVIDIA GeForce RTX 4070 Laptop GPU",8,8,5,411041792,148.980320,145.753000,152.138000,2.149850,1.376870,1.371136,1.380352,0.003212,9.692770,9.687036,9.696252,0.003212,0.372100,4.161400,3.068500,0.713900,108.202138,15.370252,2.759034,298.533394,0.000000,0.000000,true
2048,2048,7,box,cuda_shared_constant_filter,"NVIDIA GeForce RTX 4070 Laptop GPU",8,8,5,411041792,148.980320,145.753000,152.138000,2.149850,0.929587,0.926720,0.933888,0.003133,9.145187,9.142320,9.149488,0.003133,0.402000,4.576500,2.642100,0.595000,160.265028,16.290571,2.759034,442.176687,0.000000,0.000000,true
2048,2048,7,box,cuda_multi_output,"NVIDIA GeForce RTX 4070 Laptop GPU",8,8,5,411041792,148.980320,145.753000,152.138000,2.149850,1.607066,1.604608,1.609728,0.001785,9.921966,9.919508,9.924628,0.001785,0.354200,4.510200,2.643500,0.807000,92.703323,15.015202,2.759034,255.771635,0.000000,0.000000,true
2048,2048,7,box,cuda_register_tiled,"NVIDIA GeForce RTX 4070 Laptop GPU",8,8,5,411041792,148.980320,145.753000,152.138000,2.149850,1.447526,1.437696,1.474560,0.013854,9.700726,9.690896,9.727760,0.013854,0.316900,4.491800,2.662900,0.781600,102.920623,15.357646,2.759034,283.961515,0.000000,0.000000,true
2048,2048,7,box,cuda_separable,"NVIDIA GeForce RTX 4070 Laptop GPU",8,8,5,117440512,148.980320,145.753000,152.138000,2.149850,0.573850,0.572416,0.576512,0.001389,9.551250,9.549816,9.553912,0.001389,0.401100,5.021100,2.682800,0.872400,259.615618,15.597993,0.788295,204.653816,0.000000,0.000000,true
2048,2048,7,box,cuda_naive_global_memory,"NVIDIA GeForce RTX 4070 Laptop GPU",16,16,5,411041792,148.980320,145.753000,152.138000,2.149850,1.267098,1.265664,1.269760,0.001533,9.794398,9.792964,9.797060,0.001533,0.382100,4.622100,2.724500,0.798600,117.576042,15.210769,2.759034,324.396317,0.000000,0.000000,true
2048,2048,7,box,cuda_shared_memory_tiled,"NVIDIA GeForce RTX 4070 Laptop GPU",16,16,5,411041792,148.980320,145.753000,152.138000,2.149850,1.343693,1.342464,1.344512,0.000766,9.606193,9.604964,9.607012,0.000766,0.341700,4.203500,2.775400,0.941900,110.873797,15.508779,2.759034,305.904592,0.000000,0.000000,true
2048,2048,7,box,cuda_shared_constant_filter,"NVIDIA GeForce RTX 4070 Laptop GPU",16,16,5,411041792,148.980320,145.753000,152.138000,2.149850,0.900506,0.892928,0.925696,0.012618,8.957506,8.949928,8.982696,0.012618,0.262400,4.379700,2.705900,0.709000,165.440745,16.631898,2.759034,456.456668,0.000000,0.000000,true
2048,2048,7,box,cuda_multi_output,"NVIDIA GeForce RTX 4070 Laptop GPU",16,16,5,411041792,148.980320,145.753000,152.138000,2.149850,1.008845,1.007616,1.010688,0.001194,14.658545,14.657316,14.660388,0.001194,0.339100,6.768100,5.124400,1.418100,147.674167,10.163377,2.759034,407.438072,0.000000,0.000000,true
2048,2048,7,box,cuda_register_tiled,"NVIDIA GeForce RTX 4070 Laptop GPU",16,16,5,411041792,148.980320,145.753000,152.138000,2.149850,0.761651,0.760832,0.762880,0.000766,14.496451,14.495632,14.497680,0.000766,0.241600,6.944200,5.203600,1.345400,195.601762,10.277020,2.759034,539.671942,0.000000,0.000000,true
2048,2048,7,box,cuda_separable,"NVIDIA GeForce RTX 4070 Laptop GPU",16,16,5,117440512,148.980320,145.753000,152.138000,2.149850,2.504909,2.494464,2.512896,0.005950,17.902509,17.892064,17.910496,0.005950,0.615200,7.587000,5.517500,1.677900,59.475347,8.321757,0.788295,46.884147,0.000000,0.000000,true
2048,2048,7,box,cuda_naive_global_memory,"NVIDIA GeForce RTX 4070 Laptop GPU",32,8,5,411041792,148.980320,145.753000,152.138000,2.149850,1.024410,1.015808,1.051648,0.013656,14.708610,14.700008,14.735848,0.013656,0.240100,7.014800,5.197100,1.232200,145.430421,10.128783,2.759034,401.247499,0.000000,0.000000,true
2048,2048,7,box,cuda_shared_memory_tiled,"NVIDIA GeForce RTX 4070 Laptop GPU",32,8,5,411041792,148.980320,145.753000,152.138000,2.149850,1.089536,1.088512,1.090560,0.000916,15.265936,15.264912,15.266960,0.000916,0.363000,7.221700,5.137600,1.454100,136.737406,9.759003,2.759034,377.263175,0.000000,0.000000,true
2048,2048,7,box,cuda_shared_constant_filter,"NVIDIA GeForce RTX 4070 Laptop GPU",32,8,5,411041792,148.980320,145.753000,152.138000,2.149850,0.569139,0.563200,0.589824,0.010370,10.027239,10.021300,10.047924,0.010370,0.252300,5.708800,2.617300,0.879700,261.764290,14.857561,2.759034,722.216617,0.000000,0.000000,true
2048,2048,7,box,cuda_multi_output,"NVIDIA GeForce RTX 4070 Laptop GPU",32,8,5,411041792,148.980320,145.753000,152.138000,2.149850,0.766362,0.764928,0.769024,0.001533,6.803762,6.802328,6.806424,0.001533,0.264700,3.230500,2.027000,0.515200,194.399512,21.896758,2.759034,536.354894,0.000000,0.000000,true
2048,2048,7,box,cuda_register_tiled,"NVIDIA GeForce RTX 4070 Laptop GPU",32,8,5,411041792,148.980320,145.753000,152.138000,2.149850,0.579174,0.578560,0.580608,0.000819,7.769974,7.769360,7.771408,0.000819,0.331300,3.484100,2.682300,0.693100,257.228773,19.173850,2.759034,709.702971,0.000000,0.000000,true
2048,2048,7,box,cuda_separable,"NVIDIA GeForce RTX 4070 Laptop GPU",32,8,5,117440512,148.980320,145.753000,152.138000,2.149850,0.351437,0.350208,0.353280,0.001194,7.471637,7.470408,7.473480,0.001194,0.597000,4.434300,1.408100,0.680800,423.917807,19.939449,0.788295,334.172489,0.000000,0.000000,true
2048,2048,7,box,cuda_naive_global_memory,"NVIDIA GeForce RTX 4070 Laptop GPU",32,16,5,411041792,148.980320,145.753000,152.138000,2.149850,0.780698,0.779264,0.781312,0.000819,6.449498,6.448064,6.450112,0.000819,0.238900,3.156400,1.473700,0.799800,190.829744,23.099523,2.759034,526.505782,0.000000,0.000000,true
2048,2048,7,box,cuda_shared_memory_tiled,"NVIDIA GeForce RTX 4070 Laptop GPU",32,16,5,411041792,148.980320,145.753000,152.138000,2.149850,0.818381,0.816128,0.825344,0.003571,6.345681,6.343428,6.352644,0.003571,0.348800,3.025900,1.413700,0.738900,182.042783,23.477437,2.759034,502.262257,0.000000,0.000000,true
2048,2048,7,box,cuda_shared_constant_filter,"NVIDIA GeForce RTX 4070 Laptop GPU",32,16,5,411041792,148.980320,145.753000,152.138000,2.149850,0.562176,0.560128,0.565248,0.001943,7.945876,7.943828,7.948948,0.001943,0.363200,4.234700,2.210400,0.575400,265.006551,18.749389,2.759034,731.162127,0.000000,0.000000,true
2048,2048,7,box,cuda_multi_output,"NVIDIA GeForce RTX 4070 Laptop GPU",32,16,5,411041792,148.980320,145.753000,152.138000,2.149850,0.772301,0.771072,0.773120,0.000766,7.426201,7.424972,7.427020,0.000766,0.226900,3.204400,2.569500,0.653100,192.904531,20.061445,2.759034,532.230192,0.000000,0.000000,true
2048,2048,7,box,cuda_register_tiled,"NVIDIA GeForce RTX 4070 Laptop GPU",32,16,5,411041792,148.980320,145.753000,152.138000,2.149850,0.581837,0.579584,0.586752,0.002541,5.966437,5.964184,5.971352,0.002541,0.310200,3.057100,1.425500,0.591800,256.051728,24.969731,2.759034,706.455464,0.000000,0.000000,true
2048,2048,7,box,cuda_separable,"NVIDIA GeForce RTX 4070 Laptop GPU",32,16,5,117440512,148.980320,145.753000,152.138000,2.149850,0.380518,0.379904,0.381952,0.000819,7.063118,7.062504,7.064552,0.000819,0.637300,3.699600,1.407000,0.938700,391.519358,21.092712,0.788295,308.632938,0.000000,0.000000,true
2048,2048,7,gaussian,cuda_naive_global_memory,"NVIDIA GeForce RTX 4070 Laptop GPU",8,8,5,411041792,149.528380,148.526400,151.276300,1.023722,0.971571,0.970752,0.972800,0.000766,7.643171,7.642352,7.644400,0.000766,0.287500,3.247900,2.512500,0.623700,153.903676,19.563657,2.748922,423.069137,0.000000,0.000000,true
2048,2048,7,gaussian,cuda_shared_memory_tiled,"NVIDIA GeForce RTX 4070 Laptop GPU",8,8,5,411041792,149.528380,148.526400,151.276300,1.023722,0.834970,0.833536,0.836608,0.001044,6.892470,6.891036,6.894108,0.001044,0.377800,3.708000,1.424100,0.547600,179.082426,21.694456,2.748922,492.283546,0.000000,0.000000,true
2048,2048,7,gaussian,cuda_shared_constant_filter,"NVIDIA GeForce RTX 4070 Laptop GPU",8,8,5,411041792,149.528380,148.526400,151.276300,1.023722,0.566477,0.565248,0.568320,0.001194,6.887177,6.885948,6.889020,0.001194,0.389900,3.886100,1.408500,0.636200,263.962050,21.711128,2.748922,725.610978,0.000000,0.000000,true
2048,2048,7,gaussian,cuda_multi_output,"NVIDIA GeForce RTX 4070 Laptop GPU",8,8,5,411041792,149.528380,148.526400,151.276300,1.023722,0.976282,0.974848,0.977920,0.001044,8.364782,8.363348,8.366420,0.001044,0.362200,5.042100,1.423600,0.560600,153.161119,17.875946,2.748922,421.027907,0.000000,0.000000,true
2048,2048,7,gaussian,cuda_register_tiled,"NVIDIA GeForce RTX 4070 Laptop GPU",8,8,5,411041792,149.528380,148.526400,151.276300,1.023722,0.874291,0.872448,0.875520,0.001003,7.748291,7.746448,7.749520,0.001003,0.313000,3.071600,2.569800,0.919600,171.028121,19.298240,2.748922,470.142894,0.000000,0.000000,true
2048,2048,7,gaussian,cuda_separable,"NVIDIA GeForce RTX 4070 Laptop GPU",8,8,5,117440512,149.528380,148.526400,151.276300,1.023722,0.365773,0.364544,0.366592,0.000766,7.889173,7.887944,7.889992,0.000766,0.386900,3.747400,2.616600,0.772500,408.801254,18.953620,0.785406,321.075027,0.000000,0.000000,true
2048,2048,7,gaussian,cuda_naive_global_memory,"NVIDIA GeForce RTX 4070 Laptop GPU",16,16,5,411041792,149.528380,148.526400,151.276300,1.023722,0.776806,0.773120,0.786432,0.004872,7.613806,7.610120,7.623432,0.004872,0.372600,4.351300,1.407200,0.705900,192.491179,19.639110,2.748922,529.143157,0.000000,0.000000,true
2048,2048,7,gaussian,cuda_shared_memory_tiled,"NVIDIA GeForce RTX 4070 Laptop GPU",16,16,5,411041792,149.528380,148.526400,151.276300,1.023722,0.815514,0.815104,0.816128,0.000502,7.226414,7.226004,7.227028,0.000502,0.430900,3.906400,1.415600,0.658000,183.354855,20.691921,2.748922,504.028120,0.000000,0.000000,true
2048,2048,7,gaussian,cuda_shared_constant_filter,"NVIDIA GeForce RTX 4070 Laptop GPU",16,16,5,411041792,149.528380,148.526400,151.276300,1.023722,0.550093,0.548864,0.551936,0.001003,7.403093,7.401864,7.404936,0.001003,0.232900,3.246600,2.564700,0.808800,271.823916,20.198096,2.748922,747.222630,0.000000,0.000000,true
2048,2048,7,gaussian,cuda_multi_output,"NVIDIA GeForce RTX 4070 Laptop GPU",16,16,5,411041792,149.528380,148.526400,151.276300,1.023722,0.768614,0.764928,0.776192,0.003918,6.200614,6.196928,6.208192,0.003918,0.370400,3.051100,1.428800,0.581700,194.542777,24.115091,2.748922,534.782841,0.000000,0.000000,true
2048,2048,7,gaussian,cuda_register_tiled,"NVIDIA GeForce RTX 4070 Laptop GPU",16,16,5,411041792,149.528380,148.526400,151.276300,1.023722,0.578355,0.576512,0.580608,0.001358,6.493955,6.492112,6.496208,0.001358,0.331600,3.482600,1.409300,0.692100,258.540741,23.025779,2.748922,710.708224,0.000000,0.000000,true
2048,2048,7,gaussian,cuda_separable,"NVIDIA GeForce RTX 4070 Laptop GPU",16,16,5,117440512,149.528380,148.526400,151.276300,1.023722,0.346726,0.345088,0.348160,0.001044,8.267926,8.266288,8.269360,0.001044,0.446100,4.719900,1.851400,0.903800,431.257557,18.085355,0.785406,338.712345,0.000000,0.000000,true
2048,2048,7,gaussian,cuda_naive_global_memory,"NVIDIA GeForce RTX 4070 Laptop GPU",32,8,5,411041792,149.528380,148.526400,151.276300,1.023722,0.779878,0.773120,0.804864,0.012518,7.997578,7.990820,8.022564,0.012518,0.260400,3.683900,2.580800,0.692600,191.732944,18.696707,2.748922,527.058830,0.000000,0.000000,true
2048,2048,7,gaussian,cuda_shared_memory_tiled,"NVIDIA GeForce RTX 4070 Laptop GPU",32,8,5,411041792,149.528380,148.526400,151.276300,1.023722,0.830464,0.826368,0.842752,0.006246,6.458164,6.454068,6.470452,0.006246,0.235800,3.228200,1.437200,0.726500,180.054022,23.153389,2.748922,494.954388,0.000000,0.000000,true
2048,2048,7,gaussian,cuda_shared_constant_filter,"NVIDIA GeForce RTX 4070 Laptop GPU",32,8,5,411041792,149.528380,148.526400,151.276300,1.023722,0.562995,0.562176,0.564224,0.000766,7.796595,7.795776,7.797824,0.000766,0.308100,4.068900,2.287000,0.569600,265.594416,19.178677,2.748922,730.098224,0.000000,0.000000,true
2048,2048,7,gaussian,cuda_multi_output,"NVIDIA GeForce RTX 4070 Laptop GPU",32,8,5,411041792,149.528380,148.526400,151.276300,1.023722,0.765952,0.764928,0.769024,0.001586,7.449352,7.448328,7.452424,0.001586,0.358300,4.286800,1.428200,0.610100,195.218998,20.072669,2.748922,536.641717,0.000000,0.000000,true
2048,2048,7,gaussian,cuda_register_tiled,"NVIDIA GeForce RTX 4070 Laptop GPU",32,8,5,411041792,149.528380,148.526400,151.276300,1.023722,0.579174,0.578560,0.579584,0.000502,7.306474,7.305860,7.306884,0.000502,0.353800,3.075600,2.474200,0.823700,258.175051,20.465189,2.748922,709.702971,0.000000,0.000000,true
2048,2048,7,gaussian,cuda_separable,"NVIDIA GeForce RTX 4070 Laptop GPU",32,8,5,117440512,149.528380,148.526400,151.276300,1.023722,0.344883,0.343040,0.346112,0.001505,7.902183,7.900340,7.903412,0.001505,0.514500,4.810300,1.408000,0.824500,433.562373,18.922414,0.785406,340.522562,0.000000,0.000000,true
2048,2048,7,gaussian,cuda_naive_global_memory,"NVIDIA GeForce RTX 4070 Laptop GPU",32,16,5,411041792,149.528380,148.526400,151.276300,1.023722,0.779878,0.779264,0.780288,0.000502,7.134578,7.133964,7.134988,0.000502,0.213100,4.011100,1.411100,0.719400,191.732947,20.958264,2.748922,527.058838,0.000000,0.000000,true
2048,2048,7,gaussian,cuda_shared_memory_tiled,"NVIDIA GeForce RTX 4070 Laptop GPU",32,16,5,411041792,149.528380,148.526400,151.276300,1.023722,0.820019,0.815104,0.830464,0.005624,7.807619,7.802704,7.818064,0.005624,0.244900,3.253800,2.598400,0.890500,182.347411,19.151597,2.748922,501.258736,0.000000,0.000000,true
2048,2048,7,gaussian,cuda_shared_constant_filter,"NVIDIA GeForce RTX 4070 Laptop GPU",32,16,5,411041792,149.528380,148.526400,151.276300,1.023722,0.560742,0.560128,0.562176,0.000819,5.897542,5.896928,5.898976,0.000819,0.323100,3.020000,1.408500,0.585200,266.661458,25.354354,2.748922,733.031438,0.000000,0.000000,true
2048,2048,7,gaussian,cuda_multi_output,"NVIDIA GeForce RTX 4070 Laptop GPU",32,16,5,411041792,149.528380,148.526400,151.276300,1.023722,0.771891,0.771072,0.773120,0.000766,6.183191,6.182372,6.184420,0.000766,0.231100,3.204700,1.425200,0.550300,193.716918,24.183043,2.748922,532.512619,0.000000,0.000000,true
2048,2048,7,gaussian,cuda_register_tiled,"NVIDIA GeForce RTX 4070 Laptop GPU",32,16,5,411041792,149.528380,148.526400,151.276300,1.023722,0.582246,0.580608,0.583680,0.001044,7.242846,7.241208,7.244280,0.001044,0.361900,4.304300,1.407500,0.586900,256.812884,20.644975,2.748922,705.958481,0.000000,0.000000,true
2048,2048,7,gaussian,cuda_separable,"NVIDIA GeForce RTX 4070 Laptop GPU",32,16,5,117440512,149.528380,148.526400,151.276300,1.023722,0.375194,0.373760,0.377856,0.001533,7.739194,7.737760,7.741856,0.001533,0.435700,3.691500,2.195900,1.040900,398.536594,19.320925,0.785406,313.013099,0.000000,0.000000,true
2048,2048,7,sharpen,cuda_naive_global_memory,"NVIDIA GeForce RTX 4070 Laptop GPU",8,8,5,411041792,148.001760,145.817000,149.886300,1.318979,1.387930,1.382400,1.393664,0.004872,15.267030,15.261500,15.272764,0.004872,0.247300,7.049400,5.224100,1.358300,106.634918,9.694208,2.777276,296.154639,0.000001,0.000000,true
2048,2048,7,sharpen,cuda_shared_memory_tiled,"NVIDIA GeForce RTX 4070 Laptop GPU",8,8,5,411041792,148.001760,145.817000,149.886300,1.318979,1.277952,1.276928,1.281024,0.001586,17.429152,17.428128,17.432224,0.001586,0.353200,6.859200,7.305000,1.633800,115.811678,8.491621,2.777276,321.641037,0.000001,0.000000,true
2048,2048,7,sharpen,cuda_shared_constant_filter,"NVIDIA GeForce RTX 4070 Laptop GPU",8,8,5,411041792,148.001760,145.817000,149.886300,1.318979,0.865690,0.864256,0.867328,0.001044,14.583290,14.581856,14.584928,0.001044,0.250300,6.994700,5.184900,1.287700,170.964006,10.148723,2.777276,474.814296,0.000001,0.000000,true
2048,2048,7,sharpen,cuda_multi_output,"NVIDIA GeForce RTX 4070 Laptop GPU",8,8,5,411041792,148.001760,145.817000,149.886300,1.318979,1.497702,1.495040,1.499136,0.001533,15.129102,15.126440,15.130536,0.001533,0.315100,6.752300,5.194900,1.369100,98.819206,9.782587,2.777276,274.448246,0.000001,0.000000,true
2048,2048,7,sharpen,cuda_register_tiled,"NVIDIA GeForce RTX 4070 Laptop GPU",8,8,5,411041792,148.001760,145.817000,149.886300,1.318979,1.340211,1.338368,1.344512,0.002281,14.983611,14.981768,14.987912,0.002281,0.237600,6.967800,5.148600,1.289400,110.431669,9.877576,2.777276,306.699266,0.000001,0.000000,true
2048,2048,7,sharpen,cuda_naive_global_memory,"NVIDIA GeForce RTX 4070 Laptop GPU",16,16,5,411041792,148.001760,145.817000,149.886300,1.318979,1.180467,1.179648,1.181696,0.000766,15.510767,15.509948,15.511996,0.000766,0.257600,7.211700,5.250600,1.610400,125.375575,9.541872,2.777276,348.202623,0.000001,0.000000,true
2048,2048,7,sharpen,cuda_shared_memory_tiled,"NVIDIA GeForce RTX 4070 Laptop GPU",16,16,5,411041792,148.001760,145.817000,149.886300,1.318979,1.250714,1.246208,1.256448,0.004325,15.417414,15.412908,15.423148,0.004325,0.353200,7.413700,5.123100,1.276700,118.333855,9.599649,2.777276,328.645820,0.000001,0.000000,true
2048,2048,7,sharpen,cuda_shared_constant_filter,"NVIDIA GeForce RTX 4070 Laptop GPU",16,16,5,411041792,148.001760,145.817000,149.886300,1.318979,0.690790,0.628736,0.750592,0.047928,14.219190,14.157136,14.278992,0.047928,0.435500,6.813900,5.120000,1.159000,214.249879,10.408593,2.777276,595.031127,0.000001,0.000000,true
2048,2048,7,sharpen,cuda_multi_output,"NVIDIA GeForce RTX 4070 Laptop GPU",16,16,5,411041792,148.001760,145.817000,149.886300,1.318979,0.856474,0.855040,0.858112,0.001044,14.775674,14.774240,14.777312,0.001044,0.247400,6.892100,5.157600,1.622100,172.803643,10.016583,2.777276,479.923474,0.000001,0.000000,true
2048,2048,7,sharpen,cuda_register_tiled,"NVIDIA GeForce RTX 4070 Laptop GPU",16,16,5,411041792,148.001760,145.817000,149.886300,1.318979,0.689357,0.645120,0.744448,0.042490,14.717957,14.673720,14.773048,0.042490,0.385000,7.300500,5.117000,1.226100,214.695437,10.055863,2.777276,596.268565,0.000001,0.000000,true
2048,2048,7,sharpen,cuda_naive_global_memory,"NVIDIA GeForce RTX 4070 Laptop GPU",32,8,5,411041792,148.001760,145.817000,149.886300,1.318979,0.863846,0.863232,0.865280,0.000819,15.114346,15.113732,15.115780,0.000819,0.382000,7.453500,5.116300,1.298700,171.328790,9.792138,2.777276,475.827401,0.000001,0.000000,true
2048,2048,7,sharpen,cuda_shared_memory_tiled,"NVIDIA GeForce RTX 4070 Laptop GPU",32,8,5,411041792,148.001760,145.817000,149.886300,1.318979,0.925286,0.923648,0.926720,0.001229,15.215586,15.213948,15.217020,0.001229,0.261500,7.261600,5.498500,1.268700,159.952376,9.726984,2.777276,444.231955,0.000001,0.000000,true
2048,2048,7,sharpen,cuda_shared_constant_filter,"NVIDIA GeForce RTX 4070 Laptop GPU",32,8,5,411041792,148.001760,145.817000,149.886300,1.318979,0.698982,0.632832,0.750592,0.054230,14.448282,14.382132,14.499892,0.054230,0.430300,7.233400,5.117400,0.968200,211.738895,10.243554,2.777276,588.057433,0.000001,0.000000,true
2048,2048,7,sharpen,cuda_multi_output,"NVIDIA GeForce RTX 4070 Laptop GPU",32,8,5,411041792,148.001760,145.817000,149.886300,1.318979,0.675430,0.673792,0.680960,0.002793,6.122530,6.120892,6.128060,0.002793,0.305800,3.165800,1.408900,0.566600,219.122146,24.173299,2.777276,608.562761,0.000001,0.000000,true
2048,2048,7,sharpen,cuda_register_tiled,"NVIDIA GeForce RTX 4070 Laptop GPU",32,8,5,411041792,148.001760,145.817000,149.886300,1.318979,0.510566,0.508928,0.513024,0.001389,7.940266,7.938628,7.942724,0.001389,0.319000,3.908000,2.566200,0.636500,289.877594,18.639395,2.777276,805.070194,0.000001,0.000000,true
2048,2048,7,sharpen,cuda_naive_global_memory,"NVIDIA GeForce RTX 4070 Laptop GPU",32,16,5,411041792,148.001760,145.817000,149.886300,1.318979,0.686694,0.685056,0.688128,0.001044,7.067494,7.065856,7.068928,0.001044,0.219500,3.091500,2.413200,0.656600,215.527844,20.941192,2.777276,598.580390,0.000001,0.000000,true
2048,2048,7,sharpen,cuda_shared_memory_tiled,"NVIDIA GeForce RTX 4070 Laptop GPU",32,16,5,411041792,148.001760,145.817000,149.886300,1.318979,0.718438,0.717824,0.719872,0.000819,6.163238,6.162624,6.164672,0.000819,0.218400,3.011300,1.518300,0.696800,206.004805,24.013635,2.777276,572.132280,0.000001,0.000000,true
2048,2048,7,sharpen,cuda_shared_constant_filter,"NVIDIA GeForce RTX 4070 Laptop GPU",32,16,5,411041792,148.001760,145.817000,149.886300,1.318979,0.494797,0.493568,0.495616,0.001003,8.394997,8.393768,8.395816,0.001003,0.323200,4.166200,2.599700,0.811100,299.116247,17.629758,2.777276,830.728486,0.000001,0.000000,true
2048,2048,7,sharpen,cuda_multi_output,"NVIDIA GeForce RTX 4070 Laptop GPU",32,16,5,411041792,148.001760,145.817000,149.886300,1.318979,0.679731,0.678912,0.680960,0.000766,7.276831,7.276012,7.278060,0.000766,0.228200,3.054900,2.544400,0.769600,217.735720,20.338765,2.777276,604.712271,0.000001,0.000000,true
2048,2048,7,sharpen,cuda_register_tiled,"NVIDIA GeForce RTX 4070 Laptop GPU",32,16,5,411041792,148.001760,145.817000,149.886300,1.318979,0.512000,0.510976,0.514048,0.001122,5.898500,5.897476,5.900548,0.001122,0.231300,3.018900,1.404300,0.732000,289.065931,25.091423,2.777276,802.815981,0.000001,0.000000,true
2048,2048,7,sobel,cuda_naive_global_memory,"NVIDIA GeForce RTX 4070 Laptop GPU",8,8,5,411041792,148.070820,144.831600,149.858000,1.700017,0.855040,0.854016,0.856064,0.000648,6.265140,6.264116,6.266164,0.000648,0.248500,3.044500,1.439000,0.678100,173.174141,23.634080,2.775981,480.728136,0.000000,0.000000,true
2048,2048,7,sobel,cuda_shared_memory_tiled,"NVIDIA GeForce RTX 4070 Laptop GPU",8,8,5,411041792,148.070820,144.831600,149.858000,1.700017,0.736256,0.735232,0.737280,0.000916,7.343756,7.342732,7.344780,0.000916,0.378700,3.898600,1.737500,0.592700,201.113226,20.162819,2.775981,558.286506,0.000000,0.000000,true
2048,2048,7,sobel,cuda_shared_constant_filter,"NVIDIA GeForce RTX 4070 Laptop GPU",8,8,5,411041792,148.070820,144.831600,149.858000,1.700017,0.501146,0.499712,0.502784,0.001044,8.216246,8.214812,8.217884,0.001044,0.397900,4.017100,2.597500,0.702600,295.464671,18.021713,2.775981,820.204330,0.000000,0.000000,true
2048,2048,7,sobel,cuda_multi_output,"NVIDIA GeForce RTX 4070 Laptop GPU",8,8,5,411041792,148.070820,144.831600,149.858000,1.700017,0.859750,0.859136,0.861184,0.000819,6.170050,6.169436,6.171484,0.000819,0.236300,2.955200,1.402700,0.716100,172.225359,23.998316,2.775981,478.094336,0.000000,0.000000,true
2048,2048,7,sobel,cuda_register_tiled,"NVIDIA GeForce RTX 4070 Laptop GPU",8,8,5,411041792,148.070820,144.831600,149.858000,1.700017,0.770246,0.769024,0.773120,0.001506,6.510746,6.509524,6.513620,0.001506,0.332200,3.246700,1.416500,0.745100,192.238247,22.742526,2.775981,533.649734,0.000000,0.000000,true
2048,2048,7,sobel,cuda_naive_global_memory,"NVIDIA GeForce RTX 4070 Laptop GPU",16,16,5,411041792,148.070820,144.831600,149.858000,1.700017,0.681370,0.680960,0.683008,0.000819,5.834570,5.834160,5.836208,0.000819,0.307900,2.854700,1.403200,0.587400,217.313510,25.378191,2.775981,603.258188,0.000000,0.000000,true
2048,2048,7,sobel,cuda_shared_memory_tiled,"NVIDIA GeForce RTX 4070 Laptop GPU",16,16,5,411041792,148.070820,144.831600,149.858000,1.700017,0.721306,0.718848,0.727040,0.002939,7.129206,7.126748,7.134940,0.002939,0.349300,4.061700,1.420600,0.576300,205.281673,20.769610,2.775981,569.858038,0.000000,0.000000,true
2048,2048,7,sobel,cuda_shared_constant_filter,"NVIDIA GeForce RTX 4070 Laptop GPU",16,16,5,411041792,148.070820,144.831600,149.858000,1.700017,0.484147,0.483328,0.485376,0.000766,6.029647,6.028828,6.030876,0.000766,0.255600,2.997300,1.484400,0.808200,305.838429,24.557128,2.775981,849.001687,0.000000,0.000000,true
2048,2048,7,sobel,cuda_multi_output,"NVIDIA GeForce RTX 4070 Laptop GPU",16,16,5,411041792,148.070820,144.831600,149.858000,1.700017,0.675840,0.672768,0.683008,0.003720,6.436840,6.433768,6.444008,0.003720,0.342600,3.373400,1.402300,0.642700,219.091528,23.003651,2.775981,608.193932,0.000000,0.000000,true
2048,2048,7,sobel,cuda_register_tiled,"NVIDIA GeForce RTX 4070 Laptop GPU",16,16,5,411041792,148.070820,144.831600,149.858000,1.700017,0.515891,0.508928,0.541696,0.012911,6.868291,6.861328,6.894096,0.012911,0.333100,4.086600,1.401000,0.531700,287.019469,21.558611,2.775981,796.760610,0.000000,0.000000,true
2048,2048,7,sobel,cuda_naive_global_memory,"NVIDIA GeForce RTX 4070 Laptop GPU",32,8,5,411041792,148.070820,144.831600,149.858000,1.700017,0.681363,0.680928,0.681984,0.000507,6.890263,6.889828,6.890884,0.000507,0.315700,2.849500,2.292600,0.751100,217.315552,21.489864,2.775981,603.263856,0.000000,0.000000,true
2048,2048,7,sobel,cuda_shared_memory_tiled,"NVIDIA GeForce RTX 4070 Laptop GPU",32,8,5,411041792,148.070820,144.831600,149.858000,1.700017,0.728064,0.726016,0.731136,0.001832,7.187264,7.185216,7.190336,0.001832,0.351500,4.064300,1.402000,0.641400,203.376104,20.601834,2.775981,564.568213,0.000000,0.000000,true
2048,2048,7,sobel,cuda_shared_constant_filter,"NVIDIA GeForce RTX 4070 Laptop GPU",32,8,5,411041792,148.070820,144.831600,149.858000,1.700017,0.496026,0.495616,0.497664,0.000819,5.792126,5.791716,5.793764,0.000819,0.232100,3.054500,1.403500,0.606000,298.514477,25.564159,2.775981,828.670533,0.000000,0.000000,true
2048,2048,7,sobel,cuda_multi_output,"NVIDIA GeForce RTX 4070 Laptop GPU",32,8,5,411041792,148.070820,144.831600,149.858000,1.700017,0.675021,0.673792,0.675840,0.000766,5.821621,5.820392,5.822440,0.000766,0.339900,2.810900,1.423900,0.571900,219.357414,25.434638,2.775981,608.932026,0.000000,0.000000,true
2048,2048,7,sobel,cuda_register_tiled,"NVIDIA GeForce RTX 4070 Laptop GPU",32,8,5,411041792,148.070820,144.831600,149.858000,1.700017,0.509747,0.507904,0.512000,0.001358,6.832547,6.830704,6.834800,0.001358,0.319500,3.914300,1.403600,0.685400,290.478924,21.671394,2.775981,806.363990,0.000000,0.000000,true
2048,2048,7,sobel,cuda_naive_global_memory,"NVIDIA GeForce RTX 4070 Laptop GPU",32,16,5,411041792,148.070820,144.831600,149.858000,1.700017,0.687923,0.687104,0.689152,0.000766,5.921223,5.920404,5.922452,0.000766,0.367300,2.866900,1.419000,0.580100,215.243244,25.006796,2.775981,597.511170,0.000000,0.000000,true
2048,2048,7,sobel,cuda_shared_memory_tiled,"NVIDIA GeForce RTX 4070 Laptop GPU",32,16,5,411041792,148.070820,144.831600,149.858000,1.700017,0.720077,0.719872,0.720896,0.000410,7.337277,7.337072,7.338096,0.000410,0.235000,3.023900,2.680200,0.678100,205.631983,20.180623,2.775981,570.830490,0.000000,0.000000,true
2048,2048,7,sobel,cuda_shared_constant_filter,"NVIDIA GeForce RTX 4070 Laptop GPU",32,16,5,411041792,148.070820,144.831600,149.858000,1.700017,0.497459,0.493568,0.509952,0.006292,6.917359,6.913468,6.929852,0.006292,0.362500,3.953900,1.430200,0.673300,297.654198,21.405686,2.775981,826.282416,0.000000,0.000000,true
2048,2048,7,sobel,cuda_multi_output,"NVIDIA GeForce RTX 4070 Laptop GPU",32,16,5,411041792,148.070820,144.831600,149.858000,1.700017,0.681165,0.678912,0.683008,0.001505,7.686765,7.684512,7.688608,0.001505,0.344200,3.894700,2.174100,0.592600,217.378848,19.263087,2.775981,603.439566,0.000000,0.000000,true
2048,2048,7,sobel,cuda_register_tiled,"NVIDIA GeForce RTX 4070 Laptop GPU",32,16,5,411041792,148.070820,144.831600,149.858000,1.700017,0.520806,0.513024,0.545792,0.012535,8.124406,8.116624,8.149392,0.012535,0.259000,3.816500,2.835700,0.692400,284.310685,18.225432,2.775981,789.241078,0.000000,0.000000,true
2048,2048,11,box,cuda_naive_global_memory,"NVIDIA GeForce RTX 4070 Laptop GPU",8,8,5,1015021568,335.895980,334.124100,338.218400,1.573812,4.616806,4.614144,4.621312,0.002475,18.602406,18.599744,18.606912,0.002475,0.388800,7.212800,5.145700,1.238300,72.755050,18.056588,3.021833,219.853613,0.000000,0.000000,true
2048,2048,11,box,cuda_shared_memory_tiled,"NVIDIA GeForce RTX 4070 Laptop GPU",8,8,5,1015021568,335.895980,334.124100,338.218400,1.573812,4.151706,4.149248,4.155392,0.002639,19.106906,19.104448,19.110592,0.002639,0.239100,7.319000,5.162700,2.234400,80.905538,17.579821,3.021833,244.483028,0.000000,0.000000,true
2048,2048,11,box,cuda_shared_constant_filter,"NVIDIA GeForce RTX 4070 Laptop GPU",8,8,5,1015021568,335.895980,334.124100,338.218400,1.573812,2.379571,2.377728,2.380800,0.001194,16.791071,16.789228,16.792300,0.001194,0.398000,7.208000,5.181000,1.624500,141.158197,20.004440,3.021833,426.556502,0.000000,0.000000,true
2048,2048,11,box,cuda_multi_output,"NVIDIA GeForce RTX 4070 Laptop GPU",8,8,5,1015021568,335.895980,334.124100,338.218400,1.573812,4.932198,4.928512,4.935680,0.002388,19.122798,19.119112,19.126280,0.002388,0.382100,7.203100,5.146600,1.458800,68.102691,17.565211,3.021833,205.794962,0.000000,0.000000,true
2048,2048,11,box,cuda_register_tiled,"NVIDIA GeForce RTX 4070 Laptop GPU",8,8,5,1015021568,335.895980,334.124100,338.218400,1.573812,3.896730,2.548736,4.439040,0.742153,18.054830,16.706836,18.597140,0.742153,0.252800,7.436900,5.154300,1.314100,86.199458,18.604218,3.021833,260.480369,0.000000,0.000000,true
2048,2048,11,box,cuda_separable,"NVIDIA GeForce RTX 4070 Laptop GPU",8,8,5,184549376,335.895980,334.124100,338.218400,1.573812,2.512691,2.503680,2.520064,0.005277,17.843891,17.834880,17.851264,0.005277,0.363900,8.007700,5.147500,1.812100,133.679766,18.824144,0.549424,73.446897,0.000000,0.000000,true
2048,2048,11,box,cuda_naive_global_memory,"NVIDIA GeForce RTX 4070 Laptop GPU",16,16,5,1015021568,335.895980,334.124100,338.218400,1.573812,2.248909,2.245632,2.252800,0.002371,16.338609,16.335332,16.342500,0.002371,0.361900,7.175100,5.144800,1.407900,149.359541,20.558420,3.021833,451.339595,0.000000,0.000000,true
2048,2048,11,box,cuda_shared_memory_tiled,"NVIDIA GeForce RTX 4070 Laptop GPU",16,16,5,1015021568,335.895980,334.124100,338.218400,1.573812,2.306253,2.304000,2.309120,0.002089,16.731053,16.728800,16.733920,0.002089,0.249100,7.325200,5.139600,1.710900,145.645782,20.076201,3.021833,440.117234,0.000000,0.000000,true
2048,2048,11,box,cuda_shared_constant_filter,"NVIDIA GeForce RTX 4070 Laptop GPU",16,16,5,1015021568,335.895980,334.124100,338.218400,1.573812,1.230234,1.228800,1.230848,0.000819,15.495934,15.494500,15.496548,0.000819,0.331000,7.182200,5.153900,1.598600,273.034314,21.676395,3.021833,825.064109,0.000000,0.000000,true
2048,2048,11,box,cuda_multi_output,"NVIDIA GeForce RTX 4070 Laptop GPU",16,16,5,1015021568,335.895980,334.124100,338.218400,1.573812,1.951949,1.543168,2.263040,0.313131,11.256549,10.847768,11.567640,0.313131,0.328200,6.961700,1.441800,0.572900,172.082373,29.840050,3.021833,520.004201,0.000000,0.000000,true
2048,2048,11,box,cuda_register_tiled,"NVIDIA GeForce RTX 4070 Laptop GPU",16,16,5,1015021568,335.895980,334.124100,338.218400,1.573812,1.138278,1.136640,1.140736,0.001533,6.184978,6.183340,6.187436,0.001533,0.337500,2.720300,1.397000,0.591900,295.091245,54.308352,3.021833,891.716472,0.000000,0.000000,true
2048,2048,11,box,cuda_separable,"NVIDIA GeForce RTX 4070 Laptop GPU",16,16,5,184549376,335.895980,334.124100,338.218400,1.573812,0.360205,0.359360,0.362400,0.001166,6.233905,6.233060,6.236100,0.001166,0.368900,3.265100,1.442000,0.797700,932.513897,53.882116,0.549424,512.345691,0.000000,0.000000,true
2048,2048,11,box,cuda_naive_global_memory,"NVIDIA GeForce RTX 4070 Laptop GPU",32,8,5,1015021568,335.895980,334.124100,338.218400,1.573812,1.507930,1.504256,1.511360,0.002280,6.846330,6.842656,6.849760,0.002280,0.333100,2.782000,1.401400,0.821900,222.753086,49.062198,3.021833,673.122634,0.000000,0.000000,true
2048,2048,11,box,cuda_shared_memory_tiled,"NVIDIA GeForce RTX 4070 Laptop GPU",32,8,5,1015021568,335.895980,334.124100,338.218400,1.573812,1.561805,1.558528,1.566720,0.002853,6.626305,6.623028,6.631220,0.002853,0.426900,2.640400,1.407600,0.589600,215.069121,50.691297,3.021833,649.902975,0.000000,0.000000,true
2048,2048,11,box,cuda_shared_constant_filter,"NVIDIA GeForce RTX 4070 Laptop GPU",32,8,5,1015021568,335.895980,334.124100,338.218400,1.573812,0.833715,0.832512,0.834560,0.000775,6.222715,6.221512,6.223560,0.000775,0.340200,2.810900,1.376600,0.861300,402.890555,53.979006,3.021833,1217.467988,0.000000,0.000000,true
2048,2048,11,box,cuda_multi_output,"NVIDIA GeForce RTX 4070 Laptop GPU",32,8,5,1015021568,335.895980,334.124100,338.218400,1.573812,1.511776,1.506304,1.520512,0.006374,6.947076,6.941604,6.955812,0.006374,0.303100,2.916500,1.508300,0.707400,222.186340,48.350699,3.021833,671.410021,0.000000,0.000000,true
2048,2048,11,box,cuda_register_tiled,"NVIDIA GeForce RTX 4070 Laptop GPU",32,8,5,1015021568,335.895980,334.124100,338.218400,1.573812,1.133363,1.131520,1.136640,0.001762,6.452563,6.450720,6.455840,0.001762,0.355500,2.822900,1.507000,0.633800,296.370990,52.056209,3.021833,895.583646,0.000000,0.000000,true
2048,2048,11,box,cuda_separable,"NVIDIA GeForce RTX 4070 Laptop GPU",32,8,5,184549376,335.895980,334.124100,338.218400,1.573812,0.354304,0.353280,0.355328,0.000648,7.069204,7.068180,7.070228,0.000648,0.434100,3.351000,2.067700,0.862100,948.044583,47.515389,0.549424,520.878625,0.000000,0.000000,true
2048,2048,11,box,cuda_naive_global_memory,"NVIDIA GeForce RTX 4070 Laptop GPU",32,16,5,1015021568,335.895980,334.124100,338.218400,1.573812,1.334067,1.333248,1.335296,0.000766,6.354467,6.353648,6.355696,0.000766,0.364800,2.634900,1.466400,0.554300,251.783399,52.859818,3.021833,760.847391,0.000000,0.000000,true
2048,2048,11,box,cuda_shared_memory_tiled,"NVIDIA GeForce RTX 4070 Laptop GPU",32,16,5,1015021568,335.895980,334.124100,338.218400,1.573812,1.376000,1.369088,1.386496,0.006798,6.890800,6.883888,6.901296,0.006798,0.347900,2.578700,1.970800,0.617400,244.110451,48.745571,3.021833,737.661024,0.000000,0.000000,true
2048,2048,11,box,cuda_shared_constant_filter,"NVIDIA GeForce RTX 4070 Laptop GPU",32,16,5,1015021568,335.895980,334.124100,338.218400,1.573812,0.735232,0.734208,0.736256,0.000916,6.021032,6.020008,6.022056,0.000916,0.287300,2.785600,1.456600,0.756300,456.857131,55.787111,3.021833,1380.545969,0.000000,0.000000,true
2048,2048,11,box,cuda_multi_output,"NVIDIA GeForce RTX 4070 Laptop GPU",32,16,5,1015021568,335.895980,334.124100,338.218400,1.573812,1.341626,1.339392,1.347552,0.003058,6.415626,6.413392,6.421552,0.003058,0.254100,2.682200,1.518700,0.619000,250.364921,52.355920,3.021833,756.560988,0.000000,0.000000,true
2048,2048,11,box,cuda_register_tiled,"NVIDIA GeForce RTX 4070 Laptop GPU",32,16,5,1015021568,335.895980,334.124100,338.218400,1.573812,1.007821,1.005568,1.011712,0.002187,6.242521,6.240268,6.246412,0.002187,0.357900,2.639000,1.372700,0.865100,333.289383,53.807747,3.021833,1007.144868,0.000000,0.000000,true
2048,2048,11,box,cuda_separable,"NVIDIA GeForce RTX 4070 Laptop GPU",32,16,5,184549376,335.895980,334.124100,338.218400,1.573812,0.342592,0.336896,0.363520,0.010472,5.879392,5.873696,5.900320,0.010472,0.386900,2.981000,1.382000,0.786900,980.454824,57.131074,0.549424,538.685595,0.000000,0.000000,true
2048,2048,11,gaussian,cuda_naive_global_memory,"NVIDIA GeForce RTX 4070 Laptop GPU",8,8,5,1015021568,335.622460,334.582800,336.511200,0.672947,6.090752,6.087680,6.092800,0.001943,20.096152,20.093080,20.098200,0.001943,0.382900,7.122300,5.144900,1.355300,55.103616,16.700832,3.024296,166.649629,0.000000,0.000000,true
2048,2048,11,gaussian,cuda_shared_memory_tiled,"NVIDIA GeForce RTX 4070 Laptop GPU",8,8,5,1015021568,335.622460,334.582800,336.511200,0.672947,5.143757,5.141504,5.145600,0.001638,18.655257,18.653004,18.657100,0.001638,0.345400,6.746100,5.156100,1.263900,65.248510,17.990771,3.024296,197.330790,0.000000,0.000000,true
2048,2048,11,gaussian,cuda_shared_constant_filter,"NVIDIA GeForce RTX 4070 Laptop GPU",8,8,5,1015021568,335.622460,334.582800,336.511200,0.672947,2.945434,2.941952,2.948096,0.002206,16.643034,16.639552,16.645696,0.002206,0.238800,6.975200,5.188100,1.295500,113.946707,20.165943,3.024296,344.608537,0.000000,0.000000,true
2048,2048,11,gaussian,cuda_multi_output,"NVIDIA GeForce RTX 4070 Laptop GPU",8,8,5,1015021568,335.622460,334.582800,336.511200,0.672947,6.111027,6.105088,6.115328,0.003571,19.746227,19.740288,19.750528,0.003571,0.347500,6.775400,5.201000,1.311300,54.920794,16.996789,3.024296,166.096721,0.000000,0.000000,true
2048,2048,11,gaussian,cuda_register_tiled,"NVIDIA GeForce RTX 4070 Laptop GPU",8,8,5,1015021568,335.622460,334.582800,336.511200,0.672947,5.492122,5.487616,5.498880,0.004227,19.146622,19.142116,19.153380,0.004227,0.287300,6.978100,5.157900,1.231200,61.109801,17.529069,3.024296,184.814110,0.000000,0.000000,true
2048,2048,11,gaussian,cuda_separable,"NVIDIA GeForce RTX 4070 Laptop GPU",8,8,5,184549376,335.622460,334.582800,336.511200,0.672947,2.514944,2.508800,2.520064,0.004147,17.181344,17.175200,17.186464,0.004147,0.359800,7.539100,5.141500,1.626000,133.451262,19.534121,0.549872,73.381105,0.000000,0.000000,true
2048,2048,11,gaussian,cuda_naive_global_memory,"NVIDIA GeForce RTX 4070 Laptop GPU",16,16,5,1015021568,335.622460,334.582800,336.511200,0.672947,2.615706,2.613248,2.616320,0.001229,16.525206,16.522748,16.525820,0.001229,0.357800,6.748400,5.142800,1.660500,128.310490,20.309730,3.024296,388.048866,0.000000,0.000000,true
2048,2048,11,gaussian,cuda_shared_memory_tiled,"NVIDIA GeForce RTX 4070 Laptop GPU",16,16,5,1015021568,335.622460,334.582800,336.511200,0.672947,2.682470,2.679808,2.684928,0.002206,16.237170,16.234508,16.239628,0.002206,0.316800,6.815800,5.149900,1.272200,125.116933,20.670009,3.024296,378.390605,0.000000,0.000000,true
2048,2048,11,gaussian,cuda_shared_constant_filter,"NVIDIA GeForce RTX 4070 Laptop GPU",16,16,5,1015021568,335.622460,334.582800,336.511200,0.672947,1.432576,1.429504,1.436672,0.002423,15.081976,15.078904,15.086072,0.002423,0.372800,6.792100,5.146100,1.338400,234.278989,22.253215,3.024296,708.528943,0.000000,0.000000,true
2048,2048,11,gaussian,cuda_multi_output,"NVIDIA GeForce RTX 4070 Laptop GPU",16,16,5,1015021568,335.622460,334.582800,336.511200,0.672947,2.631066,2.628608,2.633728,0.001899,16.534466,16.532008,16.537128,0.001899,0.266000,7.023000,5.135300,1.479100,127.561418,20.298355,3.024296,385.783450,0.000000,0.000000,true
2048,2048,11,gaussian,cuda_register_tiled,"NVIDIA GeForce RTX 4070 Laptop GPU",16,16,5,1015021568,335.622460,334.582800,336.511200,0.672947,1.314195,1.308640,1.321984,0.004793,9.464295,9.458740,9.472084,0.004793,0.343100,4.328800,2.668000,0.810200,255.382503,35.461960,3.024296,772.352208,0.000000,0.000000,true
2048,2048,11,gaussian,cuda_separable,"NVIDIA GeForce RTX 4070 Laptop GPU",16,16,5,184549376,335.622460,334.582800,336.511200,0.672947,0.418406,0.416768,0.419840,0.001044,9.702006,9.700368,9.703440,0.001044,0.303700,4.969000,2.993800,1.017100,802.144655,34.593098,0.549872,441.076845,0.000000,0.000000,true
2048,2048,11,gaussian,cuda_naive_global_memory,"NVIDIA GeForce RTX 4070 Laptop GPU",32,8,5,1015021568,335.622460,334.582800,336.511200,0.672947,1.734042,1.731584,1.736704,0.001664,10.065642,10.063184,10.068304,0.001664,0.344700,4.277900,2.761000,0.948000,193.549258,33.343375,3.024296,585.350193,0.000000,0.000000,true
2048,2048,11,gaussian,cuda_shared_memory_tiled,"NVIDIA GeForce RTX 4070 Laptop GPU",32,8,5,1015021568,335.622460,334.582800,336.511200,0.672947,1.797939,1.796096,1.801216,0.002281,9.752439,9.750596,9.755716,0.002281,0.351500,4.110000,2.686600,0.806400,186.670641,34.414207,3.024296,564.547221,0.000000,0.000000,true
2048,2048,11,gaussian,cuda_shared_constant_filter,"NVIDIA GeForce RTX 4070 Laptop GPU",32,8,5,1015021568,335.622460,334.582800,336.511200,0.672947,0.958054,0.957440,0.958464,0.000502,8.880754,8.880140,8.881164,0.000502,0.242800,4.326200,2.694500,0.659200,350.316696,37.792111,3.024296,1059.461282,0.000000,0.000000,true
2048,2048,11,gaussian,cuda_multi_output,"NVIDIA GeForce RTX 4070 Laptop GPU",32,8,5,1015021568,335.622460,334.582800,336.511200,0.672947,1.744077,1.741824,1.745920,0.001638,9.820577,9.818324,9.822420,0.001638,0.236400,4.236000,2.665100,0.939000,192.435597,34.175433,3.024296,581.982151,0.000000,0.000000,true
2048,2048,11,gaussian,cuda_register_tiled,"NVIDIA GeForce RTX 4070 Laptop GPU",32,8,5,1015021568,335.622460,334.582800,336.511200,0.672947,1.195206,1.030112,1.312768,0.134609,9.261006,9.095912,9.378568,0.134609,0.271100,4.359100,2.659600,0.776000,280.807113,36.240387,3.024296,849.243750,0.000000,0.000000,true
2048,2048,11,gaussian,cuda_separable,"NVIDIA GeForce RTX 4070 Laptop GPU",32,8,5,184549376,335.622460,334.582800,336.511200,0.672947,0.364314,0.359424,0.379904,0.007819,8.777114,8.772224,8.792704,0.007819,0.501600,4.334700,2.638100,0.938400,921.246030,38.238363,0.549872,506.567350,0.000000,0.000000,true
2048,2048,11,gaussian,cuda_naive_global_memory,"NVIDIA GeForce RTX 4070 Laptop GPU",32,16,5,1015021568,335.622460,334.582800,336.511200,0.672947,1.367859,1.366016,1.371136,0.001986,9.018859,9.017016,9.022136,0.001986,0.342100,3.883800,2.664200,0.760900,245.363306,37.213405,3.024296,742.051194,0.000000,0.000000,true
2048,2048,11,gaussian,cuda_shared_memory_tiled,"NVIDIA GeForce RTX 4070 Laptop GPU",32,16,5,1015021568,335.622460,334.582800,336.511200,0.672947,1.404294,1.399808,1.407904,0.003319,8.879994,8.875508,8.883604,0.003319,0.240200,3.949500,2.654300,0.631700,238.997218,37.795346,3.024296,722.798264,0.000000,0.000000,true
2048,2048,11,gaussian,cuda_shared_constant_filter,"NVIDIA GeForce RTX 4070 Laptop GPU",32,16,5,1015021568,335.622460,334.582800,336.511200,0.672947,0.753242,0.751616,0.754688,0.001040,8.740242,8.738616,8.741688,0.001040,0.245400,3.917000,3.103800,0.720800,445.570791,38.399678,3.024296,1347.537834,0.000000,0.000000,true
2048,2048,11,gaussian,cuda_multi_output,"NVIDIA GeForce RTX 4070 Laptop GPU",32,16,5,1015021568,335.622460,334.582800,336.511200,0.672947,1.374413,1.372160,1.376256,0.001638,8.828613,8.826360,8.830456,0.001638,0.321700,3.850000,2.656800,0.625700,244.193350,38.015311,3.024296,738.512903,0.000000,0.000000,true
2048,2048,11,gaussian,cuda_register_tiled,"NVIDIA GeForce RTX 4070 Laptop GPU",32,16,5,1015021568,335.622460,334.582800,336.511200,0.672947,1.034003,1.032192,1.036160,0.001315,8.556703,8.554892,8.558860,0.001315,0.380000,3.833000,2.661700,0.648000,324.585511,39.223338,3.024296,981.642569,0.000000,0.000000,true
2048,2048,11,gaussian,cuda_separable,"NVIDIA GeForce RTX 4070 Laptop GPU",32,16,5,184549376,335.622460,334.582800,336.511200,0.672947,0.375398,0.374784,0.376832,0.000819,8.607698,8.607084,8.609132,0.000819,0.481100,4.195300,2.650100,0.905800,894.043401,38.990964,0.549872,491.609387,0.000000,0.000000,true
2048,2048,11,sharpen,cuda_naive_global_memory,"NVIDIA GeForce RTX 4070 Laptop GPU",8,8,5,1015021568,334.682080,333.999800,335.464800,0.530582,1.582278,1.576928,1.588224,0.004419,6.410678,6.405328,6.416624,0.004419,0.367000,2.485200,1.387900,0.588300,211.519083,52.206968,3.032793,641.493656,0.000001,0.000000,true
2048,2048,11,sharpen,cuda_shared_memory_tiled,"NVIDIA GeForce RTX 4070 Laptop GPU",8,8,5,1015021568,334.682080,333.999800,335.464800,0.530582,1.336678,1.334080,1.343488,0.003493,6.229378,6.226780,6.236188,0.003493,0.331900,2.528900,1.403000,0.628900,250.383396,53.726401,3.032793,759.361085,0.000001,0.000000,true
2048,2048,11,sharpen,cuda_shared_constant_filter,"NVIDIA GeForce RTX 4070 Laptop GPU",8,8,5,1015021568,334.682080,333.999800,335.464800,0.530582,0.771277,0.765952,0.786432,0.007646,6.093877,6.088552,6.109032,0.007646,0.312200,2.771800,1.513600,0.725000,433.932509,54.921045,3.032793,1316.027602,0.000001,0.000000,true
2048,2048,11,sharpen,cuda_multi_output,"NVIDIA GeForce RTX 4070 Laptop GPU",8,8,5,1015021568,334.682080,333.999800,335.464800,0.530582,1.586150,1.583104,1.591296,0.003404,6.510150,6.507104,6.515296,0.003404,0.272200,2.597300,1.427200,0.627300,211.002739,51.409270,3.032793,639.927691,0.000001,0.000000,true
2048,2048,11,sharpen,cuda_register_tiled,"NVIDIA GeForce RTX 4070 Laptop GPU",8,8,5,1015021568,334.682080,333.999800,335.464800,0.530582,1.595181,1.424384,2.148352,0.280677,11.095781,10.924984,11.648952,0.280677,0.328700,2.446500,5.332400,1.393000,209.808243,30.163004,3.032793,636.305032,0.000001,0.000000,true
2048,2048,11,sharpen,cuda_naive_global_memory,"NVIDIA GeForce RTX 4070 Laptop GPU",16,16,5,1015021568,334.682080,333.999800,335.464800,0.530582,1.928806,1.926144,1.930240,0.001785,15.650006,15.647344,15.651440,0.001785,0.250700,6.929800,5.148500,1.392200,173.517713,21.385428,3.032793,526.243357,0.000001,0.000000,true
2048,2048,11,sharpen,cuda_shared_memory_tiled,"NVIDIA GeForce RTX 4070 Laptop GPU",16,16,5,1015021568,334.682080,333.999800,335.464800,0.530582,1.978778,1.976320,1.981440,0.002299,15.585778,15.583320,15.588440,0.002299,0.243700,6.929000,5.140000,1.294300,169.135774,21.473557,3.032793,512.953840,0.000001,0.000000,true
2048,2048,11,sharpen,cuda_shared_constant_filter,"NVIDIA GeForce RTX 4070 Laptop GPU",16,16,5,1015021568,334.682080,333.999800,335.464800,0.530582,1.055130,1.054720,1.056768,0.000819,14.765730,14.765320,14.767368,0.000819,0.229400,6.882800,5.155300,1.443100,317.195227,22.666139,3.032793,961.987556,0.000001,0.000000,true
2048,2048,11,sharpen,cuda_multi_output,"NVIDIA GeForce RTX 4070 Laptop GPU",16,16,5,1015021568,334.682080,333.999800,335.464800,0.530582,1.937408,1.935360,1.939456,0.001713,15.586408,15.584360,15.588456,0.001713,0.282600,6.895600,5.145700,1.325100,172.747343,21.472688,3.032793,523.906985,0.000001,0.000000,true
2048,2048,11,sharpen,cuda_register_tiled,"NVIDIA GeForce RTX 4070 Laptop GPU",16,16,5,1015021568,334.682080,333.999800,335.464800,0.530582,1.455104,1.453056,1.458176,0.002148,14.986504,14.984456,14.989576,0.002148,0.347300,6.778500,5.134700,1.270900,230.005609,22.332232,3.032793,697.559468,0.000001,0.000000,true
2048,2048,11,sharpen,cuda_naive_global_memory,"NVIDIA GeForce RTX 4070 Laptop GPU",32,8,5,1015021568,334.682080,333.999800,335.464800,0.530582,1.278144,1.277888,1.278976,0.000417,6.207944,6.207688,6.208776,0.000417,0.239200,2.687100,1.430200,0.573300,261.850067,53.911904,3.032793,794.137127,0.000001,0.000000,true
2048,2048,11,sharpen,cuda_shared_memory_tiled,"NVIDIA GeForce RTX 4070 Laptop GPU",32,8,5,1015021568,334.682080,333.999800,335.464800,0.530582,1.327290,1.325056,1.333184,0.003041,6.284790,6.282556,6.290684,0.003041,0.268400,2.629500,1.379900,0.679700,252.154530,53.252710,3.032793,764.732567,0.000001,0.000000,true
2048,2048,11,sharpen,cuda_shared_constant_filter,"NVIDIA GeForce RTX 4070 Laptop GPU",32,8,5,1015021568,334.682080,333.999800,335.464800,0.530582,0.707174,0.706560,0.707584,0.000502,5.934874,5.934260,5.935284,0.000502,0.257300,2.716200,1.382100,0.872100,473.266666,56.392445,3.032793,1435.319970,0.000001,0.000000,true
2048,2048,11,sharpen,cuda_multi_output,"NVIDIA GeForce RTX 4070 Laptop GPU",32,8,5,1015021568,334.682080,333.999800,335.464800,0.530582,1.289197,1.284096,1.295360,0.003955,6.382097,6.376996,6.388260,0.003955,0.366100,2.464100,1.459800,0.802900,259.605107,52.440771,3.032793,787.328628,0.000001,0.000000,true
2048,2048,11,sharpen,cuda_register_tiled,"NVIDIA GeForce RTX 4070 Laptop GPU",32,8,5,1015021568,334.682080,333.999800,335.464800,0.530582,0.966861,0.964608,0.972800,0.003065,5.857361,5.855108,5.863300,0.003065,0.233500,2.646100,1.424600,0.586300,346.153317,57.138717,3.032793,1049.811460,0.000001,0.000000,true
2048,2048,11,sharpen,cuda_naive_global_memory,"NVIDIA GeForce RTX 4070 Laptop GPU",32,16,5,1015021568,334.682080,333.999800,335.464800,0.530582,1.281434,1.278976,1.288192,0.003464,6.138334,6.135876,6.145092,0.003464,0.339700,2.464700,1.464200,0.588300,261.177859,54.523280,3.032793,792.098461,0.000001,0.000000,true
2048,2048,11,sharpen,cuda_shared_memory_tiled,"NVIDIA GeForce RTX 4070 Laptop GPU",32,16,5,1015021568,334.682080,333.999800,335.464800,0.530582,1.313165,1.311744,1.315840,0.001528,6.258165,6.256744,6.260840,0.001528,0.377400,2.523000,1.456200,0.588400,254.866780,53.479269,3.032793,772.958262,0.000001,0.000000,true
2048,2048,11,sharpen,cuda_shared_constant_filter,"NVIDIA GeForce RTX 4070 Laptop GPU",32,16,5,1015021568,334.682080,333.999800,335.464800,0.530582,0.704512,0.703488,0.705536,0.000648,5.678112,5.677088,5.679136,0.000648,0.340800,2.501400,1.369500,0.761900,475.055187,58.942494,3.032793,1440.744186,0.000001,0.000000,true
2048,2048,11,sharpen,cuda_multi_output,"NVIDIA GeForce RTX 4070 Laptop GPU",32,16,5,1015021568,334.682080,333.999800,335.464800,0.530582,1.187181,1.184768,1.192960,0.002947,6.238981,6.236568,6.244760,0.002947,0.256000,2.778300,1.381700,0.635800,281.913324,53.643711,3.032793,854.984838,0.000001,0.000000,true
2048,2048,11,sharpen,cuda_register_tiled,"NVIDIA GeForce RTX 4070 Laptop GPU",32,16,5,1015021568,334.682080,333.999800,335.464800,0.530582,0.892659,0.890880,0.893952,0.001208,6.042859,6.041080,6.044152,0.001208,0.330400,2.490000,1.560500,0.769300,374.927045,55.384722,3.032793,1137.076227,0.000001,0.000000,true
2048,2048,11,sobel,cuda_naive_global_memory,"NVIDIA GeForce RTX 4070 Laptop GPU",8,8,5,1015021568,335.218000,334.725100,336.312700,0.568552,1.482957,1.481728,1.483776,0.000766,6.438257,6.437028,6.439076,0.000766,0.363200,2.487300,1.379600,0.725200,226.047048,52.066578,3.027945,684.457963,0.000000,0.000000,true
2048,2048,11,sobel,cuda_shared_memory_tiled,"NVIDIA GeForce RTX 4070 Laptop GPU",8,8,5,1015021568,335.218000,334.725100,336.312700,0.568552,1.253978,1.252352,1.256448,0.001529,6.386578,6.384952,6.389048,0.001529,0.310200,2.654000,1.370200,0.798200,267.323753,52.487893,3.027945,809.441541,0.000000,0.000000,true
2048,2048,11,sobel,cuda_shared_constant_filter,"NVIDIA GeForce RTX 4070 Laptop GPU",8,8,5,1015021568,335.218000,334.725100,336.312700,0.568552,0.721715,0.719872,0.726016,0.002187,5.904615,5.902772,5.908916,0.002187,0.318500,2.649700,1.499700,0.715000,464.474075,56.772201,3.027945,1406.401816,0.000000,0.000000,true
2048,2048,11,sobel,cuda_multi_output,"NVIDIA GeForce RTX 4070 Laptop GPU",8,8,5,1015021568,335.218000,334.725100,336.312700,0.568552,3.402957,3.396608,3.406848,0.003798,16.959357,16.953008,16.963248,0.003798,0.356200,6.768000,5.167900,1.264300,98.507863,19.765962,3.027945,298.276363,0.000000,0.000000,true
2048,2048,11,sobel,cuda_register_tiled,"NVIDIA GeForce RTX 4070 Laptop GPU",8,8,5,1015021568,335.218000,334.725100,336.312700,0.568552,3.059507,3.056640,3.064832,0.002996,16.820807,16.817940,16.826132,0.002996,0.251400,6.918400,5.171000,1.420500,109.566014,19.928770,3.027945,331.759831,0.000000,0.000000,true
2048,2048,11,sobel,cuda_naive_global_memory,"NVIDIA GeForce RTX 4070 Laptop GPU",16,16,5,1015021568,335.218000,334.725100,336.312700,0.568552,2.696602,2.694144,2.700288,0.002299,16.400302,16.397844,16.403988,0.002299,0.252000,6.971500,5.146300,1.333900,124.311280,20.439746,3.027945,376.407682,0.000000,0.000000,true
2048,2048,11,sobel,cuda_shared_memory_tiled,"NVIDIA GeForce RTX 4070 Laptop GPU",16,16,5,1015021568,335.218000,334.725100,336.312700,0.568552,2.764390,2.762752,2.766848,0.001664,16.238690,16.237052,16.241148,0.001664,0.350300,6.745300,5.137300,1.241400,121.262898,20.643167,3.027945,367.177350,0.000000,0.000000,true
2048,2048,11,sobel,cuda_shared_constant_filter,"NVIDIA GeForce RTX 4070 Laptop GPU",16,16,5,1015021568,335.218000,334.725100,336.312700,0.568552,0.781498,0.780288,0.783360,0.001008,9.282798,9.281588,9.284660,0.001008,0.241200,6.311300,1.373000,0.575800,428.943097,36.111743,3.027945,1298.815980,0.000000,0.000000,true
2048,2048,11,sobel,cuda_multi_output,"NVIDIA GeForce RTX 4070 Laptop GPU",16,16,5,1015021568,335.218000,334.725100,336.312700,0.568552,1.437901,1.435648,1.441792,0.002458,6.757201,6.754948,6.761092,0.002458,0.240700,2.860700,1.437100,0.780800,233.130133,49.609004,3.027945,705.905151,0.000000,0.000000,true
2048,2048,11,sobel,cuda_register_tiled,"NVIDIA GeForce RTX 4070 Laptop GPU",16,16,5,1015021568,335.218000,334.725100,336.312700,0.568552,1.078886,1.078272,1.081344,0.001229,6.336286,6.335672,6.338744,0.001229,0.261400,2.774600,1.378900,0.842500,310.707414,52.904490,3.027945,940.804868,0.000000,0.000000,true
2048,2048,11,sobel,cuda_naive_global_memory,"NVIDIA GeForce RTX 4070 Laptop GPU",32,8,5,1015021568,335.218000,334.725100,336.312700,0.568552,1.428890,1.427456,1.430528,0.001044,6.532190,6.530756,6.533828,0.001044,0.243300,2.771900,1.439100,0.649000,234.600345,51.317861,3.027945,710.356871,0.000000,0.000000,true
2048,2048,11,sobel,cuda_shared_memory_tiled,"NVIDIA GeForce RTX 4070 Laptop GPU",32,8,5,1015021568,335.218000,334.725100,336.312700,0.568552,1.482342,1.479680,1.484800,0.001664,6.645642,6.642980,6.648100,0.001664,0.270000,2.835700,1.424100,0.633500,226.140741,50.441775,3.027945,684.741659,0.000000,0.000000,true
2048,2048,11,sobel,cuda_shared_constant_filter,"NVIDIA GeForce RTX 4070 Laptop GPU",32,8,5,1015021568,335.218000,334.725100,336.312700,0.568552,0.790118,0.789504,0.791552,0.000819,6.014418,6.013804,6.015852,0.000819,0.373800,2.621600,1.470300,0.758600,424.262999,55.735730,3.027945,1284.644900,0.000000,0.000000,true
2048,2048,11,sobel,cuda_multi_output,"NVIDIA GeForce RTX 4070 Laptop GPU",32,8,5,1015021568,335.218000,334.725100,336.312700,0.568552,1.435238,1.434624,1.436672,0.000819,6.574738,6.574124,6.576172,0.000819,0.261100,2.777500,1.405200,0.695700,233.562598,50.985755,3.027945,707.214631,0.000000,0.000000,true
2048,2048,11,sobel,cuda_register_tiled,"NVIDIA GeForce RTX 4070 Laptop GPU",32,8,5,1015021568,335.218000,334.725100,336.312700,0.568552,1.078477,1.077248,1.079296,0.000766,6.304977,6.303748,6.305796,0.000766,0.235900,2.785800,1.516100,0.688700,310.825420,53.167206,3.027945,941.162184,0.000000,0.000000,true
2048,2048,11,sobel,cuda_naive_global_memory,"NVIDIA GeForce RTX 4070 Laptop GPU",32,16,5,1015021568,335.218000,334.725100,336.312700,0.568552,1.292032,1.290240,1.293312,0.000996,6.512932,6.511140,6.514212,0.000996,0.275200,2.745900,1.480100,0.719700,259.450230,51.469599,3.027945,785.600949,0.000000,0.000000,true
2048,2048,11,sobel,cuda_shared_memory_tiled,"NVIDIA GeForce RTX 4070 Laptop GPU",32,16,5,1015021568,335.218000,334.725100,336.312700,0.568552,1.327437,1.325056,1.334272,0.003436,6.362137,6.359756,6.368972,0.003436,0.246600,2.754100,1.444900,0.589100,252.530289,52.689530,3.027945,764.647751,0.000000,0.000000,true
2048,2048,11,sobel,cuda_shared_constant_filter,"NVIDIA GeForce RTX 4070 Laptop GPU",32,16,5,1015021568,335.218000,334.725100,336.312700,0.568552,0.711872,0.711616,0.712704,0.000417,5.625572,5.625316,5.626404,0.000417,0.251200,2.659300,1.419200,0.584000,470.896458,59.588252,3.027945,1425.848435,0.000000,0.000000,true
2048,2048,11,sobel,cuda_multi_output,"NVIDIA GeForce RTX 4070 Laptop GPU",32,16,5,1015021568,335.218000,334.725100,336.312700,0.568552,1.299654,1.298432,1.301504,0.001195,6.194854,6.193632,6.196704,0.001195,0.240600,2.692500,1.379000,0.583100,257.928567,54.112329,3.027945,780.993438,0.000000,0.000000,true
2048,2048,11,sobel,cuda_register_tiled,"NVIDIA GeForce RTX 4070 Laptop GPU",32,16,5,1015021568,335.218000,334.725100,336.312700,0.568552,0.975258,0.973824,0.975872,0.000819,6.073558,6.072124,6.074172,0.000819,0.238300,2.712300,1.504700,0.643000,343.722525,55.193022,3.027945,1040.772798,0.000000,0.000000,true
4096,4096,3,box,cuda_naive_global_memory,"NVIDIA GeForce RTX 4070 Laptop GPU",8,8,5,301989888,142.368800,141.031700,145.744400,1.724080,0.767155,0.764928,0.770048,0.001751,17.618455,17.616228,17.621348,0.001751,0.422500,9.859300,5.590100,0.979400,185.580181,8.080663,2.121180,393.649017,0.000000,0.000000,true
4096,4096,3,box,cuda_shared_memory_tiled,"NVIDIA GeForce RTX 4070 Laptop GPU",8,8,5,301989888,142.368800,141.031700,145.744400,1.724080,0.794010,0.792576,0.796672,0.001785,17.372310,17.370876,17.374972,0.001785,0.346700,9.512000,5.550900,1.168700,179.303625,8.195157,2.121180,380.335310,0.000000,0.000000,true
4096,4096,3,box,cuda_shared_constant_filter,"NVIDIA GeForce RTX 4070 Laptop GPU",8,8,5,301989888,142.368800,141.031700,145.744400,1.724080,0.775987,0.774144,0.778240,0.001358,18.254787,18.252944,18.257040,0.001358,0.416100,9.975400,5.481800,1.605500,183.467973,7.798984,2.121180,389.168642,0.000000,0.000000,true
4096,4096,3,box,cuda_multi_output,"NVIDIA GeForce RTX 4070 Laptop GPU",8,8,5,301989888,142.368800,141.031700,145.744400,1.724080,0.646554,0.646144,0.647168,0.000502,18.225954,18.225544,18.226568,0.000502,0.334400,10.134400,5.496200,1.614400,220.196447,7.811322,2.121180,467.076356,0.000000,0.000000,true
4096,4096,3,box,cuda_register_tiled,"NVIDIA GeForce RTX 4070 Laptop GPU",8,8,5,301989888,142.368800,141.031700,145.744400,1.724080,0.641018,0.637952,0.643072,0.002142,17.651318,17.648252,17.653372,0.002142,0.387500,9.493900,5.598200,1.530700,222.098113,8.065619,2.121180,471.110132,0.000000,0.000000,true
4096,4096,3,box,cuda_separable,"NVIDIA GeForce RTX 4070 Laptop GPU",8,8,5,201326592,142.368800,141.031700,145.744400,1.724080,1.311936,1.308672,1.315840,0.002863,21.000736,20.997472,21.004640,0.002863,0.414800,11.715900,5.528600,2.029500,108.518101,6.779229,1.414120,153.457635,0.000000,0.000000,true
4096,4096,3,box,cuda_naive_global_memory,"NVIDIA GeForce RTX 4070 Laptop GPU",16,16,5,301989888,142.368800,141.031700,145.744400,1.724080,0.735642,0.733184,0.738304,0.001785,17.899042,17.896584,17.901704,0.001785,0.332500,9.741100,5.609500,1.480300,193.530111,7.953990,2.121180,410.512250,0.000000,0.000000,true
4096,4096,3,box,cuda_shared_memory_tiled,"NVIDIA GeForce RTX 4070 Laptop GPU",16,16,5,301989888,142.368800,141.031700,145.744400,1.724080,0.874874,0.871424,0.878432,0.002248,23.870174,23.866724,23.873732,0.002248,0.351900,9.575400,11.427200,1.640800,162.730709,5.964297,2.121180,345.181168,0.000000,0.000000,true
4096,4096,3,box,cuda_shared_constant_filter,"NVIDIA GeForce RTX 4070 Laptop GPU",16,16,5,301989888,142.368800,141.031700,145.744400,1.724080,0.810189,0.807936,0.813056,0.002089,17.913189,17.910936,17.916056,0.002089,0.335800,9.983600,5.605300,1.178300,175.722991,7.947708,2.121180,372.740139,0.000000,0.000000,true
4096,4096,3,box,cuda_multi_output,"NVIDIA GeForce RTX 4070 Laptop GPU",16,16,5,301989888,142.368800,141.031700,145.744400,1.724080,0.670304,0.668672,0.674784,0.002286,17.773104,17.771472,17.777584,0.002286,0.350900,9.992500,5.588400,1.171000,212.394376,8.010351,2.121180,450.526758,0.000000,0.000000,true
4096,4096,3,box,cuda_register_tiled,"NVIDIA GeForce RTX 4070 Laptop GPU",16,16,5,301989888,142.368800,141.031700,145.744400,1.724080,0.660045,0.657408,0.661504,0.001509,17.814345,17.811708,17.815804,0.001509,0.364400,9.713600,5.558600,1.517700,215.695661,7.991807,2.121180,457.529379,0.000000,0.000000,true
4096,4096,3,box,cuda_separable,"NVIDIA GeForce RTX 4070 Laptop GPU",16,16,5,201326592,142.368800,141.031700,145.744400,1.724080,1.290803,1.288192,1.294176,0.002052,20.465603,20.462992,20.468976,0.002052,1.156200,10.832800,5.559100,1.626700,110.294736,6.956492,1.414120,155.970011,0.000000,0.000000,true
4096,4096,3,box,cuda_naive_global_memory,"NVIDIA GeForce RTX 4070 Laptop GPU",32,8,5,301989888,142.368800,141.031700,145.744400,1.724080,0.847245,0.840704,0.864256,0.008659,19.047945,19.041404,19.064956,0.008659,0.331300,11.037500,5.532900,1.299000,168.037384,7.474234,2.121180,356.437583,0.000000,0.000000,true
4096,4096,3,box,cuda_shared_memory_tiled,"NVIDIA GeForce RTX 4070 Laptop GPU",32,8,5,301989888,142.368800,141.031700,145.744400,1.724080,0.962746,0.958464,0.965632,0.003153,19.379446,19.375164,19.382332,0.003153,0.326500,10.853500,5.509800,1.726900,147.877900,7.346381,2.121180,313.675681,0.000000,0.000000,true
4096,4096,3,box,cuda_shared_constant_filter,"NVIDIA GeForce RTX 4070 Laptop GPU",32,8,5,301989888,142.368800,141.031700,145.744400,1.724080,0.911565,0.910336,0.912384,0.000766,18.935365,18.934136,18.936184,0.000766,0.445700,10.736600,5.629300,1.212200,156.180668,7.518672,2.121180,331.287350,0.000000,0.000000,true
4096,4096,3,box,cuda_multi_output,"NVIDIA GeForce RTX 4070 Laptop GPU",32,8,5,301989888,142.368800,141.031700,145.744400,1.724080,0.752026,0.750592,0.753664,0.001389,19.094826,19.093392,19.096464,0.001389,0.416600,10.920400,5.662200,1.343600,189.313767,7.455884,2.121180,401.568625,0.000000,0.000000,true
4096,4096,3,box,cuda_register_tiled,"NVIDIA GeForce RTX 4070 Laptop GPU",32,8,5,301989888,142.368800,141.031700,145.744400,1.724080,0.649203,0.646144,0.652288,0.002335,24.591303,24.588244,24.594388,0.002335,0.352800,10.679700,11.530800,1.378800,219.297751,5.789396,2.121180,465.170059,0.000000,0.000000,true
4096,4096,3,box,cuda_separable,"NVIDIA GeForce RTX 4070 Laptop GPU",32,8,5,201326592,142.368800,141.031700,145.744400,1.724080,1.301907,1.298432,1.305600,0.002476,22.310407,22.306932,22.314100,0.002476,0.414800,13.206700,5.638000,1.749000,109.354030,6.381273,1.414120,154.639740,0.000000,0.000000,true
4096,4096,3,box,cuda_naive_global_memory,"NVIDIA GeForce RTX 4070 Laptop GPU",32,16,5,301989888,142.368800,141.031700,145.744400,1.724080,1.045709,1.042432,1.049600,0.002371,19.322909,19.319632,19.326800,0.002371,0.447000,11.049000,5.585900,1.195300,136.145745,7.367876,2.121180,288.789666,0.000000,0.000000,true
4096,4096,3,box,cuda_shared_memory_tiled,"NVIDIA GeForce RTX 4070 Laptop GPU",32,16,5,301989888,142.368800,141.031700,145.744400,1.724080,1.148518,1.142784,1.157120,0.004915,19.194218,19.188484,19.202820,0.004915,0.344300,10.834900,5.642100,1.224400,123.958656,7.417275,2.121180,262.938655,0.000000,0.000000,true
4096,4096,3,box,cuda_shared_constant_filter,"NVIDIA GeForce RTX 4070 Laptop GPU",32,16,5,301989888,142.368800,141.031700,145.744400,1.724080,1.134592,1.064960,1.362944,0.115341,19.835692,19.766060,20.064044,0.115341,0.329500,11.128200,5.850800,1.392600,125.480172,7.177405,2.121180,266.166063,0.000000,0.000000,true
4096,4096,3,box,cuda_multi_output,"NVIDIA GeForce RTX 4070 Laptop GPU",32,16,5,301989888,142.368800,141.031700,145.744400,1.724080,0.809779,0.807936,0.812032,0.001358,19.044679,19.042836,19.046932,0.001358,0.343700,11.001400,5.517100,1.372700,175.811872,7.475516,2.121180,372.928673,0.000000,0.000000,true
4096,4096,3,box,cuda_register_tiled,"NVIDIA GeForce RTX 4070 Laptop GPU",32,16,5,301989888,142.368800,141.031700,145.744400,1.724080,0.692224,0.690176,0.694272,0.001448,19.655824,19.653776,19.657872,0.001448,0.349300,11.002000,6.456900,1.155400,205.668685,7.243085,2.121180,436.260354,0.000000,0.000000,true
4096,4096,3,box,cuda_separable,"NVIDIA GeForce RTX 4070 Laptop GPU",32,16,5,201326592,142.368800,141.031700,145.744400,1.724080,1.289626,1.286144,1.292288,0.002388,22.735826,22.732344,22.738488,0.002388,0.435800,13.585900,5.536800,1.887700,110.395451,6.261871,1.414120,156.112435,0.000000,0.000000,true
4096,4096,3,gaussian,cuda_naive_global_memory,"NVIDIA GeForce RTX 4070 Laptop GPU",8,8,5,301989888,142.968180,141.629900,147.260000,2.153861,1.310720,1.309696,1.311744,0.000916,29.752720,29.751696,29.753744,0.000916,0.339700,16.080600,10.483300,1.538400,109.076068,4.805214,2.112287,230.400006,0.000000,0.000000,true
4096,4096,3,gaussian,cuda_shared_memory_tiled,"NVIDIA GeForce RTX 4070 Laptop GPU",8,8,5,301989888,142.968180,141.629900,147.260000,2.153861,1.463296,1.462272,1.465344,0.001122,29.582996,29.581972,29.585044,0.001122,0.332100,16.043900,10.450200,1.293500,97.702841,4.832782,2.112287,206.376483,0.000000,0.000000,true
4096,4096,3,gaussian,cuda_shared_constant_filter,"NVIDIA GeForce RTX 4070 Laptop GPU",8,8,5,301989888,142.968180,141.629900,147.260000,2.153861,1.393254,1.391616,1.396736,0.001899,29.932254,29.930616,29.935736,0.001899,0.416400,16.439900,10.455700,1.227000,102.614555,4.776392,2.112287,216.751433,0.000000,0.000000,true
4096,4096,3,gaussian,cuda_multi_output,"NVIDIA GeForce RTX 4070 Laptop GPU",8,8,5,301989888,142.968180,141.629900,147.260000,2.153861,1.197466,1.196032,1.200128,0.001533,29.592966,29.591532,29.595628,0.001533,0.417200,16.139000,10.506300,1.333000,119.392306,4.831154,2.112287,252.190865,0.000000,0.000000,true
4096,4096,3,gaussian,cuda_register_tiled,"NVIDIA GeForce RTX 4070 Laptop GPU",8,8,5,301989888,142.968180,141.629900,147.260000,2.153861,1.081344,1.079296,1.082368,0.001295,29.283944,29.281896,29.284968,0.001295,0.361700,16.112900,10.455300,1.272700,132.213411,4.882135,2.112287,279.272725,0.000000,0.000000,true
4096,4096,3,gaussian,cuda_separable,"NVIDIA GeForce RTX 4070 Laptop GPU",8,8,5,201326592,142.968180,141.629900,147.260000,2.153861,1.691853,1.688576,1.695744,0.002371,33.700953,33.697676,33.704844,0.002371,0.541500,19.015300,10.452200,2.000100,84.503912,4.242259,1.408192,118.997699,0.000000,0.000000,true
4096,4096,3,gaussian,cuda_naive_global_memory,"NVIDIA GeForce RTX 4070 Laptop GPU",16,16,5,301989888,142.968180,141.629900,147.260000,2.153861,1.275494,1.269760,1.297408,0.010964,29.912794,29.907060,29.934708,0.010964,0.344800,16.246800,10.474100,1.571600,112.088441,4.779499,2.112287,236.763004,0.000000,0.000000,true
4096,4096,3,gaussian,cuda_shared_memory_tiled,"NVIDIA GeForce RTX 4070 Laptop GPU",16,16,5,301989888,142.968180,141.629900,147.260000,2.153861,1.449574,1.414144,1.473536,0.027702,29.986474,29.951044,30.010436,0.027702,0.332400,16.492200,10.448700,1.263600,98.627694,4.767756,2.112287,208.330037,0.000000,0.000000,true
4096,4096,3,gaussian,cuda_shared_constant_filter,"NVIDIA GeForce RTX 4070 Laptop GPU",16,16,5,301989888,142.968180,141.629900,147.260000,2.153861,1.256653,1.255424,1.258496,0.001194,29.732553,29.731324,29.734396,0.001194,0.455500,16.364600,10.433900,1.221900,113.769035,4.808473,2.112287,240.312901,0.000000,0.000000,true
4096,4096,3,gaussian,cuda_multi_output,"NVIDIA GeForce RTX 4070 Laptop GPU",16,16,5,301989888,142.968180,141.629900,147.260000,2.153861,0.994918,0.993280,0.997376,0.001389,29.426318,29.424680,29.428776,0.001389,0.366800,16.092900,10.451100,1.520600,143.698397,4.858514,2.112287,303.532316,0.000000,0.000000,true
4096,4096,3,gaussian,cuda_register_tiled,"NVIDIA GeForce RTX 4070 Laptop GPU",16,16,5,301989888,142.968180,141.629900,147.260000,2.153861,0.798515,0.795648,0.803840,0.002853,33.045115,33.042248,33.050440,0.002853,0.363300,16.408100,14.362100,1.113100,179.042530,4.326454,2.112287,378.189285,0.000000,0.000000,true
4096,4096,3,gaussian,cuda_separable,"NVIDIA GeForce RTX 4070 Laptop GPU",16,16,5,201326592,142.968180,141.629900,147.260000,2.153861,1.557914,1.556480,1.560576,0.001389,33.237314,33.235880,33.239976,0.001389,0.622900,18.471000,10.443100,2.142400,91.769002,4.301436,1.408192,129.228339,0.000000,0.000000,true
4096,4096,3,gaussian,cuda_naive_global_memory,"NVIDIA GeForce RTX 4070 Laptop GPU",32,8,5,301989888,142.968180,141.629900,147.260000,2.153861,1.113702,1.113088,1.114112,0.000502,29.497302,29.496688,29.497712,0.000502,0.341600,16.108400,10.459000,1.474600,128.371976,4.846822,2.112287,271.158510,0.000000,0.000000,true
4096,4096,3,gaussian,cuda_shared_memory_tiled,"NVIDIA GeForce RTX 4070 Laptop GPU",32,8,5,301989888,142.968180,141.629900,147.260000,2.153861,1.197670,1.192960,1.202176,0.003079,29.862070,29.857360,29.866576,0.003079,0.421600,16.172900,10.442200,1.627700,119.371892,4.787618,2.112287,252.147745,0.000000,0.000000,true
4096,4096,3,gaussian,cuda_shared_constant_filter,"NVIDIA GeForce RTX 4070 Laptop GPU",32,8,5,301989888,142.968180,141.629900,147.260000,2.153861,1.121075,1.119232,1.122304,0.001003,29.118175,29.116332,29.119404,0.001003,0.365700,16.085800,10.443700,1.101900,127.527737,4.909929,2.112287,269.375234,0.000000,0.000000,true
4096,4096,3,gaussian,cuda_multi_output,"NVIDIA GeForce RTX 4070 Laptop GPU",32,8,5,301989888,142.968180,141.629900,147.260000,2.153861,0.900506,0.898048,0.905216,0.003079,29.046006,29.043548,29.050716,0.003079,0.385700,16.035000,10.448900,1.275900,158.764345,4.922129,2.112287,335.355928,0.000000,0.000000,true
4096,4096,3,gaussian,cuda_register_tiled,"NVIDIA GeForce RTX 4070 Laptop GPU",32,8,5,301989888,142.968180,141.629900,147.260000,2.153861,0.749978,0.747520,0.752640,0.001899,34.493778,34.491320,34.496440,0.001899,0.337000,16.467300,15.687700,1.251800,190.629933,4.144753,2.112287,402.665210,0.000000,0.000000,true
4096,4096,3,gaussian,cuda_separable,"NVIDIA GeForce RTX 4070 Laptop GPU",32,8,5,201326592,142.968180,141.629900,147.260000,2.153861,1.522278,1.520640,1.523712,0.001044,33.238378,33.236740,33.239812,0.001044,0.648900,18.439600,10.443100,2.184500,93.917234,4.301298,1.408192,132.253462,0.000000,0.000000,true
4096,4096,3,gaussian,cuda_naive_global_memory,"NVIDIA GeForce RTX 4070 Laptop GPU",32,16,5,301989888,142.968180,141.629900,147.260000,2.153861,1.199718,1.198080,1.201152,0.001389,29.719818,29.718180,29.721252,0.001389,0.361300,16.567700,10.446300,1.144800,119.168119,4.810533,2.112287,251.717319,0.000000,0.000000,true
4096,4096,3,gaussian,cuda_shared_memory_tiled,"NVIDIA GeForce RTX 4070 Laptop GPU",32,16,5,301989888,142.968180,141.629900,147.260000,2.153861,1.335910,1.333248,1.340416,0.002639,29.791310,29.788648,29.795816,0.002639,0.339000,16.335000,10.449500,1.331900,107.019287,4.798989,2.112287,226.055493,0.000000,0.000000,true
4096,4096,3,gaussian,cuda_shared_constant_filter,"NVIDIA GeForce RTX 4070 Laptop GPU",32,16,5,301989888,142.968180,141.629900,147.260000,2.153861,0.995098,0.986112,1.013760,0.009644,19.361598,19.352612,19.380260,0.009644,0.327600,11.353000,5.559700,1.126200,143.672520,7.384111,2.112287,303.477656,0.000000,0.000000,true
4096,4096,3,gaussian,cuda_multi_output,"NVIDIA GeForce RTX 4070 Laptop GPU",32,16,5,301989888,142.968180,141.629900,147.260000,2.153861,0.768410,0.766976,0.770048,0.001229,25.264510,25.263076,25.266148,0.001229,0.424200,10.855900,11.684200,1.531800,186.057251,5.658854,2.112287,393.006392,0.000000,0.000000,true
4096,4096,3,gaussian,cuda_register_tiled,"NVIDIA GeForce RTX 4070 Laptop GPU",32,16,5,301989888,142.968180,141.629900,147.260000,2.153861,0.656589,0.655360,0.659456,0.001638,18.444789,18.443560,18.447656,0.001638,0.347200,10.631200,5.592200,1.217600,217.743863,7.751142,2.112287,459.937622,0.000000,0.000000,true
4096,4096,3,gaussian,cuda_separable,"NVIDIA GeForce RTX 4070 Laptop GPU",32,16,5,201326592,142.968180,141.629900,147.260000,2.153861,1.249280,1.245184,1.253376,0.002823,28.122980,28.118884,28.127076,0.002823,0.698900,12.494100,11.600700,2.080000,114.440464,5.083678,1.408192,161.154101,0.000000,0.000000,true
4096,4096,3,sharpen,cuda_naive_global_memory,"NVIDIA GeForce RTX 4070 Laptop GPU",8,8,5,301989888,142.414620,141.282700,145.946000,1.778994,0.904806,0.902144,0.908288,0.002475,19.096906,19.094244,19.100388,0.002475,0.360800,11.036100,5.607600,1.187600,157.397890,7.457471,2.120498,333.761879,0.000001,0.000000,true
4096,4096,3,sharpen,cuda_shared_memory_tiled,"NVIDIA GeForce RTX 4070 Laptop GPU",8,8,5,301989888,142.414620,141.282700,145.946000,1.778994,0.942899,0.940032,0.950272,0.003853,18.635699,18.632832,18.643072,0.003853,0.341200,10.554400,5.624900,1.172300,151.039069,7.642033,2.120498,320.278014,0.000001,0.000000,true
4096,4096,3,sharpen,cuda_shared_constant_filter,"NVIDIA GeForce RTX 4070 Laptop GPU",8,8,5,301989888,142.414620,141.282700,145.946000,1.778994,0.902342,0.900096,0.906240,0.002089,18.915442,18.913196,18.919340,0.002089,0.340800,10.901100,5.622600,1.148600,157.827693,7.529013,2.120498,334.673276,0.000001,0.000000,true
4096,4096,3,sharpen,cuda_multi_output,"NVIDIA GeForce RTX 4070 Laptop GPU",8,8,5,301989888,142.414620,141.282700,145.946000,1.778994,0.758784,0.757760,0.761856,0.001586,24.589084,24.588060,24.592156,0.001586,0.342400,10.767600,11.258200,1.462100,187.687960,5.791782,2.120498,397.991905,0.000001,0.000000,true
4096,4096,3,sharpen,cuda_register_tiled,"NVIDIA GeForce RTX 4070 Laptop GPU",8,8,5,301989888,142.414620,141.282700,145.946000,1.778994,0.657818,0.654336,0.663552,0.003641,18.307918,18.304436,18.313652,0.003641,0.385900,10.441200,5.607100,1.215900,216.495609,7.778854,2.120498,459.078463,0.000001,0.000000,true
4096,4096,3,sharpen,cuda_naive_global_memory,"NVIDIA GeForce RTX 4070 Laptop GPU",16,16,5,301989888,142.414620,141.282700,145.946000,1.778994,0.829024,0.827392,0.831488,0.001392,18.915124,18.913492,18.917588,0.001392,0.433400,10.810600,5.650700,1.191400,171.785885,7.529140,2.120498,364.271590,0.000001,0.000000,true
4096,4096,3,sharpen,cuda_shared_memory_tiled,"NVIDIA GeForce RTX 4070 Laptop GPU",16,16,5,301989888,142.414620,141.282700,145.946000,1.778994,1.008230,1.006592,1.011712,0.002109,19.000230,18.998592,19.003712,0.002109,0.418700,10.851700,5.533900,1.187700,141.252056,7.495415,2.120498,299.524673,0.000001,0.000000,true
4096,4096,3,sharpen,cuda_shared_constant_filter,"NVIDIA GeForce RTX 4070 Laptop GPU",16,16,5,301989888,142.414620,141.282700,145.946000,1.778994,0.932045,0.929792,0.934912,0.002089,19.101545,19.099292,19.104412,0.002089,0.400600,10.948900,5.554100,1.265900,152.798041,7.455660,2.120498,324.007909,0.000001,0.000000,true
4096,4096,3,sharpen,cuda_multi_output,"NVIDIA GeForce RTX 4070 Laptop GPU",16,16,5,301989888,142.414620,141.282700,145.946000,1.778994,0.730317,0.729088,0.732160,0.001194,19.010317,19.009088,19.012160,0.001194,0.395700,10.942500,5.639600,1.302200,195.003893,7.491439,2.120498,413.505325,0.000001,0.000000,true
4096,4096,3,sharpen,cuda_register_tiled,"NVIDIA GeForce RTX 4070 Laptop GPU",16,16,5,301989888,142.414620,141.282700,145.946000,1.778994,0.592282,0.591872,0.593920,0.000819,18.560382,18.559972,18.562020,0.000819,0.334000,10.885400,5.491400,1.257300,240.450868,7.673044,2.120498,509.875536,0.000001,0.000000,true
4096,4096,3,sharpen,cuda_naive_global_memory,"NVIDIA GeForce RTX 4070 Laptop GPU",32,8,5,301989888,142.414620,141.282700,145.946000,1.778994,1.017037,1.015808,1.018880,0.001194,29.309237,29.308008,29.311080,0.001194,0.379400,16.040500,10.441300,1.431000,140.028975,4.859035,2.120498,296.931133,0.000001,0.000000,true
4096,4096,3,sharpen,cuda_shared_memory_tiled,"NVIDIA GeForce RTX 4070 Laptop GPU",32,8,5,301989888,142.414620,141.282700,145.946000,1.778994,1.165722,1.164288,1.168384,0.001533,29.545322,29.543888,29.547984,0.001533,0.419400,16.258200,10.448500,1.253500,122.168635,4.820209,2.120498,259.058321,0.000001,0.000000,true
4096,4096,3,sharpen,cuda_shared_constant_filter,"NVIDIA GeForce RTX 4070 Laptop GPU",32,8,5,301989888,142.414620,141.282700,145.946000,1.778994,1.091994,1.087488,1.096704,0.003079,29.781294,29.776788,29.786004,0.003079,0.326200,16.507700,10.453200,1.402200,130.417084,4.782016,2.120498,276.549139,0.000001,0.000000,true
4096,4096,3,sharpen,cuda_multi_output,"NVIDIA GeForce RTX 4070 Laptop GPU",32,8,5,301989888,142.414620,141.282700,145.946000,1.778994,0.886989,0.884736,0.888832,0.001505,29.114789,29.112536,29.116632,0.001505,0.321600,16.081600,10.433800,1.390800,160.559659,4.891487,2.120498,340.466402,0.000001,0.000000,true
4096,4096,3,sharpen,cuda_register_tiled,"NVIDIA GeForce RTX 4070 Laptop GPU",32,8,5,301989888,142.414620,141.282700,145.946000,1.778994,0.760422,0.757760,0.762880,0.001785,29.174122,29.171460,29.176580,0.001785,0.418600,16.329300,10.456600,1.209200,187.283566,4.881539,2.120498,397.134388,0.000001,0.000000,true
4096,4096,3,sharpen,cuda_naive_global_memory,"NVIDIA GeForce RTX 4070 Laptop GPU",32,16,5,301989888,142.414620,141.282700,145.946000,1.778994,1.061274,1.058816,1.067008,0.003079,25.636574,25.634116,25.642308,0.003079,0.329800,11.096100,11.960600,1.188800,134.192185,5.555135,2.120498,284.554233,0.000001,0.000000,true
4096,4096,3,sharpen,cuda_shared_memory_tiled,"NVIDIA GeForce RTX 4070 Laptop GPU",32,16,5,301989888,142.414620,141.282700,145.946000,1.778994,1.111859,1.111040,1.114112,0.001194,19.416759,19.415940,19.419012,0.001194,0.406900,11.314300,5.538800,1.044900,128.086919,7.334624,2.120498,271.608030,0.000001,0.000000,true
4096,4096,3,sharpen,cuda_shared_constant_filter,"NVIDIA GeForce RTX 4070 Laptop GPU",32,16,5,301989888,142.414620,141.282700,145.946000,1.778994,1.086861,1.082368,1.094592,0.004398,19.803861,19.799368,19.811592,0.004398,0.379800,11.285700,5.623800,1.427700,131.032990,7.191255,2.120498,277.855166,0.000001,0.000000,true
4096,4096,3,sharpen,cuda_multi_output,"NVIDIA GeForce RTX 4070 Laptop GPU",32,16,5,301989888,142.414620,141.282700,145.946000,1.778994,0.828211,0.826368,0.830464,0.001505,19.663111,19.661268,19.665364,0.001505,0.327600,11.479700,5.660000,1.367600,171.954475,7.242731,2.120498,364.629085,0.000001,0.000000,true
4096,4096,3,sharpen,cuda_register_tiled,"NVIDIA GeForce RTX 4070 Laptop GPU",32,16,5,301989888,142.414620,141.282700,145.946000,1.778994,0.703891,0.702464,0.705536,0.001047,19.627691,19.626264,19.629336,0.001047,0.354600,11.452400,5.570800,1.546000,202.324764,7.255801,2.120498,429.029217,0.000001,0.000000,true
4096,4096,3,sobel,cuda_naive_global_memory,"NVIDIA GeForce RTX 4070 Laptop GPU",8,8,5,301989888,143.684560,142.292600,147.814700,2.096022,1.008230,0.999424,1.036288,0.014064,19.496930,19.488124,19.524988,0.014064,0.312500,11.287300,5.646500,1.242400,142.511632,7.369599,2.101756,299.524680,0.000000,0.000000,true
4096,4096,3,sobel,cuda_shared_memory_tiled,"NVIDIA GeForce RTX 4070 Laptop GPU",8,8,5,301989888,143.684560,142.292600,147.814700,2.096022,1.051443,1.049600,1.054720,0.001762,19.854643,19.852800,19.857920,0.001762,0.411500,11.451000,5.566800,1.373900,136.654607,7.236824,2.101756,287.214642,0.000000,0.000000,true
4096,4096,3,sobel,cuda_shared_constant_filter,"NVIDIA GeForce RTX 4070 Laptop GPU",8,8,5,301989888,143.684560,142.292600,147.814700,2.096022,1.004339,1.002496,1.007616,0.001762,19.769039,19.767196,19.772316,0.001762,0.338400,11.259000,5.652600,1.514700,143.063775,7.268161,2.101756,300.685150,0.000000,0.000000,true
4096,4096,3,sobel,cuda_multi_output,"NVIDIA GeForce RTX 4070 Laptop GPU",8,8,5,301989888,143.684560,142.292600,147.814700,2.096022,0.833331,0.832512,0.834560,0.001003,19.756031,19.755212,19.757260,0.001003,0.333700,11.540900,5.673600,1.374500,172.421913,7.272947,2.101756,362.388792,0.000000,0.000000,true
4096,4096,3,sobel,cuda_register_tiled,"NVIDIA GeForce RTX 4070 Laptop GPU",8,8,5,301989888,143.684560,142.292600,147.814700,2.096022,0.737075,0.736256,0.738304,0.001003,19.644575,19.643756,19.645804,0.001003,0.378900,11.454900,5.671900,1.401800,194.938804,7.314211,2.101756,409.713804,0.000000,0.000000,true
4096,4096,3,sobel,cuda_naive_global_memory,"NVIDIA GeForce RTX 4070 Laptop GPU",16,16,5,301989888,143.684560,142.292600,147.814700,2.096022,0.921792,0.920512,0.923648,0.001208,19.330092,19.328812,19.331948,0.001208,0.333200,11.231900,5.623200,1.220000,155.875253,7.433206,2.101756,327.611749,0.000000,0.000000,true
4096,4096,3,sobel,cuda_shared_memory_tiled,"NVIDIA GeForce RTX 4070 Laptop GPU",16,16,5,301989888,143.684560,142.292600,147.814700,2.096022,1.069261,1.044480,1.088512,0.017029,20.380761,20.355980,20.400012,0.017029,0.443500,11.788900,5.589800,1.489300,134.377471,7.050010,2.101756,282.428657,0.000000,0.000000,true
4096,4096,3,sobel,cuda_shared_constant_filter,"NVIDIA GeForce RTX 4070 Laptop GPU",16,16,5,301989888,143.684560,142.292600,147.814700,2.096022,0.987341,0.985088,0.989184,0.001358,19.734341,19.732088,19.736184,0.001358,0.335700,11.245400,5.636600,1.529300,145.526812,7.280940,2.101756,305.861852,0.000000,0.000000,true
4096,4096,3,sobel,cuda_multi_output,"NVIDIA GeForce RTX 4070 Laptop GPU",16,16,5,301989888,143.684560,142.292600,147.814700,2.096022,0.801792,0.800768,0.803840,0.001122,19.747492,19.746468,19.749540,0.001122,0.354000,11.549200,5.589000,1.453500,179.204279,7.276092,2.101756,376.643672,0.000000,0.000000,true
4096,4096,3,sobel,cuda_register_tiled,"NVIDIA GeForce RTX 4070 Laptop GPU",16,16,5,301989888,143.684560,142.292600,147.814700,2.096022,0.779264,0.777216,0.781312,0.001448,29.309664,29.307616,29.311712,0.001448,0.397000,16.448300,10.453500,1.231600,184.384959,4.902293,2.101756,387.532196,0.000000,0.000000,true
4096,4096,3,sobel,cuda_naive_global_memory,"NVIDIA GeForce RTX 4070 Laptop GPU",32,8,5,301989888,143.684560,142.292600,147.814700,2.096022,1.069056,1.067008,1.070080,0.001122,29.138256,29.136208,29.139280,0.001122,0.399700,16.058800,10.460300,1.150400,134.403208,4.931131,2.101756,282.482750,0.000000,0.000000,true
4096,4096,3,sobel,cuda_shared_memory_tiled,"NVIDIA GeForce RTX 4070 Laptop GPU",32,8,5,301989888,143.684560,142.292600,147.814700,2.096022,1.213030,1.212416,1.214464,0.000819,29.858930,29.858316,29.860364,0.000819,0.403800,16.398800,10.445500,1.397800,118.450913,4.812113,2.101756,248.954919,0.000000,0.000000,true
4096,4096,3,sobel,cuda_shared_constant_filter,"NVIDIA GeForce RTX 4070 Laptop GPU",32,8,5,301989888,143.684560,142.292600,147.814700,2.096022,1.111040,1.107968,1.115136,0.002335,33.149140,33.146068,33.153236,0.002335,0.362400,16.346600,13.881600,1.447500,129.324381,4.334488,2.101756,271.808296,0.000000,0.000000,true
4096,4096,3,sobel,cuda_multi_output,"NVIDIA GeForce RTX 4070 Laptop GPU",32,8,5,301989888,143.684560,142.292600,147.814700,2.096022,0.908902,0.907264,0.911360,0.001533,29.021802,29.020164,29.024260,0.001533,0.294800,16.312600,10.483800,1.021700,158.085796,4.950918,2.101756,332.257771,0.000000,0.000000,true
4096,4096,3,sobel,cuda_register_tiled,"NVIDIA GeForce RTX 4070 Laptop GPU",32,8,5,301989888,143.684560,142.292600,147.814700,2.096022,0.744243,0.742400,0.748544,0.002281,28.613143,28.611300,28.617444,0.002281,0.292100,16.060500,10.443800,1.072500,193.061302,5.021628,2.101756,405.767753,0.000000,0.000000,true
4096,4096,3,sobel,cuda_naive_global_memory,"NVIDIA GeForce RTX 4070 Laptop GPU",32,16,5,301989888,143.684560,142.292600,147.814700,2.096022,1.211187,1.210368,1.212416,0.000766,32.775587,32.774768,32.776816,0.000766,0.347000,16.046300,14.128000,1.043100,118.631170,4.383890,2.101756,249.333775,0.000000,0.000000,true
4096,4096,3,sobel,cuda_shared_memory_tiled,"NVIDIA GeForce RTX 4070 Laptop GPU",32,16,5,301989888,143.684560,142.292600,147.814700,2.096022,1.346150,1.337344,1.356800,0.007679,29.579550,29.570744,29.590200,0.007679,0.389300,16.371300,10.451000,1.021800,106.737373,4.857564,2.101756,224.335916,0.000000,0.000000,true
4096,4096,3,sobel,cuda_shared_constant_filter,"NVIDIA GeForce RTX 4070 Laptop GPU",32,16,5,301989888,143.684560,142.292600,147.814700,2.096022,1.273856,1.265664,1.282048,0.005900,29.636656,29.628464,29.644848,0.005900,0.347500,16.348700,10.480400,1.186200,112.794979,4.848204,2.101756,237.067525,0.000000,0.000000,true
4096,4096,3,sobel,cuda_multi_output,"NVIDIA GeForce RTX 4070 Laptop GPU",32,16,5,301989888,143.684560,142.292600,147.814700,2.096022,0.975872,0.974848,0.977920,0.001122,29.306072,29.305048,29.308120,0.001122,0.295800,16.428000,10.481900,1.124500,147.237100,4.902894,2.101756,309.456460,0.000000,0.000000,true
4096,4096,3,sobel,cuda_register_tiled,"NVIDIA GeForce RTX 4070 Laptop GPU",32,16,5,301989888,143.684560,142.292600,147.814700,2.096022,0.710656,0.708608,0.713728,0.001943,18.057156,18.055108,18.060228,0.001943,0.225700,10.870800,5.577900,0.672100,202.185815,7.957209,2.101756,424.945253,0.000000,0.000000,true
4096,4096,5,box,cuda_naive_global_memory,"NVIDIA GeForce RTX 4070 Laptop GPU",8,8,5,838860800,314.488320,313.076600,318.448400,2.043996,7.921254,7.915520,7.930880,0.005480,57.477354,57.471620,57.486980,0.005480,0.247900,27.403800,20.367000,1.537400,39.701833,5.471517,2.667383,105.899994,0.000000,0.000000,true
4096,4096,5,box,cuda_shared_memory_tiled,"NVIDIA GeForce RTX 4070 Laptop GPU",8,8,5,838860800,314.488320,313.076600,318.448400,2.043996,6.624051,6.601728,6.634496,0.012911,58.082351,58.060028,58.092796,0.012911,0.232200,27.045600,22.318400,1.862100,47.476735,5.414525,2.667383,126.638635,0.000000,0.000000,true
4096,4096,5,box,cuda_shared_constant_filter,"NVIDIA GeForce RTX 4070 Laptop GPU",8,8,5,838860800,314.488320,313.076600,318.448400,2.043996,6.649651,6.639616,6.661120,0.007106,55.784551,55.774516,55.796020,0.007106,0.223200,26.953800,20.371600,1.586300,47.293957,5.637552,2.667383,126.151097,0.000000,0.000000,true
4096,4096,5,box,cuda_multi_output,"NVIDIA GeForce RTX 4070 Laptop GPU",8,8,5,838860800,314.488320,313.076600,318.448400,2.043996,6.746522,6.738944,6.758400,0.006496,55.914922,55.907344,55.926800,0.006496,0.238800,27.009700,20.368100,1.551800,46.614884,5.624408,2.667383,124.339749,0.000000,0.000000,true
4096,4096,5,box,cuda_register_tiled,"NVIDIA GeForce RTX 4070 Laptop GPU",8,8,5,838860800,314.488320,313.076600,318.448400,2.043996,6.644941,6.634496,6.650880,0.005661,55.925141,55.914696,55.931080,0.005661,0.231200,27.050300,20.363100,1.635600,47.327483,5.623380,2.667383,126.240524,0.000000,0.000000,true
4096,4096,5,box,cuda_separable,"NVIDIA GeForce RTX 4070 Laptop GPU",8,8,5,335544320,314.488320,313.076600,318.448400,2.043996,4.230144,1.520640,13.276160,4.575867,46.611544,43.902040,55.657560,4.575867,0.611100,29.712300,10.457100,1.600900,74.344589,6.747005,1.066953,79.322197,0.000000,0.000000,true
4096,4096,5,box,cuda_naive_global_memory,"NVIDIA GeForce RTX 4070 Laptop GPU",16,16,5,838860800,314.488320,313.076600,318.448400,2.043996,1.691648,1.689600,1.694720,0.001832,28.970348,28.968300,28.973420,0.001832,0.238700,15.701400,10.446700,0.891900,185.906476,10.855524,2.667383,495.883775,0.000000,0.000000,true
4096,4096,5,box,cuda_shared_memory_tiled,"NVIDIA GeForce RTX 4070 Laptop GPU",16,16,5,838860800,314.488320,313.076600,318.448400,2.043996,1.743462,1.742848,1.744896,0.000819,28.952262,28.951648,28.953696,0.000819,0.257600,15.672900,10.423100,0.855200,180.381471,10.862306,2.667383,481.146470,0.000000,0.000000,true
4096,4096,5,box,cuda_shared_constant_filter,"NVIDIA GeForce RTX 4070 Laptop GPU",16,16,5,838860800,314.488320,313.076600,318.448400,2.043996,1.249242,1.243040,1.253376,0.003639,27.968942,27.962740,27.973076,0.003639,0.235100,14.863200,10.426100,1.195300,251.743396,11.244198,2.667383,671.496055,0.000000,0.000000,true
4096,4096,5,box,cuda_multi_output,"NVIDIA GeForce RTX 4070 Laptop GPU",16,16,5,838860800,314.488320,313.076600,318.448400,2.043996,1.367450,1.367040,1.368064,0.000502,27.683650,27.683240,27.684264,0.000502,0.236200,14.750700,10.427100,0.902200,229.981647,11.360074,2.667383,613.449135,0.000000,0.000000,true
4096,4096,5,box,cuda_register_tiled,"NVIDIA GeForce RTX 4070 Laptop GPU",16,16,5,838860800,314.488320,313.076600,318.448400,2.043996,0.984678,0.983040,0.986112,0.001044,27.434978,27.433340,27.436412,0.001044,0.261000,14.605400,10.426000,1.157900,319.381764,11.463042,2.667383,851.913488,0.000000,0.000000,true
4096,4096,5,box,cuda_separable,"NVIDIA GeForce RTX 4070 Laptop GPU",16,16,5,335544320,314.488320,313.076600,318.448400,2.043996,1.521254,1.508352,1.526784,0.006687,30.272054,30.259152,30.277584,0.006687,0.317700,16.320600,10.429100,1.683400,206.729601,10.388734,1.066953,220.570810,0.000000,0.000000,true
4096,4096,5,box,cuda_naive_global_memory,"NVIDIA GeForce RTX 4070 Laptop GPU",32,8,5,838860800,314.488320,313.076600,318.448400,2.043996,1.381376,1.379328,1.383424,0.001448,27.137276,27.135228,27.139324,0.001448,0.247100,14.621900,9.982300,0.904600,227.663079,11.588795,2.667383,607.264628,0.000000,0.000000,true
4096,4096,5,box,cuda_shared_memory_tiled,"NVIDIA GeForce RTX 4070 Laptop GPU",32,8,5,838860800,314.488320,313.076600,318.448400,2.043996,1.442202,1.440768,1.443840,0.001044,18.031802,18.030368,18.033440,0.001044,0.243000,9.889400,5.604200,0.853000,218.061273,17.440760,2.667383,581.652934,0.000000,0.000000,true
4096,4096,5,box,cuda_shared_constant_filter,"NVIDIA GeForce RTX 4070 Laptop GPU",32,8,5,838860800,314.488320,313.076600,318.448400,2.043996,1.203405,1.201152,1.207296,0.002089,17.701605,17.699352,17.705496,0.002089,0.256700,9.924800,5.553900,0.762800,261.332117,17.766091,2.667383,697.072848,0.000000,0.000000,true
4096,4096,5,box,cuda_multi_output,"NVIDIA GeForce RTX 4070 Laptop GPU",32,8,5,838860800,314.488320,313.076600,318.448400,2.043996,1.279590,1.276928,1.286144,0.003464,21.585390,21.582728,21.591944,0.003464,0.234400,9.935200,9.216300,0.919900,245.772653,14.569499,2.667383,655.569799,0.000000,0.000000,true
4096,4096,5,box,cuda_register_tiled,"NVIDIA GeForce RTX 4070 Laptop GPU",32,8,5,838860800,314.488320,313.076600,318.448400,2.043996,0.946336,0.944128,0.949248,0.001765,17.909236,17.907028,17.912148,0.001765,0.227400,10.159500,5.549300,1.026700,332.322052,17.560119,2.667383,886.430194,0.000000,0.000000,true
4096,4096,5,box,cuda_separable,"NVIDIA GeForce RTX 4070 Laptop GPU",32,8,5,335544320,314.488320,313.076600,318.448400,2.043996,1.294746,1.293312,1.296384,0.001389,20.436046,20.434612,20.437684,0.001389,0.286200,12.045700,5.536200,1.273200,242.895847,15.388903,1.066953,259.158501,0.000000,0.000000,true
4096,4096,5,box,cuda_naive_global_memory,"NVIDIA GeForce RTX 4070 Laptop GPU",32,16,5,838860800,314.488320,313.076600,318.448400,2.043996,1.436646,1.433600,1.443840,0.003671,18.369146,18.366100,18.376340,0.003671,0.242800,10.111200,5.691300,0.887200,218.904472,17.120465,2.667383,583.902069,0.000000,0.000000,true
4096,4096,5,box,cuda_shared_memory_tiled,"NVIDIA GeForce RTX 4070 Laptop GPU",32,16,5,838860800,314.488320,313.076600,318.448400,2.043996,1.491136,1.489920,1.492928,0.000980,18.268336,18.267120,18.270128,0.000980,0.248400,9.922000,5.728300,0.878500,210.905185,17.214941,2.667383,562.564907,0.000000,0.000000,true
4096,4096,5,box,cuda_shared_constant_filter,"NVIDIA GeForce RTX 4070 Laptop GPU",32,16,5,838860800,314.488320,313.076600,318.448400,2.043996,1.226138,1.222656,1.228800,0.002206,18.302538,18.299056,18.305200,0.002206,0.233700,10.331000,5.541300,0.970400,256.486964,17.182771,2.667383,684.148968,0.000000,0.000000,true
4096,4096,5,box,cuda_multi_output,"NVIDIA GeForce RTX 4070 Laptop GPU",32,16,5,838860800,314.488320,313.076600,318.448400,2.043996,1.320730,1.319808,1.321984,0.001025,18.099930,18.099008,18.101184,0.001025,0.306000,10.010200,5.576400,0.886600,238.117107,17.375113,2.667383,635.149524,0.000000,0.000000,true
4096,4096,5,box,cuda_register_tiled,"NVIDIA GeForce RTX 4070 Laptop GPU",32,16,5,838860800,314.488320,313.076600,318.448400,2.043996,0.972390,0.969728,0.978944,0.003463,17.432890,17.430228,17.439444,0.003463,0.258100,9.766000,5.556300,0.880100,323.417754,18.039941,2.667383,862.679022,0.000000,0.000000,true
4096,4096,5,box,cuda_separable,"NVIDIA GeForce RTX 4070 Laptop GPU",32,16,5,335544320,314.488320,313.076600,318.448400,2.043996,1.311539,1.310720,1.313792,0.001194,20.010439,20.009620,20.012692,0.001194,0.284100,11.676900,5.639100,1.098800,239.785686,15.716213,1.066953,255.840105,0.000000,0.000000,true
4096,4096,5,gaussian,cuda_naive_global_memory,"NVIDIA GeForce RTX 4070 Laptop GPU",8,8,5,838860800,316.559520,315.286400,320.048900,1.762686,3.957350,3.955712,3.958784,0.001044,34.932550,34.930912,34.933984,0.001044,0.301800,16.500100,13.032200,1.141100,79.992793,9.062021,2.649931,211.975361,0.000000,0.000000,true
4096,4096,5,gaussian,cuda_shared_memory_tiled,"NVIDIA GeForce RTX 4070 Laptop GPU",8,8,5,838860800,316.559520,315.286400,320.048900,1.762686,3.648102,3.644416,3.651584,0.002639,31.875302,31.871616,31.878784,0.002639,0.300000,16.443800,10.484500,0.998900,86.773748,9.931185,2.649931,229.944421,0.000000,0.000000,true
4096,4096,5,gaussian,cuda_shared_constant_filter,"NVIDIA GeForce RTX 4070 Laptop GPU",8,8,5,838860800,316.559520,315.286400,320.048900,1.762686,2.923110,2.921472,2.925568,0.001389,30.781710,30.780072,30.784168,0.001389,0.240900,16.284100,10.464200,0.869400,108.295434,10.284013,2.649931,286.975400,0.000000,0.000000,true
4096,4096,5,gaussian,cuda_multi_output,"NVIDIA GeForce RTX 4070 Laptop GPU",8,8,5,838860800,316.559520,315.286400,320.048900,1.762686,3.645030,3.640320,3.657728,0.006398,31.781230,31.776520,31.793928,0.006398,0.236700,16.498500,10.466600,0.934400,86.846879,9.960581,2.649931,230.138215,0.000000,0.000000,true
4096,4096,5,gaussian,cuda_register_tiled,"NVIDIA GeForce RTX 4070 Laptop GPU",8,8,5,838860800,316.559520,315.286400,320.048900,1.762686,2.629837,2.626560,2.633728,0.002371,30.702437,30.699160,30.706328,0.002371,0.267200,16.143200,10.455700,1.206500,120.372306,10.310567,2.649931,318.978273,0.000000,0.000000,true
4096,4096,5,gaussian,cuda_separable,"NVIDIA GeForce RTX 4070 Laptop GPU",8,8,5,335544320,316.559520,315.286400,320.048900,1.762686,1.640038,1.637376,1.644544,0.002475,32.728538,32.725876,32.733044,0.002475,0.267200,18.863700,10.465400,1.492200,193.019581,9.672278,1.059972,204.595408,0.000000,0.000000,true
4096,4096,5,gaussian,cuda_naive_global_memory,"NVIDIA GeForce RTX 4070 Laptop GPU",16,16,5,838860800,316.559520,315.286400,320.048900,1.762686,2.510438,2.508800,2.512896,0.001389,30.788138,30.786500,30.790596,0.001389,0.229000,16.451400,10.490700,1.106600,126.097304,10.281866,2.649931,334.149121,0.000000,0.000000,true
4096,4096,5,gaussian,cuda_shared_memory_tiled,"NVIDIA GeForce RTX 4070 Laptop GPU",16,16,5,838860800,316.559520,315.286400,320.048900,1.762686,2.601370,2.599936,2.603008,0.001044,30.962370,30.960936,30.964008,0.001044,0.249800,16.588100,10.456400,1.066700,121.689558,10.224008,2.649931,322.468900,0.000000,0.000000,true
4096,4096,5,gaussian,cuda_shared_constant_filter,"NVIDIA GeForce RTX 4070 Laptop GPU",16,16,5,838860800,316.559520,315.286400,320.048900,1.762686,2.037146,2.033664,2.041856,0.002939,30.226146,30.222664,30.230856,0.002939,0.221800,16.493500,10.465400,1.008300,155.393663,10.473036,2.649931,411.782444,0.000000,0.000000,true
4096,4096,5,gaussian,cuda_multi_output,"NVIDIA GeForce RTX 4070 Laptop GPU",16,16,5,838860800,316.559520,315.286400,320.048900,1.762686,2.274099,2.272256,2.275328,0.001194,30.518499,30.516656,30.519728,0.001194,0.293100,16.468000,10.484000,0.999300,139.202165,10.372709,2.649931,368.876095,0.000000,0.000000,true
4096,4096,5,gaussian,cuda_register_tiled,"NVIDIA GeForce RTX 4070 Laptop GPU",16,16,5,838860800,316.559520,315.286400,320.048900,1.762686,1.646592,1.631232,1.665024,0.014811,33.004792,32.989432,33.023224,0.014811,0.240500,16.411700,13.809400,0.896600,192.251339,9.591320,2.649931,509.452730,0.000000,0.000000,true
4096,4096,5,gaussian,cuda_separable,"NVIDIA GeForce RTX 4070 Laptop GPU",16,16,5,335544320,316.559520,315.286400,320.048900,1.762686,1.552384,1.550336,1.554432,0.001295,32.535984,32.533936,32.538032,0.001295,0.381200,19.162500,10.459400,0.980500,203.918306,9.729520,1.059972,216.147755,0.000000,0.000000,true
4096,4096,5,gaussian,cuda_naive_global_memory,"NVIDIA GeForce RTX 4070 Laptop GPU",32,8,5,838860800,316.559520,315.286400,320.048900,1.762686,2.361959,2.361344,2.363392,0.000819,34.290859,34.290244,34.292292,0.000819,0.232200,16.348100,14.168400,1.180200,134.024167,9.231601,2.649931,355.154758,0.000000,0.000000,true
4096,4096,5,gaussian,cuda_shared_memory_tiled,"NVIDIA GeForce RTX 4070 Laptop GPU",32,8,5,838860800,316.559520,315.286400,320.048900,1.762686,2.074624,2.071552,2.076672,0.002148,30.286724,30.283652,30.288772,0.002148,0.237400,16.600800,10.461600,0.912300,152.586450,10.452088,2.649931,404.343522,0.000000,0.000000,true
4096,4096,5,gaussian,cuda_shared_constant_filter,"NVIDIA GeForce RTX 4070 Laptop GPU",32,8,5,838860800,316.559520,315.286400,320.048900,1.762686,1.714586,1.712128,1.720320,0.002939,29.960686,29.958228,29.966420,0.002939,0.316500,16.242000,10.511400,1.176200,184.627418,10.565830,2.649931,489.249870,0.000000,0.000000,true
4096,4096,5,gaussian,cuda_multi_output,"NVIDIA GeForce RTX 4070 Laptop GPU",32,8,5,838860800,316.559520,315.286400,320.048900,1.762686,1.677722,1.676288,1.680384,0.001533,24.003922,24.002488,24.006584,0.001533,0.242600,11.541000,9.630300,0.912300,188.684175,13.187825,2.649931,499.999994,0.000000,0.000000,true
4096,4096,5,gaussian,cuda_register_tiled,"NVIDIA GeForce RTX 4070 Laptop GPU",32,8,5,838860800,316.559520,315.286400,320.048900,1.762686,1.229210,1.227776,1.231872,0.001389,19.448010,19.446576,19.450672,0.001389,0.277800,11.350800,5.592200,0.998000,257.530945,16.277219,2.649931,682.439166,0.000000,0.000000,true
4096,4096,5,gaussian,cuda_separable,"NVIDIA GeForce RTX 4070 Laptop GPU",32,8,5,335544320,316.559520,315.286400,320.048900,1.762686,1.179443,1.177600,1.181696,0.001358,21.599443,21.597600,21.601696,0.001358,0.270200,13.520600,5.572300,1.056900,268.397418,14.655911,1.059972,284.493826,0.000000,0.000000,true
4096,4096,5,gaussian,cuda_naive_global_memory,"NVIDIA GeForce RTX 4070 Laptop GPU",32,16,5,838860800,316.559520,315.286400,320.048900,1.762686,1.840934,1.839104,1.844224,0.001991,19.866534,19.864704,19.869824,0.001991,0.234300,11.279900,5.635700,0.875700,171.955892,15.934310,2.649931,455.671202,0.000000,0.000000,true
4096,4096,5,gaussian,cuda_shared_memory_tiled,"NVIDIA GeForce RTX 4070 Laptop GPU",32,16,5,838860800,316.559520,315.286400,320.048900,1.762686,1.951949,1.949696,1.954816,0.001986,20.256749,20.254496,20.259616,0.001986,0.283000,11.401600,5.553900,1.066300,162.176142,15.627361,2.649931,429.755543,0.000000,0.000000,true
4096,4096,5,gaussian,cuda_shared_constant_filter,"NVIDIA GeForce RTX 4070 Laptop GPU",32,16,5,838860800,316.559520,315.286400,320.048900,1.762686,1.573062,1.571840,1.575904,0.001627,19.749362,19.748140,19.752204,0.001627,0.229400,11.348400,5.711400,0.887100,201.237736,16.028848,2.649931,533.266061,0.000000,0.000000,true
4096,4096,5,gaussian,cuda_multi_output,"NVIDIA GeForce RTX 4070 Laptop GPU",32,16,5,838860800,316.559520,315.286400,320.048900,1.762686,1.726259,1.725440,1.727488,0.000766,19.714859,19.714040,19.716088,0.000766,0.245200,11.232400,5.625700,0.885300,183.378901,16.056900,2.649931,485.941384,0.000000,0.000000,true
4096,4096,5,gaussian,cuda_register_tiled,"NVIDIA GeForce RTX 4070 Laptop GPU",32,16,5,838860800,316.559520,315.286400,320.048900,1.762686,1.252147,1.250304,1.253376,0.001194,19.115047,19.113204,19.116276,0.001194,0.262300,10.985200,5.680300,0.935100,252.813344,16.560750,2.649931,669.937849,0.000000,0.000000,true
4096,4096,5,gaussian,cuda_separable,"NVIDIA GeForce RTX 4070 Laptop GPU",32,16,5,335544320,316.559520,315.286400,320.048900,1.762686,1.263808,1.260544,1.268736,0.002703,22.252808,22.249544,22.257736,0.002703,0.269500,13.967000,5.655700,1.096800,250.480713,14.225599,1.059972,265.502615,0.000000,0.000000,true
4096,4096,5,sharpen,cuda_naive_global_memory,"NVIDIA GeForce RTX 4070 Laptop GPU",8,8,5,838860800,354.655700,353.140000,359.001300,2.185862,5.378867,5.377024,5.380096,0.001194,33.435067,33.433224,33.436296,0.001194,0.265000,16.426500,10.455100,0.909600,65.935016,10.607297,2.365282,155.954918,0.000001,0.000000,true
4096,4096,5,sharpen,cuda_shared_memory_tiled,"NVIDIA GeForce RTX 4070 Laptop GPU",8,8,5,838860800,354.655700,353.140000,359.001300,2.185862,5.150310,5.148672,5.153792,0.002108,33.205410,33.203772,33.208892,0.002108,0.255900,16.382000,10.482000,0.935200,68.861034,10.680660,2.365282,162.875775,0.000001,0.000000,true
4096,4096,5,sharpen,cuda_shared_constant_filter,"NVIDIA GeForce RTX 4070 Laptop GPU",8,8,5,838860800,354.655700,353.140000,359.001300,2.185862,4.491674,4.489216,4.493312,0.001389,32.557774,32.555316,32.559412,0.001389,0.222300,16.273900,10.462500,1.107400,78.958476,10.893119,2.365282,186.759075,0.000001,0.000000,true
4096,4096,5,sharpen,cuda_multi_output,"NVIDIA GeForce RTX 4070 Laptop GPU",8,8,5,838860800,354.655700,353.140000,359.001300,2.185862,4.341760,4.338688,4.344832,0.002243,32.145060,32.141988,32.148132,0.002243,0.247400,16.209500,10.459800,0.886600,81.684778,11.032977,2.365282,193.207549,0.000001,0.000000,true
4096,4096,5,sharpen,cuda_register_tiled,"NVIDIA GeForce RTX 4070 Laptop GPU",8,8,5,838860800,354.655700,353.140000,359.001300,2.185862,3.909837,3.908608,3.914752,0.002458,44.149737,44.148508,44.154652,0.002458,0.295200,16.576300,21.419000,1.949400,90.708569,8.033020,2.365282,214.551361,0.000001,0.000000,true
4096,4096,5,sharpen,cuda_naive_global_memory,"NVIDIA GeForce RTX 4070 Laptop GPU",16,16,5,838860800,354.655700,353.140000,359.001300,2.185862,6.642688,6.635520,6.649856,0.006075,56.490988,56.483820,56.498156,0.006075,0.234000,27.278300,20.368000,1.968000,53.390390,6.278093,2.365282,126.283336,0.000001,0.000000,true
4096,4096,5,sharpen,cuda_shared_memory_tiled,"NVIDIA GeForce RTX 4070 Laptop GPU",16,16,5,838860800,354.655700,353.140000,359.001300,2.185862,6.616474,6.601728,6.629376,0.010732,55.761774,55.747028,55.774676,0.010732,0.250200,26.899900,20.367200,1.628000,53.601922,6.360194,2.365282,126.783670,0.000001,0.000000,true
4096,4096,5,sharpen,cuda_shared_constant_filter,"NVIDIA GeForce RTX 4070 Laptop GPU",16,16,5,838860800,354.655700,353.140000,359.001300,2.185862,6.626509,6.616064,6.636544,0.007452,50.517609,50.507164,50.527644,0.007452,0.271800,27.352800,15.354500,0.912000,53.520746,7.020437,2.365282,126.591666,0.000001,0.000000,true
4096,4096,5,sharpen,cuda_multi_output,"NVIDIA GeForce RTX 4070 Laptop GPU",16,16,5,838860800,354.655700,353.140000,359.001300,2.185862,1.305184,1.302528,1.311744,0.003343,18.107384,18.104728,18.113944,0.003343,0.229200,10.172100,5.592300,0.808600,271.728506,19.586247,2.365282,642.714587,0.000001,0.000000,true
4096,4096,5,sharpen,cuda_register_tiled,"NVIDIA GeForce RTX 4070 Laptop GPU",16,16,5,838860800,354.655700,353.140000,359.001300,2.185862,0.957645,0.954368,0.963584,0.003264,17.586945,17.583668,17.592884,0.003264,0.244800,9.977200,5.578700,0.828600,370.341589,20.165851,2.365282,875.962353,0.000001,0.000000,true
4096,4096,5,sharpen,cuda_naive_global_memory,"NVIDIA GeForce RTX 4070 Laptop GPU",32,8,5,838860800,354.655700,353.140000,359.001300,2.185862,1.385062,1.383424,1.387520,0.001389,18.166362,18.164724,18.168820,0.001389,0.248400,10.144200,5.534500,0.854200,256.057555,19.522659,2.365282,605.648367,0.000001,0.000000,true
4096,4096,5,sharpen,cuda_shared_memory_tiled,"NVIDIA GeForce RTX 4070 Laptop GPU",32,8,5,838860800,354.655700,353.140000,359.001300,2.185862,1.454694,1.453056,1.457152,0.001389,18.189294,18.187656,18.191752,0.001389,0.250200,9.926400,5.678100,0.879900,243.800830,19.498046,2.365282,576.657754,0.000001,0.000000,true
4096,4096,5,sharpen,cuda_shared_constant_filter,"NVIDIA GeForce RTX 4070 Laptop GPU",32,8,5,838860800,354.655700,353.140000,359.001300,2.185862,1.204614,1.202176,1.209344,0.002478,18.190914,18.188476,18.195644,0.002478,0.237600,10.170500,5.533600,1.044600,294.414295,19.496310,2.365282,696.372880,0.000001,0.000000,true
4096,4096,5,sharpen,cuda_multi_output,"NVIDIA GeForce RTX 4070 Laptop GPU",32,8,5,838860800,354.655700,353.140000,359.001300,2.185862,1.292870,1.290240,1.294336,0.001504,18.127870,18.125240,18.129336,0.001504,0.286400,10.179600,5.549600,0.819400,274.316518,19.564113,2.365282,648.835965,0.000001,0.000000,true
4096,4096,5,sharpen,cuda_register_tiled,"NVIDIA GeForce RTX 4070 Laptop GPU",32,8,5,838860800,354.655700,353.140000,359.001300,2.185862,0.955571,0.954240,0.957440,0.001221,17.468171,17.466840,17.470040,0.001221,0.279100,9.824000,5.564200,0.845300,371.145233,20.302967,2.365282,877.863199,0.000001,0.000000,true
4096,4096,5,sharpen,cuda_naive_global_memory,"NVIDIA GeForce RTX 4070 Laptop GPU",32,16,5,838860800,354.655700,353.140000,359.001300,2.185862,1.449754,1.448960,1.450880,0.000726,18.092654,18.091860,18.093780,0.000726,0.320700,9.968800,5.536900,0.816500,244.631713,19.602194,2.365282,578.623027,0.000001,0.000000,true
4096,4096,5,sharpen,cuda_shared_memory_tiled,"NVIDIA GeForce RTX 4070 Laptop GPU",32,16,5,838860800,354.655700,353.140000,359.001300,2.185862,1.506483,1.505152,1.508352,0.001221,18.018583,18.017252,18.020452,0.001221,0.239100,9.869000,5.558200,0.845800,235.419615,19.682774,2.365282,556.833816,0.000001,0.000000,true
4096,4096,5,sharpen,cuda_shared_constant_filter,"NVIDIA GeForce RTX 4070 Laptop GPU",32,16,5,838860800,354.655700,353.140000,359.001300,2.185862,1.235322,1.233920,1.236992,0.001352,18.037322,18.035920,18.038992,0.001352,0.307000,10.079900,5.593000,0.822100,287.095848,19.662326,2.365282,679.062687,0.000001,0.000000,true
4096,4096,5,sharpen,cuda_multi_output,"NVIDIA GeForce RTX 4070 Laptop GPU",32,16,5,838860800,354.655700,353.140000,359.001300,2.185862,1.335910,1.333248,1.339392,0.002206,18.192810,18.190148,18.196292,0.002206,0.251000,9.863500,5.671000,1.071400,265.478655,19.494278,2.365282,627.931926,0.000001,0.000000,true
4096,4096,5,sharpen,cuda_register_tiled,"NVIDIA GeForce RTX 4070 Laptop GPU",32,16,5,838860800,354.655700,353.140000,359.001300,2.185862,0.980378,0.978944,0.982016,0.001044,18.017178,18.015744,18.018816,0.001044,0.234900,10.087800,5.523700,1.190400,361.754180,19.684309,2.365282,855.650708,0.000001,0.000000,true
4096,4096,5,sobel,cuda_naive_global_memory,"NVIDIA GeForce RTX 4070 Laptop GPU",8,8,5,838860800,314.829000,313.364500,318.798100,2.028142,4.716339,3.737600,6.634496,1.231041,43.392239,42.413500,45.310396,1.231041,0.312200,16.537600,20.363500,1.462600,66.752831,7.255422,2.664497,177.862691,0.000000,0.000000,true
4096,4096,5,sobel,cuda_shared_memory_tiled,"NVIDIA GeForce RTX 4070 Laptop GPU",8,8,5,838860800,314.829000,313.364500,318.798100,2.028142,6.642893,6.636544,6.651904,0.005950,56.190693,56.184344,56.199704,0.005950,0.233100,27.219500,20.371900,1.723300,47.393358,5.602867,2.664497,126.279442,0.000000,0.000000,true
4096,4096,5,sobel,cuda_shared_constant_filter,"NVIDIA GeForce RTX 4070 Laptop GPU",8,8,5,838860800,314.829000,313.364500,318.798100,2.028142,6.636749,6.631424,6.645760,0.005549,56.180849,56.175524,56.189860,0.005549,0.245300,27.236100,20.376700,1.686000,47.437233,5.603849,2.664497,126.396347,0.000000,0.000000,true
4096,4096,5,sobel,cuda_multi_output,"NVIDIA GeForce RTX 4070 Laptop GPU",8,8,5,838860800,314.829000,313.364500,318.798100,2.028142,6.671360,6.664192,6.676480,0.004096,43.885860,43.878692,43.890980,0.004096,0.238000,27.432200,8.473500,1.070800,47.191128,7.173814,2.664497,125.740600,0.000000,0.000000,true
4096,4096,5,sobel,cuda_register_tiled,"NVIDIA GeForce RTX 4070 Laptop GPU",8,8,5,838860800,314.829000,313.364500,318.798100,2.028142,1.486643,1.483776,1.491968,0.002996,18.611043,18.608176,18.616368,0.002996,0.232900,10.375000,5.665500,0.851000,211.771729,16.916247,2.664497,564.265052,0.000000,0.000000,true
4096,4096,5,sobel,cuda_naive_global_memory,"NVIDIA GeForce RTX 4070 Laptop GPU",16,16,5,838860800,314.829000,313.364500,318.798100,2.028142,1.518387,1.517568,1.520640,0.001194,23.049187,23.048368,23.051440,0.001194,0.354800,10.263000,10.118700,0.794300,207.344346,13.659007,2.664497,552.468304,0.000000,0.000000,true
4096,4096,5,sobel,cuda_shared_memory_tiled,"NVIDIA GeForce RTX 4070 Laptop GPU",16,16,5,838860800,314.829000,313.364500,318.798100,2.028142,1.533133,1.530880,1.533952,0.001194,18.847333,18.845080,18.848152,0.001194,0.273100,10.510800,5.702300,0.828000,205.350118,16.704167,2.664497,547.154692,0.000000,0.000000,true
4096,4096,5,sobel,cuda_shared_constant_filter,"NVIDIA GeForce RTX 4070 Laptop GPU",16,16,5,838860800,314.829000,313.364500,318.798100,2.028142,1.255629,1.254400,1.258496,0.001505,18.024329,18.023100,18.027196,0.001505,0.226700,10.161100,5.584100,0.796800,250.734129,17.466892,2.664497,668.080235,0.000000,0.000000,true
4096,4096,5,sobel,cuda_multi_output,"NVIDIA GeForce RTX 4070 Laptop GPU",16,16,5,838860800,314.829000,313.364500,318.798100,2.028142,1.393235,1.392544,1.393664,0.000526,18.369335,18.368644,18.369764,0.000526,0.218800,10.454200,5.512400,0.790700,225.969742,17.138835,2.664497,602.095609,0.000000,0.000000,true
4096,4096,5,sobel,cuda_register_tiled,"NVIDIA GeForce RTX 4070 Laptop GPU",16,16,5,838860800,314.829000,313.364500,318.798100,2.028142,1.027482,1.026048,1.030144,0.001533,18.088682,18.087248,18.091344,0.001533,0.253900,10.606600,5.524700,0.676000,306.408420,17.404751,2.664497,816.424193,0.000000,0.000000,true
4096,4096,5,sobel,cuda_naive_global_memory,"NVIDIA GeForce RTX 4070 Laptop GPU",32,8,5,838860800,314.829000,313.364500,318.798100,2.028142,1.484390,1.483776,1.485824,0.000819,18.439190,18.438576,18.440624,0.000819,0.225400,10.158600,5.599200,0.971600,212.093129,17.073906,2.664497,565.121421,0.000000,0.000000,true
4096,4096,5,sobel,cuda_shared_memory_tiled,"NVIDIA GeForce RTX 4070 Laptop GPU",32,8,5,838860800,314.829000,313.364500,318.798100,2.028142,1.559552,1.558528,1.560576,0.000916,18.648152,18.647128,18.649176,0.000916,0.232800,10.404700,5.526600,0.924500,201.871441,16.882584,2.664497,537.885768,0.000000,0.000000,true
4096,4096,5,sobel,cuda_shared_constant_filter,"NVIDIA GeForce RTX 4070 Laptop GPU",32,8,5,838860800,314.829000,313.364500,318.798100,2.028142,1.292902,1.291264,1.296384,0.001899,18.123502,18.121864,18.126984,0.001899,0.240300,10.067800,5.642100,0.880400,243.505620,17.371311,2.664497,648.819896,0.000000,0.000000,true
4096,4096,5,sobel,cuda_multi_output,"NVIDIA GeForce RTX 4070 Laptop GPU",32,8,5,838860800,314.829000,313.364500,318.798100,2.028142,1.382995,1.381376,1.386496,0.001792,18.198095,18.196476,18.201596,0.001792,0.229400,10.167600,5.599300,0.818800,227.642872,17.300107,2.664497,606.553660,0.000000,0.000000,true
4096,4096,5,sobel,cuda_register_tiled,"NVIDIA GeForce RTX 4070 Laptop GPU",32,8,5,838860800,314.829000,313.364500,318.798100,2.028142,1.015590,1.014720,1.016832,0.000780,17.965890,17.965020,17.967132,0.000780,0.245600,10.185700,5.528100,0.990900,309.996043,17.523707,2.664497,825.983404,0.000000,0.000000,true
4096,4096,5,sobel,cuda_naive_global_memory,"NVIDIA GeForce RTX 4070 Laptop GPU",32,16,5,838860800,314.829000,313.364500,318.798100,2.028142,1.543142,1.540096,1.548288,0.002758,19.003442,19.000396,19.008588,0.002758,0.292000,10.660600,5.644500,0.863200,204.018114,16.566946,2.664497,543.605571,0.000000,0.000000,true
4096,4096,5,sobel,cuda_shared_memory_tiled,"NVIDIA GeForce RTX 4070 Laptop GPU",32,16,5,838860800,314.829000,313.364500,318.798100,2.028142,1.611366,1.608704,1.613824,0.002109,19.016266,19.013604,19.018724,0.002109,0.217700,10.577100,5.534100,1.076000,195.380146,16.555774,2.664497,520.589733,0.000000,0.000000,true
4096,4096,5,sobel,cuda_shared_constant_filter,"NVIDIA GeForce RTX 4070 Laptop GPU",32,16,5,838860800,314.829000,313.364500,318.798100,2.028142,1.314739,1.310720,1.320896,0.003356,22.431739,22.427720,22.437896,0.003356,0.229700,10.470300,9.607900,0.809100,239.461179,14.034980,2.664497,638.043498,0.000000,0.000000,true
4096,4096,5,sobel,cuda_multi_output,"NVIDIA GeForce RTX 4070 Laptop GPU",32,16,5,838860800,314.829000,313.364500,318.798100,2.028142,1.427232,1.426400,1.428480,0.000993,18.335832,18.335000,18.337080,0.000993,0.215500,10.371300,5.529700,0.792100,220.587122,17.170151,2.664497,587.753636,0.000000,0.000000,true
4096,4096,5,sobel,cuda_register_tiled,"NVIDIA GeForce RTX 4070 Laptop GPU",32,16,5,838860800,314.829000,313.364500,318.798100,2.028142,1.039354,1.038304,1.041408,0.001128,18.459254,18.458204,18.461308,0.001128,0.225500,10.459200,5.532600,1.202600,302.908459,17.055348,2.664497,807.098559,0.000000,0.000000,true
4096,4096,7,box,cuda_naive_global_memory,"NVIDIA GeForce RTX 4070 Laptop GPU",8,8,5,1644167168,596.311760,595.477800,599.232300,1.463859,14.914970,14.912512,14.922752,0.003918,64.349170,64.346712,64.356952,0.003918,0.383600,27.202200,20.364200,1.484200,39.980756,9.266814,2.757227,110.236039,0.000000,0.000000,true
4096,4096,7,box,cuda_shared_memory_tiled,"NVIDIA GeForce RTX 4070 Laptop GPU",8,8,5,1644167168,596.311760,595.477800,599.232300,1.463859,8.382464,8.380416,8.385536,0.001832,58.158664,58.156616,58.161736,0.001832,0.399200,26.883900,20.362500,2.130600,71.138004,10.253189,2.757227,196.143659,0.000000,0.000000,true
4096,4096,7,box,cuda_shared_constant_filter,"NVIDIA GeForce RTX 4070 Laptop GPU",8,8,5,1644167168,596.311760,595.477800,599.232300,1.463859,6.638387,6.630400,6.650880,0.006897,58.139987,58.132000,58.152480,0.006897,0.381400,26.816800,21.713500,2.589900,89.827806,10.256482,2.757227,247.675696,0.000000,0.000000,true
4096,4096,7,box,cuda_multi_output,"NVIDIA GeForce RTX 4070 Laptop GPU",8,8,5,1644167168,596.311760,595.477800,599.232300,1.463859,8.174387,8.168448,8.179712,0.003743,59.729987,59.724048,59.735312,0.003743,0.345000,27.169500,21.778800,2.262300,72.948801,9.983457,2.757227,201.136439,0.000000,0.000000,true
4096,4096,7,box,cuda_register_tiled,"NVIDIA GeForce RTX 4070 Laptop GPU",8,8,5,1644167168,596.311760,595.477800,599.232300,1.463859,6.664397,6.659072,6.669312,0.003390,56.784397,56.779072,56.789312,0.003390,0.393000,27.243700,20.357600,2.125700,89.477228,10.501331,2.757227,246.709073,0.000000,0.000000,true
4096,4096,7,box,cuda_separable,"NVIDIA GeForce RTX 4070 Laptop GPU",8,8,5,469762048,596.311760,595.477800,599.232300,1.463859,1.260134,1.258496,1.262592,0.001389,20.693534,20.691896,20.695992,0.001389,0.657200,11.320500,5.847600,1.608100,473.212821,28.816332,0.787779,372.787255,0.000000,0.000000,true
4096,4096,7,box,cuda_naive_global_memory,"NVIDIA GeForce RTX 4070 Laptop GPU",16,16,5,1644167168,596.311760,595.477800,599.232300,1.463859,2.259552,2.257920,2.260992,0.001042,19.947652,19.946020,19.949092,0.001042,0.316600,10.261400,5.458800,1.651300,263.907070,29.893832,2.757227,727.651823,0.000000,0.000000,true
4096,4096,7,box,cuda_shared_memory_tiled,"NVIDIA GeForce RTX 4070 Laptop GPU",16,16,5,1644167168,596.311760,595.477800,599.232300,1.463859,2.344141,2.342912,2.347008,0.001505,19.528341,19.527112,19.531208,0.001505,0.326300,9.806100,5.612300,1.439500,254.383938,30.535710,2.757227,701.394383,0.000000,0.000000,true
4096,4096,7,box,cuda_shared_constant_filter,"NVIDIA GeForce RTX 4070 Laptop GPU",16,16,5,1644167168,596.311760,595.477800,599.232300,1.463859,1.585965,1.584128,1.589216,0.001750,18.459465,18.457628,18.462716,0.001750,0.321300,9.719100,5.689000,1.144100,375.993056,32.303849,2.757227,1036.698383,0.000000,0.000000,true
4096,4096,7,box,cuda_multi_output,"NVIDIA GeForce RTX 4070 Laptop GPU",16,16,5,1644167168,596.311760,595.477800,599.232300,1.463859,2.197075,2.196480,2.198528,0.000810,19.655675,19.655080,19.657128,0.000810,0.357900,10.177700,5.601000,1.322000,271.411626,30.337892,2.757227,748.343593,0.000000,0.000000,true
4096,4096,7,box,cuda_register_tiled,"NVIDIA GeForce RTX 4070 Laptop GPU",16,16,5,1644167168,596.311760,595.477800,599.232300,1.463859,1.658266,1.656832,1.661952,0.002007,19.513466,19.512032,19.517152,0.002007,0.330900,10.000100,5.604000,1.920200,359.599670,30.558988,2.757227,991.498091,0.000000,0.000000,true
4096,4096,7,box,cuda_separable,"NVIDIA GeForce RTX 4070 Laptop GPU",16,16,5,469762048,596.311760,595.477800,599.232300,1.463859,1.313587,1.310720,1.316864,0.001986,21.063287,21.060420,21.066564,0.001986,0.453100,11.999400,5.533000,1.764200,453.956742,28.310479,0.787779,357.617714,0.000000,0.000000,true
4096,4096,7,box,cuda_naive_global_memory,"NVIDIA GeForce RTX 4070 Laptop GPU",32,8,5,1644167168,596.311760,595.477800,599.232300,1.463859,2.261997,2.260992,2.263040,0.000895,19.835597,19.834592,19.836640,0.000895,0.348500,10.142800,5.511000,1.571300,263.621836,30.062708,2.757227,726.865369,0.000000,0.000000,true
4096,4096,7,box,cuda_shared_memory_tiled,"NVIDIA GeForce RTX 4070 Laptop GPU",32,8,5,1644167168,596.311760,595.477800,599.232300,1.463859,2.376883,2.374656,2.380800,0.002202,18.995783,18.993556,18.999700,0.002202,0.326300,9.723800,5.501900,1.066900,250.879710,31.391797,2.757227,691.732428,0.000000,0.000000,true
4096,4096,7,box,cuda_shared_constant_filter,"NVIDIA GeForce RTX 4070 Laptop GPU",32,8,5,1644167168,596.311760,595.477800,599.232300,1.463859,1.628365,1.627136,1.632256,0.001986,18.469565,18.468336,18.473456,0.001986,0.335300,9.777600,5.508100,1.220200,366.202806,32.286184,2.757227,1009.704439,0.000000,0.000000,true
4096,4096,7,box,cuda_multi_output,"NVIDIA GeForce RTX 4070 Laptop GPU",32,8,5,1644167168,596.311760,595.477800,599.232300,1.463859,2.196275,2.195456,2.197504,0.000766,19.703175,19.702356,19.704404,0.000766,0.413400,10.006000,5.556800,1.530700,271.510488,30.264754,2.757227,748.616176,0.000000,0.000000,true
4096,4096,7,box,cuda_register_tiled,"NVIDIA GeForce RTX 4070 Laptop GPU",32,8,5,1644167168,596.311760,595.477800,599.232300,1.463859,1.656390,1.654784,1.659904,0.001798,18.486490,18.484884,18.490004,0.001798,0.336300,9.702000,5.509600,1.282200,360.006776,32.256623,2.757227,992.620572,0.000000,0.000000,true
4096,4096,7,box,cuda_separable,"NVIDIA GeForce RTX 4070 Laptop GPU",32,8,5,469762048,596.311760,595.477800,599.232300,1.463859,1.307002,1.305600,1.308672,0.001214,20.395202,20.393800,20.396872,0.001214,0.683000,11.291300,5.623200,1.490700,456.244097,29.237846,0.787779,359.419645,0.000000,0.000000,true
4096,4096,7,box,cuda_naive_global_memory,"NVIDIA GeForce RTX 4070 Laptop GPU",32,16,5,1644167168,596.311760,595.477800,599.232300,1.463859,2.348851,2.348032,2.350080,0.001003,23.260551,23.259732,23.261780,0.001003,0.359200,9.684800,9.716000,1.151700,253.873791,25.636184,2.757227,699.987792,0.000000,0.000000,true
4096,4096,7,box,cuda_shared_memory_tiled,"NVIDIA GeForce RTX 4070 Laptop GPU",32,16,5,1644167168,596.311760,595.477800,599.232300,1.463859,2.346394,2.345984,2.348032,0.000819,19.830494,19.830084,19.832132,0.000819,0.430200,9.961000,5.627900,1.465000,254.139699,30.070445,2.757227,700.720961,0.000000,0.000000,true
4096,4096,7,box,cuda_shared_constant_filter,"NVIDIA GeForce RTX 4070 Laptop GPU",32,16,5,1644167168,596.311760,595.477800,599.232300,1.463859,1.635123,1.634304,1.636352,0.001003,19.076023,19.075204,19.077252,0.001003,0.313900,10.088700,5.610400,1.427900,364.689192,31.259752,2.757227,1005.531059,0.000000,0.000000,true
4096,4096,7,box,cuda_multi_output,"NVIDIA GeForce RTX 4070 Laptop GPU",32,16,5,1644167168,596.311760,595.477800,599.232300,1.463859,2.223917,2.223104,2.225152,0.000765,19.863617,19.862804,19.864852,0.000765,0.354600,10.255600,5.531300,1.498200,268.135820,30.020301,2.757227,739.311451,0.000000,0.000000,true
4096,4096,7,box,cuda_register_tiled,"NVIDIA GeForce RTX 4070 Laptop GPU",32,16,5,1644167168,596.311760,595.477800,599.232300,1.463859,1.662771,1.661952,1.664000,0.001003,18.620571,18.619752,18.621800,0.001003,0.375100,9.736500,5.651300,1.194900,358.625258,32.024354,2.757227,988.811415,0.000000,0.000000,true
4096,4096,7,box,cuda_separable,"NVIDIA GeForce RTX 4070 Laptop GPU",32,16,5,469762048,596.311760,595.477800,599.232300,1.463859,1.431725,1.428480,1.435648,0.002360,21.156625,21.153380,21.160548,0.002360,0.500000,11.849900,5.537200,1.837800,416.498866,28.185581,0.787779,328.109176,0.000000,0.000000,true
4096,4096,7,gaussian,cuda_naive_global_memory,"NVIDIA GeForce RTX 4070 Laptop GPU",8,8,5,1644167168,596.187980,594.842900,600.680700,2.253485,12.679987,12.679168,12.681216,0.000766,61.993887,61.993068,61.995116,0.000766,0.341200,27.159700,20.370800,1.442200,47.018027,9.616883,2.757800,129.666312,0.000000,0.000000,true
4096,4096,7,gaussian,cuda_shared_memory_tiled,"NVIDIA GeForce RTX 4070 Laptop GPU",8,8,5,1644167168,596.187980,594.842900,600.680700,2.253485,8.718131,8.715264,8.719360,0.001505,59.016431,59.013564,59.017660,0.001505,0.386500,27.271400,20.361200,2.279200,68.384835,10.102068,2.757800,188.591693,0.000000,0.000000,true
4096,4096,7,gaussian,cuda_shared_constant_filter,"NVIDIA GeForce RTX 4070 Laptop GPU",8,8,5,1644167168,596.187980,594.842900,600.680700,2.253485,6.633062,6.618112,6.646784,0.010313,56.365162,56.350212,56.378884,0.010313,0.342400,26.911100,20.367100,2.111500,89.881255,10.577242,2.757800,247.874519,0.000000,0.000000,true
4096,4096,7,gaussian,cuda_multi_output,"NVIDIA GeForce RTX 4070 Laptop GPU",8,8,5,1644167168,596.187980,594.842900,600.680700,2.253485,7.313203,6.957056,7.830528,0.422167,57.630103,57.273956,58.147428,0.422167,0.344800,27.450100,20.370400,2.151600,81.522141,10.345079,2.757800,224.821755,0.000000,0.000000,true
4096,4096,7,gaussian,cuda_register_tiled,"NVIDIA GeForce RTX 4070 Laptop GPU",8,8,5,1644167168,596.187980,594.842900,600.680700,2.253485,6.652109,6.646784,6.662144,0.005624,57.498809,57.493484,57.508844,0.005624,0.372700,27.428400,20.380800,2.664800,89.623907,10.368701,2.757800,247.164805,0.000000,0.000000,true
4096,4096,7,gaussian,cuda_separable,"NVIDIA GeForce RTX 4070 Laptop GPU",8,8,5,469762048,596.187980,594.842900,600.680700,2.253485,1.225114,1.218560,1.244160,0.009619,20.307114,20.300560,20.326160,0.009619,0.439800,11.233400,5.509400,1.899400,486.638934,29.358578,0.787943,383.443662,0.000000,0.000000,true
4096,4096,7,gaussian,cuda_naive_global_memory,"NVIDIA GeForce RTX 4070 Laptop GPU",16,16,5,1644167168,596.187980,594.842900,600.680700,2.253485,2.057421,2.056192,2.060288,0.001505,18.731921,18.730692,18.734788,0.001505,0.361900,9.315700,5.626500,1.370400,289.774459,31.827381,2.757800,799.139983,0.000000,0.000000,true
4096,4096,7,gaussian,cuda_shared_memory_tiled,"NVIDIA GeForce RTX 4070 Laptop GPU",16,16,5,1644167168,596.187980,594.842900,600.680700,2.253485,2.134630,2.132992,2.137088,0.001664,19.173930,19.172292,19.176388,0.001664,0.341200,9.922900,5.542400,1.232800,279.293300,31.093676,2.757800,770.235042,0.000000,0.000000,true
4096,4096,7,gaussian,cuda_shared_constant_filter,"NVIDIA GeForce RTX 4070 Laptop GPU",16,16,5,1644167168,596.187980,594.842900,600.680700,2.253485,1.447322,1.445888,1.448960,0.001044,18.190522,18.189088,18.192160,0.001044,0.332200,9.329500,5.590800,1.490700,411.925012,32.774650,2.757800,1136.006769,0.000000,0.000000,true
4096,4096,7,gaussian,cuda_multi_output,"NVIDIA GeForce RTX 4070 Laptop GPU",16,16,5,1644167168,596.187980,594.842900,600.680700,2.253485,2.000474,1.998848,2.002944,0.001529,18.628274,18.626648,18.630744,0.001529,0.286200,9.797300,5.521300,1.023000,298.023419,32.004468,2.757800,821.888963,0.000000,0.000000,true
4096,4096,7,gaussian,cuda_register_tiled,"NVIDIA GeForce RTX 4070 Laptop GPU",16,16,5,1644167168,596.187980,594.842900,600.680700,2.253485,1.509158,1.508288,1.510400,0.000780,18.409258,18.408388,18.410500,0.000780,0.363600,9.797000,5.529700,1.209800,395.046645,32.385225,2.757800,1089.459608,0.000000,0.000000,true
4096,4096,7,gaussian,cuda_separable,"NVIDIA GeForce RTX 4070 Laptop GPU",16,16,5,469762048,596.187980,594.842900,600.680700,2.253485,1.300019,1.299360,1.302368,0.001175,19.855019,19.854360,19.857368,0.001175,0.594200,10.894900,5.557600,1.508300,458.599359,30.027066,0.787943,361.350080,0.000000,0.000000,true
4096,4096,7,gaussian,cuda_naive_global_memory,"NVIDIA GeForce RTX 4070 Laptop GPU",32,8,5,1644167168,596.187980,594.842900,600.680700,2.253485,2.063565,2.062336,2.066432,0.001638,18.907465,18.906236,18.910332,0.001638,0.300800,9.790000,5.507900,1.245200,288.911686,31.531884,2.757800,796.760628,0.000000,0.000000,true
4096,4096,7,gaussian,cuda_shared_memory_tiled,"NVIDIA GeForce RTX 4070 Laptop GPU",32,8,5,1644167168,596.187980,594.842900,600.680700,2.253485,2.163910,2.162688,2.165760,0.001005,18.650210,18.648988,18.652060,0.001005,0.308000,9.314800,5.667900,1.195600,275.514166,31.966823,2.757800,759.812948,0.000000,0.000000,true
4096,4096,7,gaussian,cuda_shared_constant_filter,"NVIDIA GeForce RTX 4070 Laptop GPU",32,8,5,1644167168,596.187980,594.842900,600.680700,2.253485,1.484762,1.483776,1.486720,0.001075,18.334962,18.333976,18.336920,0.001075,0.346500,9.770700,5.494900,1.238100,401.537857,32.516456,2.757800,1107.361073,0.000000,0.000000,true
4096,4096,7,gaussian,cuda_multi_output,"NVIDIA GeForce RTX 4070 Laptop GPU",32,8,5,1644167168,596.187980,594.842900,600.680700,2.253485,2.000256,1.997824,2.001920,0.001379,18.428256,18.425824,18.429920,0.001379,0.279600,9.345400,5.563900,1.239100,298.055844,32.351840,2.757800,821.978385,0.000000,0.000000,true
4096,4096,7,gaussian,cuda_register_tiled,"NVIDIA GeForce RTX 4070 Laptop GPU",32,8,5,1644167168,596.187980,594.842900,600.680700,2.253485,1.508550,1.506304,1.512448,0.002190,17.683850,17.681604,17.687748,0.002190,0.293500,9.303600,5.585700,0.992500,395.205873,33.713697,2.757800,1089.898728,0.000000,0.000000,true
4096,4096,7,gaussian,cuda_separable,"NVIDIA GeForce RTX 4070 Laptop GPU",32,8,5,469762048,596.187980,594.842900,600.680700,2.253485,1.309082,1.306624,1.312768,0.002109,20.389482,20.387024,20.393168,0.002109,0.464200,11.242900,5.644400,1.728900,455.424620,29.239977,0.787943,358.848567,0.000000,0.000000,true
4096,4096,7,gaussian,cuda_naive_global_memory,"NVIDIA GeForce RTX 4070 Laptop GPU",32,16,5,1644167168,596.187980,594.842900,600.680700,2.253485,2.159002,2.156544,2.161664,0.001664,18.667502,18.665044,18.670164,0.001664,0.295800,9.708200,5.546400,0.958100,276.140593,31.937213,2.757800,761.540509,0.000000,0.000000,true
4096,4096,7,gaussian,cuda_shared_memory_tiled,"NVIDIA GeForce RTX 4070 Laptop GPU",32,16,5,1644167168,596.187980,594.842900,600.680700,2.253485,2.136851,2.135040,2.140160,0.001759,19.038851,19.037040,19.042160,0.001759,0.282000,9.832700,5.569700,1.217600,279.003031,31.314283,2.757800,769.434540,0.000000,0.000000,true
4096,4096,7,gaussian,cuda_shared_constant_filter,"NVIDIA GeForce RTX 4070 Laptop GPU",32,16,5,1644167168,596.187980,594.842900,600.680700,2.253485,1.492544,1.490752,1.496064,0.002140,17.997944,17.996152,18.001464,0.002140,0.315200,9.625100,5.588100,0.977000,399.444155,33.125338,2.757800,1101.587062,0.000000,0.000000,true
4096,4096,7,gaussian,cuda_multi_output,"NVIDIA GeForce RTX 4070 Laptop GPU",32,16,5,1644167168,596.187980,594.842900,600.680700,2.253485,2.026496,2.024448,2.032640,0.003106,18.403996,18.401948,18.410140,0.003106,0.317000,9.538900,5.509100,1.012500,294.196485,32.394486,2.757800,811.335044,0.000000,0.000000,true
4096,4096,7,gaussian,cuda_register_tiled,"NVIDIA GeForce RTX 4070 Laptop GPU",32,16,5,1644167168,596.187980,594.842900,600.680700,2.253485,1.518144,1.512352,1.537024,0.009504,21.753444,21.747652,21.772324,0.009504,0.302300,9.411300,9.326000,1.195700,392.708455,27.406602,2.757800,1083.011349,0.000000,0.000000,true
4096,4096,7,gaussian,cuda_separable,"NVIDIA GeForce RTX 4070 Laptop GPU",32,16,5,469762048,596.187980,594.842900,600.680700,2.253485,1.397350,1.393664,1.402880,0.003463,19.969750,19.966064,19.975280,0.003463,0.571800,10.815100,5.490400,1.695100,426.656032,29.854553,0.787943,336.180564,0.000000,0.000000,true
4096,4096,7,sharpen,cuda_naive_global_memory,"NVIDIA GeForce RTX 4070 Laptop GPU",8,8,5,1644167168,595.964040,594.589300,599.883500,1.984819,10.570752,10.568704,10.572800,0.001448,60.068052,60.066004,60.070100,0.001448,0.366300,27.210000,20.365600,1.555400,56.378585,9.921481,2.758836,155.539282,0.000001,0.000000,true
4096,4096,7,sharpen,cuda_shared_memory_tiled,"NVIDIA GeForce RTX 4070 Laptop GPU",8,8,5,1644167168,595.964040,594.589300,599.883500,1.984819,7.036518,7.033856,7.037952,0.001533,57.118918,57.116256,57.120352,0.001533,0.335900,27.440200,20.360200,1.946100,84.695869,10.433742,2.758836,233.662030,0.000001,0.000000,true
4096,4096,7,sharpen,cuda_shared_constant_filter,"NVIDIA GeForce RTX 4070 Laptop GPU",8,8,5,1644167168,595.964040,594.589300,599.883500,1.984819,6.628352,6.624256,6.632448,0.002896,56.621552,56.617456,56.625648,0.002896,0.333200,27.130700,20.363600,2.165700,89.911342,10.525392,2.758836,248.050666,0.000001,0.000000,true
4096,4096,7,sharpen,cuda_multi_output,"NVIDIA GeForce RTX 4070 Laptop GPU",8,8,5,1644167168,595.964040,594.589300,599.883500,1.984819,7.737139,7.727104,7.743488,0.005879,51.138139,51.128104,51.144488,0.005879,0.342100,27.396900,14.484600,1.177400,77.026409,11.654003,2.758836,212.503244,0.000001,0.000000,true
4096,4096,7,sharpen,cuda_register_tiled,"NVIDIA GeForce RTX 4070 Laptop GPU",8,8,5,1644167168,595.964040,594.589300,599.883500,1.984819,3.169690,3.168256,3.172352,0.001533,21.412190,21.410756,21.414852,0.001533,0.377700,10.955200,5.548500,1.361100,188.019682,27.832933,2.758836,518.715504,0.000001,0.000000,true
4096,4096,7,sharpen,cuda_naive_global_memory,"NVIDIA GeForce RTX 4070 Laptop GPU",16,16,5,1644167168,595.964040,594.589300,599.883500,1.984819,2.857549,2.855936,2.859008,0.001382,21.245649,21.244036,21.247108,0.001382,0.384100,11.332900,5.605800,1.065300,208.557778,28.051110,2.758836,575.376748,0.000001,0.000000,true
4096,4096,7,sharpen,cuda_shared_memory_tiled,"NVIDIA GeForce RTX 4070 Laptop GPU",16,16,5,1644167168,595.964040,594.589300,599.883500,1.984819,2.769894,2.768896,2.771968,0.001123,20.696394,20.695396,20.698468,0.001123,0.384600,10.542300,5.630400,1.369200,215.157671,28.795549,2.758836,593.584771,0.000001,0.000000,true
4096,4096,7,sharpen,cuda_shared_constant_filter,"NVIDIA GeForce RTX 4070 Laptop GPU",16,16,5,1644167168,595.964040,594.589300,599.883500,1.984819,1.873510,1.869824,1.879040,0.004127,19.955610,19.951924,19.961140,0.004127,0.362000,10.916100,5.603800,1.200200,318.100202,29.864486,2.758836,877.586354,0.000001,0.000000,true
4096,4096,7,sharpen,cuda_multi_output,"NVIDIA GeForce RTX 4070 Laptop GPU",16,16,5,1644167168,595.964040,594.589300,599.883500,1.984819,2.594797,2.593792,2.595840,0.000649,20.462797,20.461792,20.463840,0.000649,0.336700,10.567600,5.518900,1.444800,229.676578,29.124271,2.758836,633.640059,0.000001,0.000000,true
4096,4096,7,sharpen,cuda_register_tiled,"NVIDIA GeForce RTX 4070 Laptop GPU",16,16,5,1644167168,595.964040,594.589300,599.883500,1.984819,1.957056,1.955840,1.958912,0.001197,19.778156,19.776940,19.780012,0.001197,0.341400,10.720100,5.575400,1.184200,304.520689,30.132437,2.758836,840.122700,0.000001,0.000000,true
4096,4096,7,sharpen,cuda_naive_global_memory,"NVIDIA GeForce RTX 4070 Laptop GPU",32,8,5,1644167168,595.964040,594.589300,599.883500,1.984819,2.661786,2.660352,2.664448,0.001389,21.016786,21.015352,21.019448,0.001389,0.360000,11.095700,5.546500,1.352800,223.896335,28.356574,2.758836,617.693313,0.000001,0.000000,true
4096,4096,7,sharpen,cuda_shared_memory_tiled,"NVIDIA GeForce RTX 4070 Laptop GPU",32,8,5,1644167168,595.964040,594.589300,599.883500,1.984819,2.637005,2.634752,2.639872,0.001762,24.736205,24.733952,24.739072,0.001762,0.329000,10.113100,10.511000,1.146100,226.000358,24.092784,2.758836,623.497968,0.000001,0.000000,true
4096,4096,7,sharpen,cuda_shared_constant_filter,"NVIDIA GeForce RTX 4070 Laptop GPU",32,8,5,1644167168,595.964040,594.589300,599.883500,1.984819,1.802624,1.801216,1.804288,0.001056,19.550924,19.549516,19.552588,0.001056,0.332400,10.539500,5.580100,1.296300,330.609177,30.482653,2.758836,912.096565,0.000001,0.000000,true
4096,4096,7,sharpen,cuda_multi_output,"NVIDIA GeForce RTX 4070 Laptop GPU",32,8,5,1644167168,595.964040,594.589300,599.883500,1.984819,2.436902,2.436032,2.439168,0.001203,20.181602,20.180732,20.183868,0.001203,0.360800,10.461900,5.600000,1.322000,244.558028,29.530065,2.758836,674.695540,0.000001,0.000000,true
4096,4096,7,sharpen,cuda_register_tiled,"NVIDIA GeForce RTX 4070 Laptop GPU",32,8,5,1644167168,595.964040,594.589300,599.883500,1.984819,1.836442,1.835008,1.838080,0.001044,19.289242,19.287808,19.290880,0.001044,0.369400,10.435100,5.621000,1.027300,324.521089,30.896188,2.758836,895.300529,0.000001,0.000000,true
4096,4096,7,sharpen,cuda_naive_global_memory,"NVIDIA GeForce RTX 4070 Laptop GPU",32,16,5,1644167168,595.964040,594.589300,599.883500,1.984819,2.563686,2.562048,2.565120,0.001229,20.128586,20.126948,20.130020,0.001229,0.393500,10.434300,5.592700,1.144400,232.463708,29.607844,2.758836,641.329293,0.000001,0.000000,true
4096,4096,7,sharpen,cuda_shared_memory_tiled,"NVIDIA GeForce RTX 4070 Laptop GPU",32,16,5,1644167168,595.964040,594.589300,599.883500,1.984819,2.580058,2.571264,2.587648,0.007128,20.054658,20.045864,20.062248,0.007128,0.417600,10.124400,5.587900,1.344700,230.988655,29.716989,2.758836,637.259864,0.000001,0.000000,true
4096,4096,7,sharpen,cuda_shared_constant_filter,"NVIDIA GeForce RTX 4070 Laptop GPU",32,16,5,1644167168,595.964040,594.589300,599.883500,1.984819,1.787290,1.785856,1.789952,0.001533,19.504890,19.503456,19.507552,0.001533,0.336100,10.568200,5.609800,1.203500,333.445701,30.554597,2.758836,919.922071,0.000001,0.000000,true
4096,4096,7,sharpen,cuda_multi_output,"NVIDIA GeForce RTX 4070 Laptop GPU",32,16,5,1644167168,595.964040,594.589300,599.883500,1.984819,2.439782,2.437120,2.444288,0.002939,24.870282,24.867620,24.874788,0.002939,0.653600,9.803100,10.572800,1.401000,244.269343,23.962898,2.758836,673.899107,0.000001,0.000000,true
4096,4096,7,sharpen,cuda_register_tiled,"NVIDIA GeForce RTX 4070 Laptop GPU",32,16,5,1644167168,595.964040,594.589300,599.883500,1.984819,1.833984,1.824768,1.861632,0.013981,19.588484,19.579268,19.616132,0.013981,0.360200,10.493600,5.540000,1.360700,324.955970,30.424204,2.758836,896.500294,0.000001,0.000000,true
4096,4096,7,sobel,cuda_naive_global_memory,"NVIDIA GeForce RTX 4070 Laptop GPU",8,8,5,1644167168,597.551560,595.099800,604.079800,3.297995,18.113536,18.110464,18.118656,0.002748,67.967236,67.964164,67.972356,0.002748,0.353100,27.220800,20.372100,1.907700,32.989227,8.791759,2.751507,90.770081,0.000000,0.000000,true
4096,4096,7,sobel,cuda_shared_memory_tiled,"NVIDIA GeForce RTX 4070 Laptop GPU",8,8,5,1644167168,597.551560,595.099800,604.079800,3.297995,8.385331,8.382464,8.392704,0.003853,58.482831,58.479964,58.490204,0.003853,0.402500,27.179900,20.365200,2.149900,71.261532,10.217555,2.751507,196.076589,0.000000,0.000000,true
4096,4096,7,sobel,cuda_shared_constant_filter,"NVIDIA GeForce RTX 4070 Laptop GPU",8,8,5,1644167168,597.551560,595.099800,604.079800,3.297995,6.645965,6.631424,6.661120,0.012261,56.469165,56.454624,56.484320,0.012261,0.354200,26.808700,20.379000,2.281300,89.911936,10.581909,2.751507,247.393300,0.000000,0.000000,true
4096,4096,7,sobel,cuda_multi_output,"NVIDIA GeForce RTX 4070 Laptop GPU",8,8,5,1644167168,597.551560,595.099800,604.079800,3.297995,7.380173,7.370752,7.388160,0.005915,58.010673,58.001252,58.018660,0.005915,0.354200,27.390600,20.372600,2.513100,80.967150,10.300718,2.751507,222.781662,0.000000,0.000000,true
4096,4096,7,sobel,cuda_register_tiled,"NVIDIA GeForce RTX 4070 Laptop GPU",8,8,5,1644167168,597.551560,595.099800,604.079800,3.297995,3.256934,3.255296,3.257344,0.000819,21.304034,21.302396,21.304444,0.000819,0.345000,10.903200,5.626800,1.172100,183.470554,28.048751,2.751507,504.820473,0.000000,0.000000,true
4096,4096,7,sobel,cuda_naive_global_memory,"NVIDIA GeForce RTX 4070 Laptop GPU",16,16,5,1644167168,597.551560,595.099800,604.079800,3.297995,2.935789,2.933760,2.938784,0.001679,21.425989,21.423960,21.428984,0.001679,0.438300,11.257300,5.558400,1.236200,203.540382,27.889101,2.751507,560.042742,0.000000,0.000000,true
4096,4096,7,sobel,cuda_shared_memory_tiled,"NVIDIA GeForce RTX 4070 Laptop GPU",16,16,5,1644167168,597.551560,595.099800,604.079800,3.297995,3.046400,3.044352,3.049472,0.001832,21.589800,21.587752,21.592872,0.001832,0.459600,11.263400,5.666700,1.153700,196.150061,27.677494,2.751507,539.708223,0.000000,0.000000,true
4096,4096,7,sobel,cuda_shared_constant_filter,"NVIDIA GeForce RTX 4070 Laptop GPU",16,16,5,1644167168,597.551560,595.099800,604.079800,3.297995,2.056384,2.054144,2.061312,0.002548,20.320384,20.318144,20.325312,0.002548,0.759600,10.664800,5.633200,1.206400,290.583654,29.406509,2.751507,799.542893,0.000000,0.000000,true
4096,4096,7,sobel,cuda_multi_output,"NVIDIA GeForce RTX 4070 Laptop GPU",16,16,5,1644167168,597.551560,595.099800,604.079800,3.297995,2.853888,2.852864,2.855936,0.001122,21.147888,21.146864,21.149936,0.001122,0.430100,11.049400,5.717800,1.096700,209.381571,28.255850,2.751507,576.114812,0.000000,0.000000,true
4096,4096,7,sobel,cuda_register_tiled,"NVIDIA GeForce RTX 4070 Laptop GPU",16,16,5,1644167168,597.551560,595.099800,604.079800,3.297995,1.860608,1.858560,1.862656,0.001448,19.470108,19.468060,19.472156,0.001448,0.361400,10.554600,5.543400,1.150100,321.159302,30.690716,2.751507,883.671995,0.000000,0.000000,true
4096,4096,7,sobel,cuda_naive_global_memory,"NVIDIA GeForce RTX 4070 Laptop GPU",32,8,5,1644167168,597.551560,595.099800,604.079800,3.297995,2.533152,2.531328,2.535424,0.001865,20.243952,20.242128,20.246224,0.001865,0.422900,10.527600,5.549600,1.210700,235.892500,29.517535,2.751507,649.059813,0.000000,0.000000,true
4096,4096,7,sobel,cuda_shared_memory_tiled,"NVIDIA GeForce RTX 4070 Laptop GPU",32,8,5,1644167168,597.551560,595.099800,604.079800,3.297995,2.683251,2.681728,2.685952,0.001561,20.426651,20.425128,20.429352,0.001561,0.427200,10.286300,5.656000,1.373900,222.696844,29.253525,2.751507,612.751875,0.000000,0.000000,true
4096,4096,7,sobel,cuda_shared_constant_filter,"NVIDIA GeForce RTX 4070 Laptop GPU",32,8,5,1644167168,597.551560,595.099800,604.079800,3.297995,1.828621,1.826816,1.829888,0.001178,19.488221,19.486416,19.489488,0.001178,0.382100,10.554400,5.545200,1.177900,326.777192,30.662192,2.751507,899.129659,0.000000,0.000000,true
4096,4096,7,sobel,cuda_multi_output,"NVIDIA GeForce RTX 4070 Laptop GPU",32,8,5,1644167168,597.551560,595.099800,604.079800,3.297995,2.471731,2.469888,2.476032,0.002281,20.280331,20.278488,20.284632,0.002281,0.483300,10.573900,5.619000,1.132400,241.754267,29.464586,2.751507,665.188503,0.000000,0.000000,true
4096,4096,7,sobel,cuda_register_tiled,"NVIDIA GeForce RTX 4070 Laptop GPU",32,8,5,1644167168,597.551560,595.099800,604.079800,3.297995,1.752064,1.751040,1.754112,0.001122,18.842364,18.841340,18.844412,0.001122,0.354300,9.967400,5.610700,1.157900,341.055785,31.713195,2.751507,938.417305,0.000000,0.000000,true
4096,4096,7,sobel,cuda_naive_global_memory,"NVIDIA GeForce RTX 4070 Laptop GPU",32,16,5,1644167168,597.551560,595.099800,604.079800,3.297995,2.454106,2.452480,2.457536,0.001760,19.704806,19.703180,19.708236,0.001760,0.394300,10.089100,5.653700,1.113600,243.490559,30.325169,2.751507,669.965924,0.000000,0.000000,true
4096,4096,7,sobel,cuda_shared_memory_tiled,"NVIDIA GeForce RTX 4070 Laptop GPU",32,16,5,1644167168,597.551560,595.099800,604.079800,3.297995,2.483757,2.482176,2.485248,0.001260,20.350057,20.348476,20.351548,0.001260,0.356200,10.456500,5.541500,1.512100,240.583761,29.363631,2.751507,661.967850,0.000000,0.000000,true
4096,4096,7,sobel,cuda_shared_constant_filter,"NVIDIA GeForce RTX 4070 Laptop GPU",32,16,5,1644167168,597.551560,595.099800,604.079800,3.297995,1.725811,1.724384,1.728448,0.001377,23.427011,23.425584,23.429648,0.001377,0.370400,9.920700,9.911000,1.499100,346.243877,25.506948,2.751507,952.692376,0.000000,0.000000,true
4096,4096,7,sobel,cuda_multi_output,"NVIDIA GeForce RTX 4070 Laptop GPU",32,16,5,1644167168,597.551560,595.099800,604.079800,3.297995,2.351910,2.351104,2.353120,0.000754,19.666610,19.665804,19.667820,0.000754,0.629200,9.746500,5.508800,1.430200,254.070711,30.384064,2.751507,699.077284,0.000000,0.000000,true
4096,4096,7,sobel,cuda_register_tiled,"NVIDIA GeForce RTX 4070 Laptop GPU",32,16,5,1644167168,597.551560,595.099800,604.079800,3.297995,1.759386,1.758208,1.761280,0.001016,19.417186,19.416008,19.419080,0.001016,0.354800,10.151500,5.533600,1.617900,339.636494,30.774365,2.751507,934.512115,0.000000,0.000000,true
4096,4096,11,box,cuda_naive_global_memory,"NVIDIA GeForce RTX 4070 Laptop GPU",8,8,5,4060086272,1341.527520,1333.139400,1361.132300,10.086773,25.621081,4.609984,43.400192,17.640061,87.388081,66.376984,105.167192,17.640061,0.356400,54.790300,5.618900,1.001400,52.360301,15.351379,3.026465,158.466626,0.000000,0.000000,true
4096,4096,11,box,cuda_shared_memory_tiled,"NVIDIA GeForce RTX 4070 Laptop GPU",8,8,5,4060086272,1341.527520,1333.139400,1361.132300,10.086773,3.890176,3.889152,3.891200,0.000916,20.142776,20.141752,20.143800,0.000916,0.489300,9.182400,5.556300,1.024600,344.850079,66.600925,3.026465,1043.676742,0.000000,0.000000,true
4096,4096,11,box,cuda_shared_constant_filter,"NVIDIA GeForce RTX 4070 Laptop GPU",8,8,5,4060086272,1341.527520,1333.139400,1361.132300,10.086773,2.229805,2.228064,2.233344,0.001950,18.312505,18.310764,18.316044,0.001950,0.294800,9.072900,5.614200,1.100800,601.634497,73.257456,3.026465,1820.825833,0.000000,0.000000,true
4096,4096,11,box,cuda_multi_output,"NVIDIA GeForce RTX 4070 Laptop GPU",8,8,5,4060086272,1341.527520,1333.139400,1361.132300,10.086773,4.192230,4.192192,4.192256,0.000031,19.795130,19.795092,19.795156,0.000031,0.314400,8.672600,5.529300,1.086600,320.003289,67.770583,3.026465,968.478798,0.000000,0.000000,true
4096,4096,11,box,cuda_register_tiled,"NVIDIA GeForce RTX 4070 Laptop GPU",8,8,5,4060086272,1341.527520,1333.139400,1361.132300,10.086773,3.766272,3.764224,3.768320,0.001295,19.297972,19.295924,19.300020,0.001295,0.314600,8.596300,5.629900,0.990900,356.195064,69.516502,3.026465,1078.011944,0.000000,0.000000,true
4096,4096,11,box,cuda_separable,"NVIDIA GeForce RTX 4070 Laptop GPU",8,8,5,738197504,1341.527520,1333.139400,1361.132300,10.086773,1.201120,1.200128,1.202176,0.000651,18.836620,18.835628,18.837676,0.000651,0.428700,10.236800,5.559400,1.410600,1116.897189,71.219121,0.550266,614.590983,0.000000,0.000000,true
4096,4096,11,box,cuda_naive_global_memory,"NVIDIA GeForce RTX 4070 Laptop GPU",16,16,5,4060086272,1341.527520,1333.139400,1361.132300,10.086773,3.317146,3.315712,3.319808,0.001533,19.341846,19.340412,19.344508,0.001533,0.375500,8.672800,5.599500,1.376900,404.422262,69.358817,3.026465,1223.969876,0.000000,0.000000,true
4096,4096,11,box,cuda_shared_memory_tiled,"NVIDIA GeForce RTX 4070 Laptop GPU",16,16,5,4060086272,1341.527520,1333.139400,1361.132300,10.086773,3.401517,3.397632,3.405824,0.003061,19.304517,19.300632,19.308824,0.003061,0.330300,9.036000,5.496700,1.040000,394.390982,69.492935,3.026465,1193.610557,0.000000,0.000000,true
4096,4096,11,box,cuda_shared_constant_filter,"NVIDIA GeForce RTX 4070 Laptop GPU",16,16,5,4060086272,1341.527520,1333.139400,1361.132300,10.086773,1.716019,1.715200,1.717248,0.000766,17.466419,17.465600,17.467648,0.000766,0.307600,8.922200,5.487300,1.033300,781.767218,76.806099,3.026465,2365.991232,0.000000,0.000000,true
4096,4096,11,box,cuda_multi_output,"NVIDIA GeForce RTX 4070 Laptop GPU",16,16,5,4060086272,1341.527520,1333.139400,1361.132300,10.086773,3.151661,3.150848,3.153920,0.001193,22.226661,22.225848,22.228920,0.001193,0.373200,8.407000,9.267400,1.027400,425.657339,60.356683,3.026465,1288.237098,0.000000,0.000000,true
4096,4096,11,box,cuda_register_tiled,"NVIDIA GeForce RTX 4070 Laptop GPU",16,16,5,4060086272,1341.527520,1333.139400,1361.132300,10.086773,2.365363,2.364416,2.368256,0.001488,17.923763,17.922816,17.926656,0.001488,0.284600,8.906000,5.499400,0.868400,567.154988,74.846309,3.026465,1716.474800,0.000000,0.000000,true
4096,4096,11,box,cuda_separable,"NVIDIA GeForce RTX 4070 Laptop GPU",16,16,5,738197504,1341.527520,1333.139400,1361.132300,10.086773,1.142739,1.140736,1.143808,0.001125,18.398039,18.396036,18.399108,0.001125,0.602900,9.476400,5.550200,1.625800,1173.957732,72.916875,0.550266,645.989482,0.000000,0.000000,true
4096,4096,11,box,cuda_naive_global_memory,"NVIDIA GeForce RTX 4070 Laptop GPU",32,8,5,4060086272,1341.527520,1333.139400,1361.132300,10.086773,3.139174,3.137536,3.141632,0.001389,18.363974,18.362336,18.366432,0.001389,0.363500,8.384000,5.588300,0.889000,427.350419,73.052134,3.026465,1293.361144,0.000000,0.000000,true
4096,4096,11,box,cuda_shared_memory_tiled,"NVIDIA GeForce RTX 4070 Laptop GPU",32,8,5,4060086272,1341.527520,1333.139400,1361.132300,10.086773,3.235226,3.231744,3.237888,0.002475,19.427626,19.424144,19.430288,0.002475,0.293600,8.854600,5.650600,1.393600,414.662733,69.052572,3.026465,1254.962305,0.000000,0.000000,true
4096,4096,11,box,cuda_shared_constant_filter,"NVIDIA GeForce RTX 4070 Laptop GPU",32,8,5,4060086272,1341.527520,1333.139400,1361.132300,10.086773,1.729510,1.727488,1.732512,0.001679,17.377210,17.375188,17.380212,0.001679,0.310000,8.925900,5.486100,0.925700,775.668940,77.200396,3.026465,2347.535007,0.000000,0.000000,true
4096,4096,11,box,cuda_multi_output,"NVIDIA GeForce RTX 4070 Laptop GPU",32,8,5,4060086272,1341.527520,1333.139400,1361.132300,10.086773,3.134829,3.133248,3.138560,0.001931,19.123229,19.121648,19.126960,0.001931,0.371000,8.953200,5.603700,1.060500,427.942826,70.151726,3.026465,1295.154046,0.000000,0.000000,true
4096,4096,11,box,cuda_register_tiled,"NVIDIA GeForce RTX 4070 Laptop GPU",32,8,5,4060086272,1341.527520,1333.139400,1361.132300,10.086773,2.352736,2.351104,2.355200,0.001387,17.835536,17.833904,17.838000,0.001387,0.302400,8.652800,5.558300,0.969300,570.198907,75.216552,3.026465,1725.687113,0.000000,0.000000,true
4096,4096,11,box,cuda_separable,"NVIDIA GeForce RTX 4070 Laptop GPU",32,8,5,738197504,1341.527520,1333.139400,1361.132300,10.086773,1.163642,1.162240,1.166336,0.001521,18.500242,18.498840,18.502936,0.001521,0.438700,9.944900,5.547000,1.406000,1152.870005,72.514054,0.550266,634.385615,0.000000,0.000000,true
4096,4096,11,box,cuda_naive_global_memory,"NVIDIA GeForce RTX 4070 Laptop GPU",32,16,5,4060086272,1341.527520,1333.139400,1361.132300,10.086773,3.127904,3.126336,3.131392,0.001781,18.749904,18.748336,18.753392,0.001781,0.320100,8.523900,5.580200,1.197800,428.890249,71.548501,3.026465,1298.021388,0.000000,0.000000,true
4096,4096,11,box,cuda_shared_memory_tiled,"NVIDIA GeForce RTX 4070 Laptop GPU",32,16,5,4060086272,1341.527520,1333.139400,1361.132300,10.086773,3.200973,3.200000,3.203072,0.001126,18.910273,18.909300,18.912372,0.001126,0.301800,8.788600,5.487100,1.131800,419.099938,70.941733,3.026465,1268.391352,0.000000,0.000000,true
4096,4096,11,box,cuda_shared_constant_filter,"NVIDIA GeForce RTX 4070 Laptop GPU",32,16,5,4060086272,1341.527520,1333.139400,1361.132300,10.086773,1.723942,1.723200,1.725440,0.000870,17.283742,17.283000,17.285240,0.000870,0.337800,8.632700,5.594800,0.994500,778.174213,77.617884,3.026465,2355.117128,0.000000,0.000000,true
4096,4096,11,box,cuda_multi_output,"NVIDIA GeForce RTX 4070 Laptop GPU",32,16,5,4060086272,1341.527520,1333.139400,1361.132300,10.086773,3.097946,3.095424,3.102656,0.002574,19.183946,19.181424,19.188656,0.002574,0.379400,8.889000,5.495600,1.322000,433.037799,69.929698,3.026465,1310.573801,0.000000,0.000000,true
4096,4096,11,box,cuda_register_tiled,"NVIDIA GeForce RTX 4070 Laptop GPU",32,16,5,4060086272,1341.527520,1333.139400,1361.132300,10.086773,2.325619,2.324192,2.327552,0.001083,17.693219,17.691792,17.695152,0.001083,0.288300,8.366200,5.637300,1.075800,576.847439,75.821562,3.026465,1745.808666,0.000000,0.000000,true
4096,4096,11,box,cuda_separable,"NVIDIA GeForce RTX 4070 Laptop GPU",32,16,5,738197504,1341.527520,1333.139400,1361.132300,10.086773,1.209958,1.207296,1.213440,0.002388,18.745958,18.743296,18.749440,0.002388,0.460000,9.999600,5.548800,1.527600,1108.738539,71.563560,0.550266,610.101552,0.000000,0.000000,true
4096,4096,11,gaussian,cuda_naive_global_memory,"NVIDIA GeForce RTX 4070 Laptop GPU",8,8,5,4060086272,1334.079760,1331.278100,1338.468500,2.396201,34.484430,4.605952,43.382786,15.099693,95.993630,66.115152,104.891986,15.099693,0.385200,54.738900,5.581500,0.803600,38.686438,13.897586,3.043361,117.736796,0.000000,0.000000,true
4096,4096,11,gaussian,cuda_shared_memory_tiled,"NVIDIA GeForce RTX 4070 Laptop GPU",8,8,5,4060086272,1334.079760,1331.278100,1338.468500,2.396201,3.890573,3.889152,3.893184,0.001510,20.030573,20.029152,20.033184,0.001510,0.431200,9.139100,5.592600,0.977100,342.900600,66.602177,3.043361,1043.570303,0.000000,0.000000,true
4096,4096,11,gaussian,cuda_shared_constant_filter,"NVIDIA GeForce RTX 4070 Laptop GPU",8,8,5,4060086272,1334.079760,1331.278100,1338.468500,2.396201,2.229843,2.228128,2.232320,0.001683,18.233943,18.232228,18.236420,0.001683,0.350000,8.981400,5.543600,1.129100,598.284103,73.164633,3.043361,1820.794488,0.000000,0.000000,true
4096,4096,11,gaussian,cuda_multi_output,"NVIDIA GeForce RTX 4070 Laptop GPU",8,8,5,4060086272,1334.079760,1331.278100,1338.468500,2.396201,4.460742,4.459520,4.464608,0.001973,20.876442,20.875220,20.880308,0.001973,0.356200,9.043700,5.618500,1.397300,299.071241,63.903597,3.043361,910.181743,0.000000,0.000000,true
4096,4096,11,gaussian,cuda_register_tiled,"NVIDIA GeForce RTX 4070 Laptop GPU",8,8,5,4060086272,1334.079760,1331.278100,1338.468500,2.396201,4.007891,4.005824,4.009824,0.001422,19.819991,19.817924,19.821924,0.001422,0.383400,8.589400,5.574900,1.264400,332.863269,67.309806,3.043361,1013.023082,0.000000,0.000000,true
4096,4096,11,gaussian,cuda_separable,"NVIDIA GeForce RTX 4070 Laptop GPU",8,8,5,738197504,1334.079760,1331.278100,1338.468500,2.396201,1.219987,1.217536,1.221632,0.001386,19.243087,19.240636,19.244732,0.001386,0.428500,10.541200,5.604400,1.449000,1093.519471,69.327741,0.553338,605.086269,0.000000,0.000000,true
4096,4096,11,gaussian,cuda_naive_global_memory,"NVIDIA GeForce RTX 4070 Laptop GPU",16,16,5,4060086272,1334.079760,1331.278100,1338.468500,2.396201,3.528269,3.526528,3.531776,0.002129,19.666569,19.664828,19.670076,0.002129,0.321100,9.068800,5.499500,1.248900,378.111722,67.834902,3.043361,1150.730456,0.000000,0.000000,true
4096,4096,11,gaussian,cuda_shared_memory_tiled,"NVIDIA GeForce RTX 4070 Laptop GPU",16,16,5,4060086272,1334.079760,1331.278100,1338.468500,2.396201,3.618368,3.616768,3.620864,0.001408,19.181368,19.179768,19.183864,0.001408,0.351200,8.693900,5.609000,0.908900,368.696549,69.550814,3.043361,1122.076686,0.000000,0.000000,true
4096,4096,11,gaussian,cuda_shared_constant_filter,"NVIDIA GeForce RTX 4070 Laptop GPU",16,16,5,4060086272,1334.079760,1331.278100,1338.468500,2.396201,1.784147,1.782688,1.786624,0.001312,17.088247,17.086788,17.090724,0.001312,0.288000,8.544500,5.484500,0.987100,747.740863,78.070018,3.043361,2275.645357,0.000000,0.000000,true
4096,4096,11,gaussian,cuda_multi_output,"NVIDIA GeForce RTX 4070 Laptop GPU",16,16,5,4060086272,1334.079760,1331.278100,1338.468500,2.396201,3.281101,3.277824,3.286016,0.002996,18.607201,18.603924,18.612116,0.002996,0.305900,8.606900,5.537700,0.875600,406.595183,71.696962,3.043361,1237.415911,0.000000,0.000000,true
4096,4096,11,gaussian,cuda_register_tiled,"NVIDIA GeForce RTX 4070 Laptop GPU",16,16,5,4060086272,1334.079760,1331.278100,1338.468500,2.396201,2.460416,2.458624,2.462720,0.001817,18.376016,18.374224,18.378320,0.001817,0.308100,8.843800,5.511500,1.252200,542.217168,72.598966,3.043361,1650.162565,0.000000,0.000000,true
4096,4096,11,gaussian,cuda_separable,"NVIDIA GeForce RTX 4070 Laptop GPU",16,16,5,738197504,1334.079760,1331.278100,1338.468500,2.396201,1.144730,1.142784,1.147744,0.001783,18.514130,18.512184,18.517144,0.001783,0.650200,9.592700,5.454600,1.671900,1165.410367,72.057385,0.553338,644.866259,0.000000,0.000000,true
4096,4096,11,gaussian,cuda_naive_global_memory,"NVIDIA GeForce RTX 4070 Laptop GPU",32,8,5,4060086272,1334.079760,1331.278100,1338.468500,2.396201,3.272704,3.270656,3.274752,0.001448,18.660104,18.658056,18.662152,0.001448,0.309500,8.578900,5.533400,0.965600,407.638383,71.493694,3.043361,1240.590745,0.000000,0.000000,true
4096,4096,11,gaussian,cuda_shared_memory_tiled,"NVIDIA GeForce RTX 4070 Laptop GPU",32,8,5,4060086272,1334.079760,1331.278100,1338.468500,2.396201,3.324717,3.316736,3.336192,0.008015,18.890317,18.882336,18.901792,0.008015,0.308800,8.753400,5.541800,0.961600,401.261177,70.622413,3.043361,1221.182605,0.000000,0.000000,true
4096,4096,11,gaussian,cuda_shared_constant_filter,"NVIDIA GeForce RTX 4070 Laptop GPU",32,8,5,4060086272,1334.079760,1331.278100,1338.468500,2.396201,1.774182,1.772544,1.776640,0.001389,17.873382,17.871744,17.875840,0.001389,0.364300,9.019200,5.589200,1.126500,751.940573,74.640587,3.043361,2288.426592,0.000000,0.000000,true
4096,4096,11,gaussian,cuda_multi_output,"NVIDIA GeForce RTX 4070 Laptop GPU",32,8,5,4060086272,1334.079760,1331.278100,1338.468500,2.396201,3.216090,3.214336,3.219328,0.001745,19.236790,19.235036,19.240028,0.001745,0.298000,8.936500,5.522400,1.263800,414.814247,69.350437,3.043361,1262.429490,0.000000,0.000000,true
4096,4096,11,gaussian,cuda_register_tiled,"NVIDIA GeForce RTX 4070 Laptop GPU",32,8,5,4060086272,1334.079760,1331.278100,1338.468500,2.396201,2.414566,2.412544,2.418688,0.002347,17.888266,17.886244,17.892388,0.002347,0.316000,8.619900,5.533900,1.003900,552.513175,74.578482,3.043361,1681.497032,0.000000,0.000000,true
4096,4096,11,gaussian,cuda_separable,"NVIDIA GeForce RTX 4070 Laptop GPU",32,8,5,738197504,1334.079760,1331.278100,1338.468500,2.396201,1.164461,1.163104,1.167360,0.001663,18.282561,18.281204,18.285460,0.001663,0.755500,9.441700,5.536900,1.384000,1145.663066,72.970071,0.553338,633.939320,0.000000,0.000000,true
4096,4096,11,gaussian,cuda_naive_global_memory,"NVIDIA GeForce RTX 4070 Laptop GPU",32,16,5,4060086272,1334.079760,1331.278100,1338.468500,2.396201,3.209216,3.207168,3.212288,0.001832,18.979216,18.977168,18.982288,0.001832,0.299700,8.918600,5.535000,1.016700,415.702698,70.291616,3.043361,1265.133367,0.000000,0.000000,true
4096,4096,11,gaussian,cuda_shared_memory_tiled,"NVIDIA GeForce RTX 4070 Laptop GPU",32,16,5,4060086272,1334.079760,1331.278100,1338.468500,2.396201,3.286342,3.284768,3.290112,0.001944,19.179042,19.177468,19.182812,0.001944,0.303400,8.766400,5.646000,1.176900,405.946668,69.559248,3.043361,1235.442246,0.000000,0.000000,true
4096,4096,11,gaussian,cuda_shared_constant_filter,"NVIDIA GeForce RTX 4070 Laptop GPU",32,16,5,4060086272,1334.079760,1331.278100,1338.468500,2.396201,1.769254,1.767424,1.771520,0.001366,17.152354,17.150524,17.154620,0.001366,0.303700,8.496400,5.562100,1.020900,754.035011,77.778230,3.043361,2294.800723,0.000000,0.000000,true
4096,4096,11,gaussian,cuda_multi_output,"NVIDIA GeForce RTX 4070 Laptop GPU",32,16,5,4060086272,1334.079760,1331.278100,1338.468500,2.396201,3.217741,3.217152,3.219424,0.000847,18.738641,18.738052,18.740324,0.000847,0.312300,8.482300,5.583100,1.143200,414.601372,71.194052,3.043361,1261.781634,0.000000,0.000000,true
4096,4096,11,gaussian,cuda_register_tiled,"NVIDIA GeForce RTX 4070 Laptop GPU",32,16,5,4060086272,1334.079760,1331.278100,1338.468500,2.396201,2.417050,2.414592,2.420736,0.002109,18.520150,18.517692,18.523836,0.002109,0.305200,8.978400,5.489700,1.329800,551.945535,72.033962,3.043361,1679.769498,0.000000,0.000000,true
4096,4096,11,gaussian,cuda_separable,"NVIDIA GeForce RTX 4070 Laptop GPU",32,16,5,738197504,1334.079760,1331.278100,1338.468500,2.396201,1.218970,1.215488,1.221632,0.002206,18.507270,18.503788,18.509932,0.002206,0.658500,9.540000,5.624500,1.465300,1094.432362,72.084094,0.553338,605.591406,0.000000,0.000000,true
4096,4096,11,sharpen,cuda_naive_global_memory,"NVIDIA GeForce RTX 4070 Laptop GPU",8,8,5,4060086272,1335.553260,1330.735200,1344.054900,5.006136,19.861913,4.605952,43.370495,18.449445,81.844813,66.588852,105.353395,18.449445,0.446500,54.858900,5.588900,1.088600,67.241924,16.318117,3.040003,204.415668,0.000001,0.000000,true
4096,4096,11,sharpen,cuda_shared_memory_tiled,"NVIDIA GeForce RTX 4070 Laptop GPU",8,8,5,4060086272,1335.553260,1330.735200,1344.054900,5.006136,3.892371,3.888128,3.898208,0.003413,19.647571,19.643328,19.653408,0.003413,0.354000,8.797900,5.609400,0.993900,343.120731,67.975489,3.040003,1043.088143,0.000001,0.000000,true
4096,4096,11,sharpen,cuda_shared_constant_filter,"NVIDIA GeForce RTX 4070 Laptop GPU",8,8,5,4060086272,1335.553260,1330.735200,1344.054900,5.006136,2.229197,2.227200,2.232160,0.001790,18.838997,18.837000,18.841960,0.001790,0.397200,9.288000,5.502800,1.421800,599.118588,70.893014,3.040003,1821.322464,0.000001,0.000000,true
4096,4096,11,sharpen,cuda_multi_output,"NVIDIA GeForce RTX 4070 Laptop GPU",8,8,5,4060086272,1335.553260,1330.735200,1344.054900,5.006136,4.049305,4.046848,4.050944,0.001533,19.664105,19.661648,19.665744,0.001533,0.389400,8.521500,5.548000,1.155900,329.822801,67.918333,3.040003,1002.662391,0.000001,0.000000,true
4096,4096,11,sharpen,cuda_register_tiled,"NVIDIA GeForce RTX 4070 Laptop GPU",8,8,5,4060086272,1335.553260,1330.735200,1344.054900,5.006136,3.640275,3.637280,3.643360,0.002008,25.126175,25.123180,25.129260,0.002008,0.361100,8.581600,11.309600,1.233600,366.882499,53.153862,3.040003,1115.323995,0.000001,0.000000,true
4096,4096,11,sharpen,cuda_naive_global_memory,"NVIDIA GeForce RTX 4070 Laptop GPU",16,16,5,4060086272,1335.553260,1330.735200,1344.054900,5.006136,3.205638,3.202048,3.214336,0.004446,19.561638,19.558048,19.570336,0.004446,0.444900,8.861900,5.666500,1.382700,416.626297,68.274100,3.040003,1266.545304,0.000001,0.000000,true
4096,4096,11,sharpen,cuda_shared_memory_tiled,"NVIDIA GeForce RTX 4070 Laptop GPU",16,16,5,4060086272,1335.553260,1330.735200,1344.054900,5.006136,3.285786,3.283840,3.292160,0.003214,19.498886,19.496940,19.505260,0.003214,0.378400,8.927500,5.613100,1.294100,406.463912,68.493825,3.040003,1235.651619,0.000001,0.000000,true
4096,4096,11,sharpen,cuda_shared_constant_filter,"NVIDIA GeForce RTX 4070 Laptop GPU",16,16,5,4060086272,1335.553260,1330.735200,1344.054900,5.006136,1.750381,1.748992,1.752864,0.001303,18.077481,18.076092,18.079964,0.001303,0.371600,8.966900,5.489800,1.498800,763.007271,73.879390,3.040003,2319.544594,0.000001,0.000000,true
4096,4096,11,sharpen,cuda_multi_output,"NVIDIA GeForce RTX 4070 Laptop GPU",16,16,5,4060086272,1335.553260,1330.735200,1344.054900,5.006136,3.215757,3.214272,3.218432,0.001545,19.454957,19.453472,19.457632,0.001545,0.361100,8.620800,5.568400,1.688900,415.315387,68.648483,3.040003,1262.560134,0.000001,0.000000,true
4096,4096,11,sharpen,cuda_register_tiled,"NVIDIA GeForce RTX 4070 Laptop GPU",16,16,5,4060086272,1335.553260,1330.735200,1344.054900,5.006136,2.413363,2.412544,2.415616,0.001194,17.677063,17.676244,17.679316,0.001194,0.300400,8.496200,5.466400,1.000700,553.399194,75.552893,3.040003,1682.335357,0.000001,0.000000,true
4096,4096,11,sharpen,cuda_naive_global_memory,"NVIDIA GeForce RTX 4070 Laptop GPU",32,8,5,4060086272,1335.553260,1330.735200,1344.054900,5.006136,3.203072,3.202048,3.205120,0.001295,24.057772,24.056748,24.059820,0.001295,0.239600,9.047100,10.771500,0.796500,416.960103,55.514420,3.040003,1267.560074,0.000001,0.000000,true
4096,4096,11,sharpen,cuda_shared_memory_tiled,"NVIDIA GeForce RTX 4070 Laptop GPU",32,8,5,4060086272,1335.553260,1330.735200,1344.054900,5.006136,3.320627,3.317760,3.323904,0.002542,18.996527,18.993660,18.999804,0.002542,0.241500,9.013000,5.625100,0.796300,402.199095,70.305127,3.040003,1222.686563,0.000001,0.000000,true
4096,4096,11,sharpen,cuda_shared_constant_filter,"NVIDIA GeForce RTX 4070 Laptop GPU",32,8,5,4060086272,1335.553260,1330.735200,1344.054900,5.006136,1.774144,1.772544,1.777632,0.001785,17.281644,17.280044,17.285132,0.001785,0.233700,8.781200,5.486100,1.006500,752.787394,77.281609,3.040003,2288.476135,0.000001,0.000000,true
4096,4096,11,sharpen,cuda_multi_output,"NVIDIA GeForce RTX 4070 Laptop GPU",32,8,5,4060086272,1335.553260,1330.735200,1344.054900,5.006136,3.216742,3.214336,3.223456,0.003440,18.307642,18.305236,18.314356,0.003440,0.243200,8.635600,5.535100,0.677000,415.188139,72.950587,3.040003,1262.173299,0.000001,0.000000,true
4096,4096,11,sharpen,cuda_register_tiled,"NVIDIA GeForce RTX 4070 Laptop GPU",32,8,5,4060086272,1335.553260,1330.735200,1344.054900,5.006136,2.414368,2.412544,2.415616,0.001175,18.209768,18.207944,18.211016,0.001175,0.274900,8.967300,5.462800,1.090400,553.168885,73.342684,3.040003,1681.635217,0.000001,0.000000,true
4096,4096,11,sharpen,cuda_naive_global_memory,"NVIDIA GeForce RTX 4070 Laptop GPU",32,16,5,4060086272,1335.553260,1330.735200,1344.054900,5.006136,3.208992,3.207072,3.212288,0.002004,18.599992,18.598072,18.603288,0.002004,0.285800,8.625500,5.538500,0.941200,416.190897,71.803970,3.040003,1265.221685,0.000001,0.000000,true
4096,4096,11,sharpen,cuda_shared_memory_tiled,"NVIDIA GeForce RTX 4070 Laptop GPU",32,16,5,4060086272,1335.553260,1330.735200,1344.054900,5.006136,3.286790,3.283968,3.291136,0.002809,18.971590,18.968768,18.975936,0.002809,0.246400,8.953300,5.679000,0.806100,406.339647,70.397538,3.040003,1235.273855,0.000001,0.000000,true
4096,4096,11,sharpen,cuda_shared_constant_filter,"NVIDIA GeForce RTX 4070 Laptop GPU",32,16,5,4060086272,1335.553260,1330.735200,1344.054900,5.006136,1.769651,1.767424,1.772544,0.001642,17.554751,17.552524,17.557644,0.001642,0.267700,9.019200,5.498900,0.999300,754.698588,76.079304,3.040003,2294.286171,0.000001,0.000000,true
4096,4096,11,sharpen,cuda_multi_output,"NVIDIA GeForce RTX 4070 Laptop GPU",32,16,5,4060086272,1335.553260,1330.735200,1344.054900,5.006136,3.216794,3.215360,3.218432,0.001044,18.694894,18.693460,18.696532,0.001044,0.246200,8.831300,5.593500,0.807100,415.181529,71.439469,3.040003,1262.153205,0.000001,0.000000,true
4096,4096,11,sharpen,cuda_register_tiled,"NVIDIA GeForce RTX 4070 Laptop GPU",32,16,5,4060086272,1335.553260,1330.735200,1344.054900,5.006136,2.416026,2.414592,2.417664,0.001044,18.015626,18.014192,18.017264,0.001044,0.278800,8.715100,5.597400,1.008300,552.789357,74.133049,3.040003,1680.481452,0.000001,0.000000,true
4096,4096,11,sobel,cuda_naive_global_memory,"NVIDIA GeForce RTX 4070 Laptop GPU",8,8,5,4060086272,1336.953420,1333.665000,1344.813800,3.989524,32.602931,4.606976,43.364353,15.162625,93.990031,65.994076,104.751453,15.162625,0.358500,54.672900,5.585100,0.770600,41.007154,14.224417,3.036820,124.531328,0.000000,0.000000,true
4096,4096,11,sobel,cuda_shared_memory_tiled,"NVIDIA GeForce RTX 4070 Laptop GPU",8,8,5,4060086272,1336.953420,1333.665000,1344.813800,3.989524,3.891187,3.889152,3.895296,0.002148,20.479487,20.477452,20.483596,0.002148,0.441000,9.482000,5.618000,1.047300,343.584962,65.282563,3.036820,1043.405527,0.000000,0.000000,true
4096,4096,11,sobel,cuda_shared_constant_filter,"NVIDIA GeForce RTX 4070 Laptop GPU",8,8,5,4060086272,1336.953420,1333.665000,1344.813800,3.989524,2.229235,2.227200,2.232256,0.001691,17.956635,17.954600,17.959656,0.001691,0.313400,8.884400,5.537400,0.992200,599.736362,74.454563,3.036820,1821.291103,0.000000,0.000000,true
4096,4096,11,sobel,cuda_multi_output,"NVIDIA GeForce RTX 4070 Laptop GPU",8,8,5,4060086272,1336.953420,1333.665000,1344.813800,3.989524,4.399264,4.398080,4.400128,0.000970,20.393864,20.392680,20.394728,0.000970,0.316600,8.998400,5.680000,0.999600,303.903895,65.556651,3.036820,922.901286,0.000000,0.000000,true
4096,4096,11,sobel,cuda_register_tiled,"NVIDIA GeForce RTX 4070 Laptop GPU",8,8,5,4060086272,1336.953420,1333.665000,1344.813800,3.989524,3.954042,3.951616,3.956736,0.001776,19.481042,19.478616,19.483736,0.001776,0.295800,8.637000,5.531700,1.062500,338.123250,68.628436,3.036820,1026.819293,0.000000,0.000000,true
4096,4096,11,sobel,cuda_naive_global_memory,"NVIDIA GeForce RTX 4070 Laptop GPU",16,16,5,4060086272,1336.953420,1333.665000,1344.813800,3.989524,3.482624,3.479552,3.485696,0.002048,34.066024,34.062952,34.069096,0.002048,17.161600,7.054300,5.527900,0.839600,383.892547,39.245948,3.036820,1165.812390,0.000000,0.000000,true
4096,4096,11,sobel,cuda_shared_memory_tiled,"NVIDIA GeForce RTX 4070 Laptop GPU",16,16,5,4060086272,1336.953420,1333.665000,1344.813800,3.989524,3.570368,3.567424,3.575552,0.002941,19.584168,19.581224,19.589352,0.002941,0.332200,9.074000,5.464900,1.142700,374.458156,68.267052,3.036820,1137.161847,0.000000,0.000000,true
4096,4096,11,sobel,cuda_shared_constant_filter,"NVIDIA GeForce RTX 4070 Laptop GPU",16,16,5,4060086272,1336.953420,1333.665000,1344.813800,3.989524,1.901158,1.899520,1.902592,0.001044,22.928358,22.926720,22.929792,0.001044,0.327800,8.661800,10.697900,1.339700,703.230936,58.310037,3.036820,2135.585447,0.000000,0.000000,true
4096,4096,11,sobel,cuda_multi_output,"NVIDIA GeForce RTX 4070 Laptop GPU",16,16,5,4060086272,1336.953420,1333.665000,1344.813800,3.989524,3.494291,3.492864,3.495936,0.001226,19.064191,19.062764,19.065836,0.001226,0.292100,8.652300,5.641500,0.984000,382.610772,70.129040,3.036820,1161.919868,0.000000,0.000000,true
4096,4096,11,sobel,cuda_register_tiled,"NVIDIA GeForce RTX 4070 Laptop GPU",16,16,5,4060086272,1336.953420,1333.665000,1344.813800,3.989524,2.623046,2.621440,2.625376,0.001617,18.704246,18.702640,18.706576,0.001617,0.300900,9.116600,5.663000,1.000700,509.694928,71.478604,3.036820,1547.851517,0.000000,0.000000,true
4096,4096,11,sobel,cuda_naive_global_memory,"NVIDIA GeForce RTX 4070 Laptop GPU",32,8,5,4060086272,1336.953420,1333.665000,1344.813800,3.989524,3.302150,3.288064,3.323904,0.012068,19.254050,19.239964,19.275804,0.012068,0.299900,8.898700,5.626700,1.126600,404.873571,69.437515,3.036820,1229.527971,0.000000,0.000000,true
4096,4096,11,sobel,cuda_shared_memory_tiled,"NVIDIA GeForce RTX 4070 Laptop GPU",32,8,5,4060086272,1336.953420,1333.665000,1344.813800,3.989524,3.410099,3.406720,3.414016,0.002882,19.323699,19.320320,19.327616,0.002882,0.281600,9.013600,5.584700,1.033700,392.057049,69.187240,3.036820,1190.606509,0.000000,0.000000,true
4096,4096,11,sobel,cuda_shared_constant_filter,"NVIDIA GeForce RTX 4070 Laptop GPU",32,8,5,4060086272,1336.953420,1333.665000,1344.813800,3.989524,1.835782,1.835008,1.838016,0.001166,17.969182,17.968408,17.971416,0.001166,0.339500,9.037800,5.660900,1.095200,728.274438,74.402574,3.036820,2211.638046,0.000000,0.000000,true
4096,4096,11,sobel,cuda_multi_output,"NVIDIA GeForce RTX 4070 Laptop GPU",32,8,5,4060086272,1336.953420,1333.665000,1344.813800,3.989524,3.308954,3.306496,3.314688,0.002939,19.326854,19.324396,19.332588,0.002939,0.310300,8.945000,5.628600,1.134000,404.041160,69.175948,3.036820,1227.000090,0.000000,0.000000,true
4096,4096,11,sobel,cuda_register_tiled,"NVIDIA GeForce RTX 4070 Laptop GPU",32,8,5,4060086272,1336.953420,1333.665000,1344.813800,3.989524,2.482790,2.481152,2.485248,0.001389,18.429990,18.428352,18.432448,0.001389,0.270800,9.108100,5.494500,1.073800,538.488220,72.542274,3.036820,1635.291548,0.000000,0.000000,true
4096,4096,11,sobel,cuda_naive_global_memory,"NVIDIA GeForce RTX 4070 Laptop GPU",32,16,5,4060086272,1336.953420,1333.665000,1344.813800,3.989524,3.089203,3.087360,3.093504,0.002281,18.343803,18.341960,18.348104,0.002281,0.305300,8.446400,5.518500,0.984400,432.782620,72.883110,3.036820,1314.282718,0.000000,0.000000,true
4096,4096,11,sobel,cuda_shared_memory_tiled,"NVIDIA GeForce RTX 4070 Laptop GPU",32,16,5,4060086272,1336.953420,1333.665000,1344.813800,3.989524,3.162061,3.160064,3.166208,0.002552,19.006161,19.004164,19.010308,0.002552,0.275300,8.886000,5.534100,1.148700,422.810790,70.343161,3.036820,1284.000071,0.000000,0.000000,true
4096,4096,11,sobel,cuda_shared_constant_filter,"NVIDIA GeForce RTX 4070 Laptop GPU",32,16,5,4060086272,1336.953420,1333.665000,1344.813800,3.989524,1.703514,1.701856,1.704960,0.001390,16.858514,16.856856,16.859960,0.001390,0.289600,8.398900,5.511900,0.954600,784.821102,79.304347,3.036820,2383.360060,0.000000,0.000000,true
4096,4096,11,sobel,cuda_multi_output,"NVIDIA GeForce RTX 4070 Laptop GPU",32,16,5,4060086272,1336.953420,1333.665000,1344.813800,3.989524,3.097581,3.095552,3.100672,0.001714,19.314981,19.312952,19.318072,0.001714,0.693300,8.888300,5.629100,1.006700,431.612126,69.218470,3.036820,1310.728138,0.000000,0.000000,true
4096,4096,11,sobel,cuda_register_tiled,"NVIDIA GeForce RTX 4070 Laptop GPU",32,16,5,4060086272,1336.953420,1333.665000,1344.813800,3.989524,2.325869,2.324480,2.327552,0.001066,17.760969,17.759580,17.762652,0.001066,0.298300,8.610800,5.541600,0.984400,574.818921,75.274802,3.036820,1745.621332,0.000000,0.000000,true
